,0,1,2,3,4,5,6,7,8,9,10,11,12,13,14,15,16,17,18,19,20,21,22,23,24,25,26,27,28,29,30,31,32,33,34,35,36,37,38,39,40,41,42,43,44
0,0.0,0.0,0.0,0.0,0.0,0.0,0.0,0.0,0.0,0.0,0.0,0.0,0.0,0.0,0.0,0.0,0.0,0.0,0.0,0.0,0.0,0.0,0.0,0.0,0.0,0.0,0.0,0.0,0.0,0.0,0.0,0.0,0.0,0.0,0.0,0.0,0.0,0.0,0.0,0.0,0.0,0.0,0.0,0.0,0.0
1,6.0,6.0,0.0,0.0,0.0,0.0,0.0,0.0,0.0,0.0,0.0,0.0,0.0,0.0,0.0,0.0,0.0,0.0,0.0,0.0,0.0,0.0,0.0,0.0,0.0,0.0,0.0,0.0,0.0,0.0,0.0,0.0,0.0,0.0,0.0,0.0,0.0,0.0,0.0,0.0,0.0,0.0,0.0,0.0,0.0
2,12.0,24.0,12.0,0.0,0.0,0.0,0.0,0.0,0.0,0.0,0.0,0.0,0.0,0.0,0.0,0.0,0.0,0.0,0.0,0.0,0.0,0.0,0.0,0.0,0.0,0.0,0.0,0.0,0.0,0.0,0.0,0.0,0.0,0.0,0.0,0.0,0.0,0.0,0.0,0.0,0.0,0.0,0.0,0.0,0.0
3,24.0,72.0,72.0,24.0,0.0,0.0,0.0,0.0,0.0,0.0,0.0,0.0,0.0,0.0,0.0,0.0,0.0,0.0,0.0,0.0,0.0,0.0,0.0,0.0,0.0,0.0,0.0,0.0,0.0,0.0,0.0,0.0,0.0,0.0,0.0,0.0,0.0,0.0,0.0,0.0,0.0,0.0,0.0,0.0,0.0
4,42.0,192.0,288.0,192.0,42.0,0.0,0.0,0.0,0.0,0.0,0.0,0.0,0.0,0.0,0.0,0.0,0.0,0.0,0.0,0.0,0.0,0.0,0.0,0.0,0.0,0.0,0.0,0.0,0.0,0.0,0.0,0.0,0.0,0.0,0.0,0.0,0.0,0.0,0.0,0.0,0.0,0.0,0.0,0.0,0.0
5,78.0,456.0,960.0,960.0,456.0,78.0,0.0,0.0,0.0,0.0,0.0,0.0,0.0,0.0,0.0,0.0,0.0,0.0,0.0,0.0,0.0,0.0,0.0,0.0,0.0,0.0,0.0,0.0,0.0,0.0,0.0,0.0,0.0,0.0,0.0,0.0,0.0,0.0,0.0,0.0,0.0,0.0,0.0,0.0,0.0
6,144.0,1032.0,2808.0,3840.0,2808.0,1032.0,144.0,0.0,0.0,0.0,0.0,0.0,0.0,0.0,0.0,0.0,0.0,0.0,0.0,0.0,0.0,0.0,0.0,0.0,0.0,0.0,0.0,0.0,0.0,0.0,0.0,0.0,0.0,0.0,0.0,0.0,0.0,0.0,0.0,0.0,0.0,0.0,0.0,0.0,0.0
7,264.0,2256.0,7560.0,13248.0,13248.0,7560.0,2256.0,264.0,0.0,0.0,0.0,0.0,0.0,0.0,0.0,0.0,0.0,0.0,0.0,0.0,0.0,0.0,0.0,0.0,0.0,0.0,0.0,0.0,0.0,0.0,0.0,0.0,0.0,0.0,0.0,0.0,0.0,0.0,0.0,0.0,0.0,0.0,0.0,0.0,0.0
8,486.0,4800.0,19200.0,41280.0,52824.0,41280.0,19200.0,4800.0,486.0,0.0,0.0,0.0,0.0,0.0,0.0,0.0,0.0,0.0,0.0,0.0,0.0,0.0,0.0,0.0,0.0,0.0,0.0,0.0,0.0,0.0,0.0,0.0,0.0,0.0,0.0,0.0,0.0,0.0,0.0,0.0,0.0,0.0,0.0,0.0,0.0
9,894.0,10032.0,46656.0,119424.0,187224.0,187224.0,119424.0,46656.0,10032.0,894.0,0.0,0.0,0.0,0.0,0.0,0.0,0.0,0.0,0.0,0.0,0.0,0.0,0.0,0.0,0.0,0.0,0.0,0.0,0.0,0.0,0.0,0.0,0.0,0.0,0.0,0.0,0.0,0.0,0.0,0.0,0.0,0.0,0.0,0.0,0.0
10,1644.0,20664.0,109656.0,326400.0,608304.0,745080.0,608304.0,326400.0,109656.0,20664.0,1644.0,0.0,0.0,0.0,0.0,0.0,0.0,0.0,0.0,0.0,0.0,0.0,0.0,0.0,0.0,0.0,0.0,0.0,0.0,0.0,0.0,0.0,0.0,0.0,0.0,0.0,0.0,0.0,0.0,0.0,0.0,0.0,0.0,0.0,0.0
11,3024.0,42072.0,251016.0,853248.0,1848000.0,2689488.0,2689488.0,1848000.0,853248.0,251016.0,42072.0,3024.0,0.0,0.0,0.0,0.0,0.0,0.0,0.0,0.0,0.0,0.0,0.0,0.0,0.0,0.0,0.0,0.0,0.0,0.0,0.0,0.0,0.0,0.0,0.0,0.0,0.0,0.0,0.0,0.0,0.0,0.0,0.0,0.0,0.0
12,5562.0,84864.0,562464.0,2152128.0,5322288.0,8998464.0,10690176.0,8998464.0,5322288.0,2152128.0,562464.0,84864.0,5562.0,0.0,0.0,0.0,0.0,0.0,0.0,0.0,0.0,0.0,0.0,0.0,0.0,0.0,0.0,0.0,0.0,0.0,0.0,0.0,0.0,0.0,0.0,0.0,0.0,0.0,0.0,0.0,0.0,0.0,0.0,0.0,0.0
13,10230.0,169848.0,1238400.0,5271360.0,14677416.0,28330368.0,39093120.0,39093120.0,28330368.0,14677416.0,5271360.0,1238400.0,169848.0,10230.0,0.0,0.0,0.0,0.0,0.0,0.0,0.0,0.0,0.0,0.0,0.0,0.0,0.0,0.0,0.0,0.0,0.0,0.0,0.0,0.0,0.0,0.0,0.0,0.0,0.0,0.0,0.0,0.0,0.0,0.0,0.0
14,18816.0,337704.0,2686776.0,12599808.0,39047400.0,84858408.0,133669680.0,155253504.0,133669680.0,84858408.0,39047400.0,12599808.0,2686776.0,337704.0,18816.0,0.0,0.0,0.0,0.0,0.0,0.0,0.0,0.0,0.0,0.0,0.0,0.0,0.0,0.0,0.0,0.0,0.0,0.0,0.0,0.0,0.0,0.0,0.0,0.0,0.0,0.0,0.0,0.0,0.0,0.0
15,34608.0,667680.0,5756616.0,29500608.0,100788096.0,243828888.0,432428880.0,573315456.0,573315456.0,432428880.0,243828888.0,100788096.0,29500608.0,5756616.0,667680.0,34608.0,0.0,0.0,0.0,0.0,0.0,0.0,0.0,0.0,0.0,0.0,0.0,0.0,0.0,0.0,0.0,0.0,0.0,0.0,0.0,0.0,0.0,0.0,0.0,0.0,0.0,0.0,0.0,0.0,0.0
16,63654.0,1313664.0,12201984.0,67860288.0,253538472.0,676384896.0,1335439488.0,1993376448.0,2275383720.0,1993376448.0,1335439488.0,676384896.0,253538472.0,67860288.0,12201984.0,1313664.0,63654.0,0.0,0.0,0.0,0.0,0.0,0.0,0.0,0.0,0.0,0.0,0.0,0.0,0.0,0.0,0.0,0.0,0.0,0.0,0.0,0.0,0.0,0.0,0.0,0.0,0.0,0.0,0.0,0.0
17,117078.0,2573664.0,25623168.0,153728256.0,623797176.0,1820562312.0,3964335360.0,6587941056.0,8466432720.0,8466432720.0,6587941056.0,3964335360.0,1820562312.0,623797176.0,153728256.0,25623168.0,2573664.0,117078.0,0.0,0.0,0.0,0.0,0.0,0.0,0.0,0.0,0.0,0.0,0.0,0.0,0.0,0.0,0.0,0.0,0.0,0.0,0.0,0.0,0.0,0.0,0.0,0.0,0.0,0.0,0.0
18,215340.0,5023320.0,53367192.0,343626240.0,1505426400.0,4773890328.0,11374630320.0,20848949760.0,29830314312.0,33584927832.0,29830314312.0,20848949760.0,11374630320.0,4773890328.0,1505426400.0,343626240.0,53367192.0,5023320.0,215340.0,0.0,0.0,0.0,0.0,0.0,0.0,0.0,0.0,0.0,0.0,0.0,0.0,0.0,0.0,0.0,0.0,0.0,0.0,0.0,0.0,0.0,0.0,0.0,0.0,0.0,0.0
19,396072.0,9772008.0,110349000.0,759112704.0,3572054400.0,12235492896.0,31684518480.0,63554364864.0,100301366784.0,125725238808.0,125725238808.0,100301366784.0,63554364864.0,31684518480.0,12235492896.0,3572054400.0,759112704.0,110349000.0,9772008.0,396072.0,0.0,0.0,0.0,0.0,0.0,0.0,0.0,0.0,0.0,0.0,0.0,0.0,0.0,0.0,0.0,0.0,0.0,0.0,0.0,0.0,0.0,0.0,0.0,0.0,0.0
20,728490.0,18953280.0,226704672.0,1659549888.0,8349678336.0,30734739072.0,85994897664.0,187499127360.0,323850300864.0,447776156544.0,498532431264.0,447776156544.0,323850300864.0,187499127360.0,85994897664.0,30734739072.0,8349678336.0,1659549888.0,226704672.0,18953280.0,728490.0,0.0,0.0,0.0,0.0,0.0,0.0,0.0,0.0,0.0,0.0,0.0,0.0,0.0,0.0,0.0,0.0,0.0,0.0,0.0,0.0,0.0,0.0,0.0,0.0
21,1339902.0,36662568.0,463065408.0,3594376896.0,19258725000.0,75836504112.0,228095856384.0,537455595264.0,1009158828960.0,1527147373656.0,1875524546688.0,1875524546688.0,1527147373656.0,1009158828960.0,537455595264.0,228095856384.0,75836504112.0,19258725000.0,3594376896.0,463065408.0,36662568.0,1339902.0,0.0,0.0,0.0,0.0,0.0,0.0,0.0,0.0,0.0,0.0,0.0,0.0,0.0,0.0,0.0,0.0,0.0,0.0,0.0,0.0,0.0,0.0,0.0
22,2464464.0,70747464.0,940941432.0,7720012032.0,43892927832.0,184159816008.0,592752412848.0,1501711999488.0,3047586773472.0,5013934172232.0,6739678368936.0,7434514283520.0,6739678368936.0,5013934172232.0,3047586773472.0,1501711999488.0,592752412848.0,184159816008.0,43892927832.0,7720012032.0,940941432.0,70747464.0,2464464.0,0.0,0.0,0.0,0.0,0.0,0.0,0.0,0.0,0.0,0.0,0.0,0.0,0.0,0.0,0.0,0.0,0.0,0.0,0.0,0.0,0.0,0.0
23,4532856.0,136221168.0,1902982152.0,16456059840.0,98965849920.0,440841326376.0,1512392345040.0,4101267335808.0,8950317736704.0,15916604237088.0,23261193495384.0,28084890991488.0,28084890991488.0,23261193495384.0,15916604237088.0,8950317736704.0,4101267335808.0,1512392345040.0,440841326376.0,98965849920.0,16456059840.0,1902982152.0,136221168.0,4532856.0,0.0,0.0,0.0,0.0,0.0,0.0,0.0,0.0,0.0,0.0,0.0,0.0,0.0,0.0,0.0,0.0,0.0,0.0,0.0,0.0,0.0
24,8337222.0,261762624.0,3832157952.0,34837836096.0,220974586104.0,1041700948416.0,3795590662656.0,10973477002944.0,25637477942712.0,49032288487296.0,77460254939904.0,101684314611840.0,111297484048248.0,101684314611840.0,77460254939904.0,49032288487296.0,25637477942712.0,10973477002944.0,3795590662656.0,1041700948416.0,220974586104.0,34837836096.0,3832157952.0,261762624.0,8337222.0,0.0,0.0,0.0,0.0,0.0,0.0,0.0,0.0,0.0,0.0,0.0,0.0,0.0,0.0,0.0,0.0,0.0,0.0,0.0,0.0
25,15334542.0,502080144.0,7686869184.0,73292201856.0,489044573976.0,2432748360120.0,9384178282368.0,28822237648704.0,71803666117488.0,147032840589312.0,249825817348992.0,354523859667456.0,421909437500904.0,421909437500904.0,354523859667456.0,249825817348992.0,147032840589312.0,71803666117488.0,28822237648704.0,9384178282368.0,2432748360120.0,489044573976.0,73292201856.0,7686869184.0,502080144.0,15334542.0,0.0,0.0,0.0,0.0,0.0,0.0,0.0,0.0,0.0,0.0,0.0,0.0,0.0,0.0,0.0,0.0,0.0,0.0,0.0
26,28204620.0,961402104.0,15363632088.0,153311999232.0,1073587371792.0,5620779599544.0,22887720893232.0,74441050262784.0,197051415469752.0,430319250430200.0,782908522525704.0,1194999714315264.0,1537399453385952.0,1671602046948024.0,1537399453385952.0,1194999714315264.0,782908522525704.0,430319250430200.0,197051415469752.0,74441050262784.0,22887720893232.0,5620779599544.0,1073587371792.0,153311999232.0,15363632088.0,961402104.0,28204620.0,0.0,0.0,0.0,0.0,0.0,0.0,0.0,0.0,0.0,0.0,0.0,0.0,0.0,0.0,0.0,0.0,0.0,0.0
27,51876384.0,1838063352.0,30605591304.0,319013319936.0,2339384594496.0,12859858360560.0,55132835190480.0,189341151404736.0,530855154187008.0,1231957099536168.0,2390563640456664.0,3907338197712384.0,5407099828660608.0,6355695153569568.0,6355695153569568.0,5407099828660608.0,3907338197712384.0,2390563640456664.0,1231957099536168.0,530855154187008.0,189341151404736.0,55132835190480.0,12859858360560.0,2339384594496.0,319013319936.0,30605591304.0,1838063352.0,51876384.0,0.0,0.0,0.0,0.0,0.0,0.0,0.0,0.0,0.0,0.0,0.0,0.0,0.0,0.0,0.0,0.0,0.0
28,95415546.0,3509051136.0,60782709024.0,660594022080.0,5062893905616.0,29158375916736.0,131301155778432.0,474886940191296.0,1406158741318224.0,3456860404101696.0,7129185625911840.0,1.2428983460442992e+16,1.84188422242012e+16,2.3288213699373624e+16,2.5176310927710704e+16,2.3288213699373624e+16,1.841884222420121e+16,1.2428983460442992e+16,7129185625911840.0,3456860404101696.0,1406158741318224.0,474886940191296.0,131301155778432.0,29158375916736.0,5062893905616.0,660594022080.0,60782709024.0,3509051136.0,95415546.0,0.0,0.0,0.0,0.0,0.0,0.0,0.0,0.0,0.0,0.0,0.0,0.0,0.0,0.0,0.0,0.0
29,175496550.0,6690178776.0,120373125888.0,1361796944448.0,10888227619944.0,65566926494688.0,309437521222272.0,1175830588222080.0,3667467525324480.0,9523441853620496.0,2.080791059366499e+16,3.855773697829363e+16,6.095032215704784e+16,8.252909146610944e+16,9.5972037011689e+16,9.5972037011689e+16,8.25290914661094e+16,6.095032215704786e+16,3.855773697829363e+16,2.0807910593665e+16,9523441853620496.0,3667467525324480.0,1175830588222080.0,309437521222272.0,65566926494688.0,10888227619944.0,1361796944448.0,120373125888.0,6690178776.0,175496550.0,0.0,0.0,0.0,0.0,0.0,0.0,0.0,0.0,0.0,0.0,0.0,0.0,0.0,0.0,0.0
30,322788480.0,12739279464.0,237758816952.0,2795654403072.0,23279825872968.0,146309686161768.0,722227763274288.0,2877050075694336.0,9429980338589700.0,2.5797958378352936e+16,5.954585287064709e+16,1.169090634053423e+17,1.96438155110578e+17,2.8373406319527264e+17,3.533586975050926e+17,3.8010235672230566e+17,3.533586975050925e+17,2.8373406319527264e+17,1.9643815511057792e+17,1.1690906340534227e+17,5.954585287064707e+16,2.5797958378352936e+16,9429980338589704.0,2877050075694336.0,722227763274288.0,146309686161768.0,23279825872968.0,2795654403072.0,237758816952.0,12739279464.0,322788480.0,0.0,0.0,0.0,0.0,0.0,0.0,0.0,0.0,0.0,0.0,0.0,0.0,0.0,0.0
31,593700576.0,24229663296.0,468467797320.0,5717085855936.0,49504857272064.0,324168638761272.0,1670644880573520.0,6962862815607168.0,2.393013391206715e+16,6.880703860982934e+16,1.6734004925674134e+17,3.471107578592915e+17,6.179992307426317e+17,9.488690967636742e+17,1.260600025048242e+18,1.452227126765996e+18,1.4522271267659955e+18,1.2606000250482427e+18,9.488690967636736e+17,6.179992307426321e+17,3.4711075785929146e+17,1.673400492567414e+17,6.880703860982933e+16,2.393013391206715e+16,6962862815607168.0,1670644880573520.0,324168638761272.0,49504857272064.0,5717085855936.0,468467797320.0,24229663296.0,593700576.0,0.0,0.0,0.0,0.0,0.0,0.0,0.0,0.0,0.0,0.0,0.0,0.0,0.0
32,1091985606.0,46033923840.0,920936085504.0,11649302101824.0,104742791553864.0,713503447070976.0,3832495668752256.0,1.6680668674635472e+16,5.999207367188477e+16,1.8090402134152435e+17,4.624708958539864e+17,1.0108708546787181e+18,1.9015955019683592e+18,3.0938605639182065e+18,4.36937261024698e+18,5.369716092709929e+18,5.750776315753086e+18,5.369716092709928e+18,4.36937261024698e+18,3.0938605639182054e+18,1.9015955019683592e+18,1.0108708546787178e+18,4.6247089585398605e+17,1.8090402134152438e+17,5.999207367188478e+16,1.6680668674635468e+16,3832495668752256.0,713503447070976.0,104742791553864.0,11649302101824.0,920936085504.0,46033923840.0,1091985606.0,0.0,0.0,0.0,0.0,0.0,0.0,0.0,0.0,0.0,0.0,0.0,0.0
33,2008474662.0,87370809024.0,1806548790528.0,23657114012160.0,220574451323256.0,1560787560903144.0,8724025080654336.0,3.95854326786135e+16,1.4870869640562394e+17,4.6933984525731405e+17,1.258484315691218e+18,2.8918282550796365e+18,5.732860050206616e+18,9.855549291718556e+18,1.4749601079526486e+19,1.926950061472655e+19,2.201535701976821e+19,2.201535701976821e+19,1.926950061472655e+19,1.4749601079526488e+19,9.855549291718552e+18,5.732860050206619e+18,2.8918282550796355e+18,1.2584843156912184e+18,4.6933984525731405e+17,1.48708696405624e+17,3.958543267861352e+16,8724025080654336.0,1560787560903144.0,220574451323256.0,23657114012160.0,1806548790528.0,87370809024.0,2008474662.0,0.0,0.0,0.0,0.0,0.0,0.0,0.0,0.0,0.0,0.0,0.0
34,3694160844.0,165668294808.0,3536700024600.0,47890924950528.0,462459121741248.0,3394614647620440.0,1.9715831252678856e+16,9.31179310881024e+16,3.6476478113444326e+17,1.2027036086965204e+18,3.3757831456761426e+18,8.137094868847691e+18,1.6959649220362494e+19,3.072763009200668e+19,4.859307091356232e+19,6.727571741954136e+19,8.171068589639657e+19,8.716885839295888e+19,8.171068589639655e+19,6.7275717419541365e+19,4.859307091356229e+19,3.0727630092006683e+19,1.6959649220362494e+19,8.137094868847688e+18,3.3757831456761436e+18,1.2027036086965197e+18,3.6476478113444314e+17,9.31179310881024e+16,1.9715831252678856e+16,3394614647620440.0,462459121741248.0,47890924950528.0,3536700024600.0,165668294808.0,3694160844.0,0.0,0.0,0.0,0.0,0.0,0.0,0.0,0.0,0.0,0.0
35,6794621112.0,313849671048.0,6910790282568.0,96662646460416.0,965602843656960.0,7343375054184000.0,4.425677537904413e+16,2.172498549847045e+17,8.859921440264022e+17,3.046691571938906e+18,8.935087840830332e+18,2.254740462593426e+19,4.93004732917404e+19,9.391610613368558e+19,1.565340737956226e+20,2.2900942527435443e+20,2.9476572055018734e+20,3.342945010209589e+20,3.3429450102095905e+20,2.9476572055018737e+20,2.2900942527435447e+20,1.5653407379562257e+20,9.391610613368558e+19,4.93004732917404e+19,2.254740462593426e+19,8.93508784083033e+18,3.046691571938907e+18,8.859921440264018e+17,2.1724985498470458e+17,4.425677537904414e+16,7343375054184000.0,965602843656960.0,96662646460416.0,6910790282568.0,313849671048.0,6794621112.0,0.0,0.0,0.0,0.0,0.0,0.0,0.0,0.0,0.0
36,12497256618.0,594067259328.0,13479884495136.0,194560635789504.0,2008352023828896.0,1.5805358667969776e+16,9.87177923966285e+16,5.029702005999666e+17,2.1323776348947297e+18,7.635328777168132e+18,2.3356693970502287e+19,6.159025224685163e+19,1.4099630495239045e+20,2.8179515230809948e+20,4.938574856173524e+20,7.615282765771325e+20,1.0358127236430181e+21,1.2449245386797042e+21,1.323472387695932e+21,1.244924538679705e+21,1.0358127236430181e+21,7.615282765771322e+20,4.938574856173524e+20,2.817951523080994e+20,1.4099630495239047e+20,6.159025224685163e+19,2.3356693970502296e+19,7.63532877716813e+18,2.13237763489473e+18,5.029702005999666e+17,9.871779239662843e+16,1.5805358667969776e+16,2008352023828896.0,194560635789504.0,13479884495136.0,594067259328.0,12497256618.0,0.0,0.0,0.0,0.0,0.0,0.0,0.0,0.0
37,22986038574.0,1123574251656.0,26249286870720.0,390582054386112.0,4161948597753672.0,3.3856988871466104e+16,2.1889198285281594e+17,1.1560826916496924e+18,5.088228241882935e+18,1.89432977378491e+19,6.034829243311212e+19,1.6600770310965723e+20,3.971608221977461e+20,8.311215966629442e+20,1.5282469512679223e+21,2.4779653818002456e+21,3.552574011147442e+21,4.5121619318490163e+21,5.083584489762128e+21,5.083584489762128e+21,4.5121619318490163e+21,3.552574011147442e+21,2.477965381800246e+21,1.5282469512679231e+21,8.311215966629444e+20,3.971608221977461e+20,1.660077031096572e+20,6.034829243311212e+19,1.894329773784909e+19,5.088228241882936e+18,1.1560826916496922e+18,2.1889198285281594e+17,3.385698887146611e+16,4161948597753672.0,390582054386112.0,26249286870720.0,1123574251656.0,22986038574.0,0.0,0.0,0.0,0.0,0.0,0.0,0.0
38,42277916304.0,2123435336328.0,51034280602104.0,782158659982080.0,8595281211769272.0,7.220180919609802e+16,4.826541005529244e+17,2.639296549565835e+18,1.2043852452026812e+19,4.6556853697245405e+19,1.5423372030760714e+20,4.418942699390904e+20,1.1029598526513557e+21,2.4123074981048846e+21,4.6447188121462883e+21,7.902079722368961e+21,1.191299304391408e+22,1.5948684787074566e+22,1.8988719246306275e+22,2.012384882882069e+22,1.8988719246306275e+22,1.5948684787074566e+22,1.191299304391408e+22,7.902079722368961e+21,4.644718812146287e+21,2.4123074981048856e+21,1.1029598526513558e+21,4.4189426993909046e+20,1.5423372030760718e+20,4.655685369724538e+19,1.2043852452026812e+19,2.639296549565835e+18,4.8265410055292454e+17,7.220180919609795e+16,8595281211769272.0,782158659982080.0,51034280602104.0,2123435336328.0,42277916304.0,0.0,0.0,0.0,0.0,0.0,0.0
39,77761211496.0,4010188512528.0,99073305004680.0,1562649834658752.0,1.7693482648103584e+16,1.533253150207979e+17,1.0586532360368225e+18,5.987044489508664e+18,2.829232799046739e+19,1.1341203106590319e+20,3.90161976448239e+20,1.1625744124473947e+21,3.0225898508468963e+21,6.897453619264577e+21,1.3880878652538288e+22,2.4729621239838963e+22,3.911946260313656e+22,5.507311503013622e+22,6.9116237433407076e+22,7.740774487917784e+22,7.740774487917786e+22,6.911623743340711e+22,5.507311503013622e+22,3.911946260313656e+22,2.4729621239838976e+22,1.3880878652538296e+22,6.897453619264579e+21,3.022589850846897e+21,1.1625744124473948e+21,3.901619764482387e+20,1.1341203106590319e+20,2.8292327990467387e+19,5.987044489508663e+18,1.0586532360368224e+18,1.5332531502079782e+17,1.7693482648103588e+16,1562649834658752.0,99073305004680.0,4010188512528.0,77761211496.0,0.0,0.0,0.0,0.0,0.0
40,143025166374.0,7568242946496.0,192059403197184.0,3115064062972224.0,3.631056483823293e+16,3.242999473176887e+17,2.3105280209534423e+18,1.3499558761710514e+19,6.5988242285751435e+19,2.7397305344908506e+20,9.77522204057757e+20,3.02512492195821e+21,8.180513026682382e+21,1.9446504841474306e+22,4.08351353887565e+22,7.604275091165131e+22,1.2597044364672946e+23,1.8609035350388185e+23,2.4559282602197086e+23,2.8993101310560114e+23,3.063975435161718e+23,2.899310131056011e+23,2.4559282602197082e+23,1.860903535038819e+23,1.2597044364672944e+23,7.604275091165128e+22,4.08351353887565e+22,1.944650484147431e+22,8.180513026682382e+21,3.0251249219582097e+21,9.77522204057757e+20,2.7397305344908506e+20,6.5988242285751435e+19,1.349955876171052e+19,2.310528020953442e+18,3.2429994731768864e+17,3.631056483823293e+16,3115064062972224.0,192059403197184.0,7568242946496.0,143025166374.0,0.0,0.0,0.0,0.0
41,263064294174.0,14273967460848.0,371817870897984.0,6196705108962432.0,7.43001459779498e+16,6.833452817963763e+17,5.019105446944017e+18,3.026594655690105e+19,1.528739165225492e+20,6.5665375311851e+20,2.426981409533831e+21,7.790529894186444e+21,2.188202771316725e+22,5.4108115593989345e+22,1.1836815697715048e+23,2.3000957952494256e+23,3.982888037005078e+23,6.161726616686832e+23,8.533212123653179e+23,1.0593739355568777e+24,1.1800969488469629e+24,1.1800969488469632e+24,1.0593739355568777e+24,8.533212123653184e+23,6.161726616686831e+23,3.982888037005079e+23,2.3000957952494253e+23,1.1836815697715048e+23,5.410811559398934e+22,2.188202771316725e+22,7.790529894186443e+21,2.426981409533829e+21,6.5665375311851e+20,1.5287391652254912e+20,3.0265946556901052e+19,5.019105446944023e+18,6.83345281796376e+17,7.430014597794976e+16,6196705108962432.0,371817870897984.0,14273967460848.0,263064294174.0,0.0,0.0,0.0
42,483850672044.0,26904656096568.0,718902247612248.0,1.2302388725997296e+16,1.516171796857727e+17,1.4347612755780956e+18,1.0854440456430641e+19,6.749160384242476e+19,3.519081765225333e+20,1.562192297158113e+21,5.9742887189489e+21,1.986775964449567e+22,5.788901394124444e+22,1.48692822133466e+23,3.383807801810704e+23,6.850474009877295e+23,1.2378814400940034e+24,2.0018867301278563e+24,2.9034192714560517e+24,3.782443094702334e+24,4.4310128715733334e+24,4.67070328466149e+24,4.431012871573334e+24,3.782443094702333e+24,2.9034192714560517e+24,2.001886730127857e+24,1.2378814400940034e+24,6.8504740098773e+23,3.3838078018107024e+23,1.4869282213346606e+23,5.788901394124445e+22,1.986775964449566e+22,5.974288718948899e+21,1.5621922971581135e+21,3.519081765225333e+20,6.749160384242475e+19,1.0854440456430641e+19,1.4347612755780956e+18,1.516171796857729e+17,1.2302388725997296e+16,718902247612248.0,26904656096568.0,483850672044.0,0.0,0.0
43,889940132592.0,50682269192088.0,1388293631740296.0,2.437786355135616e+16,3.085811949222903e+17,3.002233717573224e+18,2.3375166200093057e+19,1.4973689892788103e+20,8.051966524037767e+20,3.690425512583087e+21,1.4587795157260243e+22,5.020244098580275e+22,1.5155744672429284e+23,4.038629131611087e+23,9.547698868267833e+23,2.0108585827350213e+24,3.785853451979315e+24,6.389196919028663e+24,9.686897682104854e+24,1.3216492796536246e+25,1.62471953384852e+25,1.8010371035442407e+25,1.8010371035442403e+25,1.6247195338485203e+25,1.3216492796536237e+25,9.686897682104863e+24,6.389196919028666e+24,3.7858534519793155e+24,2.010858582735021e+24,9.547698868267833e+23,4.038629131611088e+23,1.5155744672429287e+23,5.020244098580275e+22,1.4587795157260247e+22,3.6904255125830867e+21,8.051966524037764e+20,1.49736898927881e+20,2.3375166200093057e+19,3.002233717573223e+18,3.085811949222904e+17,2.437786355135617e+16,1388293631740296.0,50682269192088.0,889940132592.0,0.0
44,1636855098810.0,95420653279872.0,2677872021642528.0,4.821910369321134e+16,6.264819913839227e+17,6.261929105958932e+18,5.013727141797786e+19,3.3060160834033956e+20,1.8318390989244845e+21,8.660103086042355e+21,3.53479633923813e+22,1.2575105867413254e+23,3.928979378032529e+23,1.0848711440983858e+24,2.6609477812734617e+24,5.822286927916769e+24,1.140419167948874e+25,2.0053375436682756e+25,3.17293348259478e+25,4.525540006074814e+25,5.826506130608624e+25,6.77778844350431e+25,7.1277803957155085e+25,6.77778844350431e+25,5.8265061306086235e+25,4.5255400060748105e+25,3.1729334825947797e+25,2.005337543668276e+25,1.140419167948874e+25,5.822286927916771e+24,2.66094778127346e+24,1.084871144098386e+24,3.928979378032526e+23,1.2575105867413257e+23,3.534796339238131e+22,8.660103086042354e+21,1.8318390989244837e+21,3.306016083403393e+20,5.013727141797785e+19,6.26192910595893e+18,6.26481991383923e+17,4.821910369321133e+16,2677872021642528.0,95420653279872.0,1636855098810.0
45,3010645903446.0,179554998963768.0,5159630993053824.0,9.521312751435072e+16,1.2688714358938655e+18,1.302082974348228e+19,1.0713001851747779e+20,7.265795018307545e+20,4.14487394505382e+21,2.01940237580338e+22,8.503222195487483e+22,3.123986730147197e+23,1.009096129681317e+24,2.8839212521891233e+24,7.330175703143253e+24,1.6641446811449202e+25,3.3865531337987262e+25,6.1956512922894e+25,1.0214446491898727e+26,1.5204424900058827e+26,2.0464139178965034e+26,2.4931818256349855e+26,2.7514288471168816e+26,2.7514288471168813e+26,2.4931818256349852e+26,2.0464139178965037e+26,1.5204424900058833e+26,1.0214446491898722e+26,6.195651292289399e+25,3.386553133798728e+25,1.6641446811449202e+25,7.33017570314325e+24,2.883921252189123e+24,1.0090961296813172e+24,3.1239867301471975e+23,8.503222195487491e+22,2.019402375803381e+22,4.1448739450538196e+21,7.265795018307548e+20,1.0713001851747782e+20,1.3020829743482278e+19,1.2688714358938652e+18,9.521312751435075e+16,5159630993053824.0,179554998963768.0
46,5537441134848.0,337700505049512.0,9930921801501260.0,1.876994925470162e+17,2.564157653767222e+18,2.699599170893326e+19,2.280792560667482e+20,1.5898668766371848e+21,9.33019239250478e+21,4.68072704295604e+22,2.0314545051158293e+23,7.700199618683197e+23,2.568898007210244e+24,7.590842056938765e+24,1.997123134891859e+25,4.698733817761972e+25,9.921771150991935e+25,1.885959520534064e+26,3.235050081512692e+26,5.017669819988465e+26,7.04822800769427e+26,8.977018655248386e+26,1.037577832242659e+27,1.0888295284616077e+27,1.0375778322426593e+27,8.977018655248387e+26,7.048228007694268e+26,5.017669819988464e+26,3.235050081512694e+26,1.8859595205340645e+26,9.921771150991932e+25,4.698733817761974e+25,1.9971231348918584e+25,7.590842056938765e+24,2.568898007210243e+24,7.700199618683197e+23,2.0314545051158276e+23,4.680727042956037e+22,9.330192392504784e+21,1.5898668766371856e+21,2.280792560667481e+20,2.6995991708933263e+19,2.5641576537672223e+18,1.876994925470164e+17,9930921801501256.0
47,10184942137104.0,634825921832544.0,1.909514166916809e+16,3.694451606504542e+17,5.170526695896349e+18,5.581473818744039e+19,4.8390327792190285e+20,3.464402190875627e+21,2.0899379943088964e+22,1.0787527199817882e+23,4.8215135404330636e+23,1.88391304736296e+24,6.485118836122361e+24,1.9793364613240702e+25,5.38466253939552e+25,1.3114306867294219e+26,2.8699588341606982e+26,5.660818111308646e+26,1.0089213604557622e+27,1.6282138844397924e+27,2.3832232260642973e+27,3.167949184775749e+27,3.8279212304175135e+27,4.207156344575598e+27,4.2071563445755975e+27,3.8279212304175146e+27,3.16794918477575e+27,2.3832232260642973e+27,1.6282138844397918e+27,1.0089213604557615e+27,5.660818111308649e+26,2.8699588341606982e+26,1.3114306867294219e+26,5.384662539395521e+25,1.97933646132407e+25,6.485118836122361e+24,1.8839130473629597e+24,4.821513540433064e+23,1.0787527199817879e+23,2.089937994308897e+22,3.4644021908756266e+21,4.839032779219028e+20,5.58147381874404e+19,5.170526695896351e+18,3.69445160650454e+17
48,18733029175398.0,1192821194394240.0,3.668069862197438e+16,7.260849136825527e+17,1.0404703006947131e+19,1.1509126419040707e+20,1.0232894150844863e+21,7.519171367215936e+21,4.659511665846227e+22,2.4726751399498656e+23,1.1372344816456663e+24,4.576612577093964e+24,1.6241516679518892e+25,5.1153761826228254e+25,1.437497154197011e+26,3.620304808663439e+26,8.201805240408918e+26,1.6766960492973312e+27,3.1010506323604813e+27,5.200025418525497e+27,7.919578186856515e+27,1.096979904835387e+28,1.383407593264639e+28,1.5895537930865776e+28,1.6648025666966828e+28,1.589553793086578e+28,1.3834075932646376e+28,1.0969799048353867e+28,7.919578186856516e+27,5.200025418525501e+27,3.101050632360482e+27,1.6766960492973307e+27,8.201805240408916e+26,3.62030480866344e+26,1.4374971541970109e+26,5.11537618262283e+25,1.6241516679518883e+25,4.576612577093963e+24,1.1372344816456665e+24,2.4726751399498653e+23,4.65951166584623e+22,7.519171367215936e+21,1.0232894150844862e+21,1.1509126419040707e+20,1.0404703006947125e+19
49,34455412447350.0,2240279737977888.0,7.039656733312384e+16,1.424962353051418e+18,2.0896260702815842e+19,2.3671781309405485e+20,2.157098081898966e+21,1.6257894458714583e+22,1.034201999546411e+23,5.638440646989034e+23,2.6664592159093275e+24,1.1043302532800946e+25,4.036831033580281e+25,1.3108529561502787e+26,3.801585892960079e+26,9.890565209974161e+26,2.3171826586985042e+27,4.9040969112009714e+27,9.400945180728513e+27,1.6359053191190762e+28,2.588857597056708e+28,3.7312691419433815e+28,4.903400813748489e+28,5.880215230708293e+28,6.438462202067619e+28,6.438462202067622e+28,5.880215230708292e+28,4.903400813748489e+28,3.7312691419433815e+28,2.588857597056708e+28,1.6359053191190762e+28,9.400945180728513e+27,4.9040969112009714e+27,2.3171826586985036e+27,9.890565209974166e+26,3.8015858929600804e+26,1.3108529561502788e+26,4.036831033580282e+25,1.104330253280095e+25,2.6664592159093296e+24,5.638440646989036e+23,1.034201999546411e+23,1.6257894458714581e+22,2.1570980818989665e+21,2.367178130940549e+20
50,63373383759852.0,4205748503994072.0,1.3498366234277507e+17,2.79269908623596e+18,4.188785209575761e+19,4.856937969164862e+20,4.5334927809552864e+21,3.5025516948973557e+22,2.2856819038155883e+23,1.2793827776200557e+24,6.216663287217096e+24,2.6476598540573705e+25,9.96129661682146e+25,3.332156688443059e+26,9.963934089405118e+26,2.675447316973977e+27,6.475564331034277e+27,1.4173319518974628e+28,2.8129049709447276e+28,5.073572574240408e+28,8.332311189487952e+28,1.2478904681318893e+29,1.70638101236293e+29,2.1323869744053495e+29,2.4368487250811854e+29,2.5475982373125564e+29,2.4368487250811858e+29,2.1323869744053505e+29,1.7063810123629302e+29,1.2478904681318884e+29,8.332311189487952e+28,5.073572574240408e+28,2.8129049709447276e+28,1.4173319518974617e+28,6.475564331034281e+27,2.675447316973977e+27,9.963934089405118e+26,3.332156688443062e+26,9.961296616821467e+25,2.64765985405737e+25,6.216663287217098e+24,1.2793827776200565e+24,2.2856819038155876e+23,3.5025516948973557e+22,4.5334927809552853e+21
51,116561825382600.0,7892342971405608.0,2.586082790142715e+17,5.466058492904033e+18,8.381515809299264e+19,9.942190863493874e+20,9.50044310229939e+21,7.519678704629329e+22,5.0309892786628156e+23,2.889265479199585e+24,1.4415456298480385e+25,6.309012478194806e+25,2.441168264829477e+26,8.405356908610632e+26,2.589345167192211e+27,7.169322574810065e+27,1.7909884493734805e+28,4.049948700587955e+28,8.312770041385015e+28,1.5523524183368058e+29,2.6425684433842526e+29,4.107226165053404e+29,5.836041004537845e+29,7.588791869745457e+29,9.037181972542229e+29,9.860769937811276e+29,9.860769937811273e+29,9.037181972542226e+29,7.588791869745459e+29,5.836041004537842e+29,4.1072261650534054e+29,2.642568443384252e+29,1.5523524183368058e+29,8.312770041385015e+28,4.049948700587954e+28,1.79098844937348e+28,7.16932257481006e+27,2.5893451671922094e+27,8.405356908610628e+26,2.4411682648294773e+26,6.309012478194807e+25,1.4415456298480387e+25,2.889265479199586e+24,5.030989278662815e+23,7.51967870462933e+22
52,214390621589802.0,1.4804618514907984e+16,4.950508935057133e+17,1.0685058346815689e+19,1.6741880565119713e+20,2.030633995091486e+21,1.985433864847228e+22,1.6090616205620123e+23,1.103048642474513e+24,6.495454605297321e+24,3.3254617845561357e+25,1.4945679070475264e+26,5.943216613962976e+26,2.1047439974408143e+27,6.674429778160815e+27,1.903964456685447e+28,4.9047914415164675e+28,1.1448056930547882e+29,2.4277770046197285e+29,4.689011665981964e+29,8.2644820667264e+29,1.3314739766418007e+30,1.963459754267261e+30,2.6530945074777465e+30,3.2876212006463506e+30,3.7381781676860724e+30,3.901541971749405e+30,3.738178167686071e+30,3.28762120064635e+30,2.653094507477743e+30,1.9634597542672606e+30,1.3314739766418013e+30,8.2644820667264e+29,4.689011665981963e+29,2.427777004619728e+29,1.1448056930547888e+29,4.90479144151647e+28,1.9039644566854475e+28,6.674429778160816e+27,2.1047439974408135e+27,5.943216613962977e+26,1.4945679070475259e+26,3.3254617845561352e+25,6.495454605297322e+24,1.1030486424745135e+24
53,394325830732254.0,2.7760272476666936e+16,9.469288143193317e+17,2.0861894730347344e+19,3.338592345763128e+20,4.138574295120288e+21,4.138253639777628e+22,3.432139366276663e+23,2.4094131673199473e+24,1.4539544359675576e+25,7.633526837096141e+25,3.520759291058477e+26,1.437851192900677e+27,5.233565191678736e+27,1.7071195606741413e+28,5.013233340652578e+28,1.3306405028830101e+29,3.202877684264933e+29,7.011165347625544e+29,1.399133386522129e+30,2.55055417262129e+30,4.254620899364717e+30,6.503597242533223e+30,9.120335248036387e+30,1.1744141910196859e+31,1.3895413728341799e+31,1.511297031935356e+31,1.5112970319353562e+31,1.3895413728341808e+31,1.1744141910196854e+31,9.120335248036387e+30,6.503597242533225e+30,4.2546208993647177e+30,2.550554172621291e+30,1.3991333865221292e+30,7.011165347625543e+29,3.202877684264933e+29,1.3306405028830101e+29,5.0132333406525785e+28,1.7071195606741422e+28,5.233565191678735e+27,1.437851192900677e+27,3.520759291058478e+26,7.633526837096143e+25,1.4539544359675584e+25
54,725278277704656.0,5.203453728590934e+16,1.8099139517732628e+18,4.0684154868431405e+19,6.647043661395735e+20,8.417373067864609e+21,8.603504699461816e+22,7.298481534128005e+23,5.244094240695693e+24,3.241081373501377e+25,1.7439711059348284e+26,8.24950106275989e+26,3.457747254766113e+27,1.2926613830547186e+28,4.334001745130236e+28,1.30925040387248e+29,3.577664471238069e+29,8.873233388593132e+29,2.003174565952755e+30,4.1264496281210673e+30,7.772521623495669e+30,1.3410368219732449e+31,2.1225212374674266e+31,3.085460973624488e+31,4.12346793439105e+31,5.0698860885249265e+31,5.737872059482669e+31,5.979346176189022e+31,5.73787205948267e+31,5.069886088524926e+31,4.123467934391049e+31,3.0854609736244885e+31,2.122521237467427e+31,1.341036821973245e+31,7.772521623495667e+30,4.126449628121066e+30,2.0031745659527545e+30,8.873233388593133e+29,3.5776644712380714e+29,1.309250403872481e+29,4.334001745130233e+28,1.2926613830547192e+28,3.457747254766112e+27,8.2495010627599e+26,1.7439711059348274e+26
55,1333994730026712.0,9.750054138830282e+16,3.45687720209608e+18,7.925211182281962e+19,1.321376272996772e+21,1.7086145678105247e+22,1.7843253813865428e+23,1.5474926850854498e+24,1.1374582747170583e+25,7.19616159289906e+25,3.966245110844417e+26,1.92303612776819e+27,8.267427161351296e+27,3.172383614221061e+28,1.092520837300074e+29,3.392576147016878e+29,9.536983084921156e+29,2.4352813693635778e+30,5.665100878063455e+30,1.2035628258892349e+31,2.340221418190478e+31,4.172126296555077e+31,6.8301619958982e+31,1.028076667807261e+32,1.4242462916972546e+32,1.817428368569443e+32,2.137461697796728e+32,2.3178054165834125e+32,2.3178054165834136e+32,2.1374616977967276e+32,1.8174283685694434e+32,1.4242462916972552e+32,1.028076667807261e+32,6.830161995898201e+31,4.172126296555077e+31,2.3402214181904786e+31,1.2035628258892346e+31,5.665100878063454e+30,2.4352813693635795e+30,9.536983084921152e+29,3.3925761470168775e+29,1.092520837300074e+29,3.1723836142210605e+28,8.267427161351296e+27,1.923036127768191e+27
56,2453598838463622.0,1.8263133007098483e+17,6.597919907520261e+18,1.542157031449868e+20,2.6229054556870033e+21,3.4616752580085766e+22,3.6919368858699196e+23,3.271923959266811e+24,2.4590404812932184e+25,1.59167071092917e+26,8.981033198662946e+26,4.460744832181502e+27,1.9658455206130566e+28,7.737801677369545e+28,2.7353766475755567e+29,8.725391547596166e+29,2.521491456058504e+30,6.624026663324766e+30,1.5865565949414043e+31,3.473400950821186e+31,6.965635904942363e+31,1.2819651717442283e+32,2.168611309123949e+32,3.376344991970212e+32,4.84328009165519e+32,6.4066930767863754e+32,7.820151515865467e+32,8.812199244531458e+32,9.169819955200563e+32,8.812199244531457e+32,7.820151515865466e+32,6.406693076786375e+32,4.8432800916551885e+32,3.376344991970213e+32,2.1686113091239495e+32,1.2819651717442281e+32,6.9656359049423615e+31,3.473400950821185e+31,1.5865565949414046e+31,6.624026663324764e+30,2.5214914560585025e+30,8.725391547596161e+29,2.7353766475755578e+29,7.737801677369549e+28,1.9658455206130566e+28
57,4512871846194990.0,3.419808040990519e+17,1.258456442383336e+19,2.997752495876551e+20,5.199012246653196e+21,7.000585351645252e+22,7.621753521052973e+23,6.899274724658639e+24,5.299282604490178e+25,3.507618204782281e+26,2.0251399844174203e+27,1.029849488672124e+28,4.649733005246165e+28,1.8762489652380484e+29,6.804158343344645e+29,2.2280545864685764e+30,6.614412492629515e+30,1.7863602844209966e+31,4.401982797270889e+31,9.922921767482846e+31,2.0506817227831057e+32,3.892636985186779e+32,6.797902818776761e+32,1.0936561469021131e+33,1.6227489009418725e+33,2.2227183467802898e+33,2.8124961771489884e+33,3.289303980010457e+33,3.556905839437263e+33,3.556905839437263e+33,3.289303980010458e+33,2.8124961771489884e+33,2.2227183467802893e+33,1.6227489009418728e+33,1.093656146902113e+33,6.797902818776767e+32,3.89263698518678e+32,2.050681722783104e+32,9.922921767482843e+31,4.40198279727089e+31,1.7863602844209964e+31,6.614412492629515e+30,2.2280545864685773e+30,6.804158343344642e+29,1.8762489652380487e+29
58,8300465414685324.0,6.401641629431199e+17,2.398765595913819e+19,5.821416155259084e+20,1.0291145513071714e+22,1.4132454505135735e+23,1.5700469168380489e+24,1.4510212897472426e+25,1.1385247266589045e+26,7.70264415536339e+26,4.5481722108370214e+27,2.366833789978365e+28,1.0942037354938384e+29,4.5238448518206286e+29,1.6819658962244063e+30,5.650423737836473e+30,1.7220868433517281e+31,4.77801851370358e+31,1.2104861830259408e+32,2.8074624523217977e+32,5.9741952365503175e+32,1.168666886111847e+33,2.105052486132956e+33,3.496258544114323e+33,5.360711085214936e+33,7.595202107860663e+33,9.951539007251004e+33,1.2065125347778346e+34,1.354082306911511e+34,1.4071408260536363e+34,1.3540823069115107e+34,1.2065125347778344e+34,9.951539007251002e+33,7.595202107860663e+33,5.360711085214935e+33,3.4962585441143234e+33,2.1050524861329555e+33,1.168666886111847e+33,5.974195236550316e+32,2.807462452321799e+32,1.2104861830259411e+32,4.77801851370358e+31,1.7220868433517286e+31,5.650423737836469e+30,1.681965896224406e+30
59,1.5266936099343936e+16,1.1979781587719027e+18,4.569469396749457e+19,1.1293866032437251e+21,2.0343827239595636e+22,2.8481564882588615e+23,3.2274693386241526e+24,3.0440812627300184e+25,2.4388869273319935e+26,1.6857530337595204e+27,1.0175105112889415e+28,5.415840827365527e+28,2.5623974204998602e+29,1.0848422713641875e+30,4.1328932790584564e+30,1.4235457952551525e+31,4.451258538224958e+31,1.2679623742076405e+32,3.300296952403464e+32,7.869681499509963e+32,1.7230609227870182e+33,3.4708180837351545e+33,6.442894321182428e+33,1.1037541147174867e+34,1.7471650923120428e+34,2.558030435905099e+34,3.4669337106266273e+34,4.352455047851835e+34,5.063834653533892e+34,5.461577672068746e+34,5.461577672068746e+34,5.0638346535338935e+34,4.352455047851832e+34,3.4669337106266273e+34,2.558030435905099e+34,1.7471650923120424e+34,1.1037541147174867e+34,6.442894321182432e+33,3.4708180837351534e+33,1.7230609227870188e+33,7.869681499509966e+32,3.300296952403464e+32,1.2679623742076405e+32,4.451258538224961e+31,1.423545795255152e+31
60,2.808027336022429e+16,2.2411908702114483e+18,8.699242326223598e+19,2.1890331368732594e+21,4.016501352792976e+22,5.730591137863294e+23,6.621191968435244e+24,6.3707494231552805e+25,5.209688571363112e+26,3.6773045192562436e+27,2.2679023245824627e+28,1.2340714872789585e+29,5.972477427612355e+29,2.5879675517928185e+30,1.0096894175314806e+31,3.5637800694284692e+31,1.1426166963959556e+32,3.339517108686524e+32,8.924437180911961e+32,2.1864375436678882e+33,4.922048785579023e+33,1.0201605919811976e+34,1.9500653718387484e+34,3.4429234635073387e+34,5.621445935507038e+34,8.497074737714905e+34,1.1900620811376644e+35,1.5454377235632062e+35,1.8618593654497466e+35,2.0817052505739334e+35,2.160557965263731e+35,2.0817052505739345e+35,1.861859365449746e+35,1.5454377235632062e+35,1.1900620811376637e+35,8.497074737714907e+34,5.621445935507038e+34,3.4429234635073387e+34,1.9500653718387486e+34,1.0201605919811974e+34,4.9220487855790237e+33,2.1864375436678874e+33,8.92443718091196e+32,3.339517108686525e+32,1.142616696395956e+32
61,5.164767487425354e+16,4.191654285367378e+18,1.6551740118092002e+20,4.2390800308683004e+21,7.92006414395708e+22,1.1511959662380436e+24,1.3557070367559913e+25,1.330191646771718e+26,1.1098065855268393e+27,7.996477299045208e+27,5.036780498843844e+28,2.8006522894015427e+29,1.3857960178652688e+30,6.142863304842465e+30,2.4530959245514413e+31,8.867609606645156e+31,2.9135794917872576e+32,8.731934950256728e+32,2.394346699043312e+33,6.022979438048751e+33,1.3931178263945185e+34,2.9688582201298903e+34,5.839468834990517e+34,1.0616789846166332e+35,1.786526408530924e+35,2.7854614622915743e+35,4.0276607443734906e+35,5.4050506251743816e+35,6.735838996207033e+35,7.798596826533075e+35,8.390697117692501e+35,8.390697117692509e+35,7.798596826533073e+35,6.735838996207036e+35,5.4050506251743816e+35,4.02766074437349e+35,2.7854614622915754e+35,1.7865264085309247e+35,1.0616789846166334e+35,5.839468834990516e+34,2.9688582201298903e+34,1.3931178263945187e+34,6.022979438048749e+33,2.3943466990433113e+33,8.731934950256728e+32
62,9.499488433382157e+16,7.837414013847736e+18,3.1474649336523784e+20,8.201884119724872e+21,1.559887317782574e+23,2.3090694777884004e+24,2.7706430316681944e+25,2.771168468481303e+26,2.3579817832359034e+27,1.7336061617385074e+28,1.1147603243069407e+29,6.33121330770681e+29,3.2015010244459805e+30,1.451056494451318e+31,5.92823541505937e+31,2.1936106474007215e+32,7.381990710920115e+32,2.2673050238497648e+33,6.37539178663441e+33,1.6456152615216883e+34,3.908306105090581e+34,8.557987227901081e+34,1.730798824686877e+35,3.238025091835704e+35,5.611088169471513e+35,9.016499110762665e+35,1.344826508219437e+36,1.8632611491987886e+36,2.3995759883980818e+36,2.873813402389853e+36,3.201799758897368e+36,3.3191707608466885e+36,3.201799758897369e+36,2.873813402389853e+36,2.399575988398082e+36,1.8632611491987886e+36,1.3448265082194373e+36,9.016499110762673e+35,5.611088169471513e+35,3.238025091835704e+35,1.730798824686877e+35,8.557987227901078e+34,3.9083061050905786e+34,1.6456152615216883e+34,6.375391786634413e+33
63,1.747228325682994e+17,1.4650238706761863e+19,5.981927924647917e+20,1.5855899311018237e+22,3.068730934594329e+23,4.624716293476431e+24,5.652079786083956e+25,5.760635919551493e+26,4.997251179650499e+27,3.747411261584883e+28,2.4590272188663824e+29,1.4258851549470513e+30,7.365230822693951e+30,3.4117438522438376e+31,1.4253009436478984e+32,5.3959172206064016e+32,1.8588565605985805e+33,5.84787577586245e+33,1.6852634486633625e+34,4.460950488456239e+34,1.0871778069167005e+35,2.4444515876520088e+35,5.0798414977278006e+35,9.772047834294349e+35,1.7425107909225412e+36,2.8835327414502894e+36,4.4326450028358506e+36,6.335026051108386e+36,8.423139878756801e+36,1.0424855878652739e+37,1.2014536552721252e+37,1.2897261587265462e+37,1.289726158726546e+37,1.2014536552721257e+37,1.0424855878652739e+37,8.423139878756806e+36,6.335026051108387e+36,4.432645002835852e+36,2.8835327414502923e+36,1.7425107909225412e+36,9.772047834294358e+35,5.0798414977278006e+35,2.444451587652009e+35,1.0871778069167007e+35,4.460950488456232e+34
64,3.213653917763749e+17,2.737819833625012e+19,1.1362976827633266e+21,3.0627761682157773e+22,6.030341475531384e+23,9.249427916353028e+24,1.1510004645449346e+26,1.1950023615639439e+27,1.0564706076868712e+28,8.077660684612186e+28,5.406911711420504e+29,3.199703621366091e+30,1.6875732420945342e+31,7.985832034499829e+31,3.4098815213290196e+32,1.320121703867679e+33,4.653113227912501e+33,1.4985962273244668e+34,4.423744226432027e+34,1.200162907091084e+35,2.9996286370094826e+35,6.921104790426373e+35,1.4769114207793805e+36,2.9194066713119494e+36,5.352982405500516e+36,9.115414362986529e+36,1.443045281277241e+37,2.1255968247887793e+37,2.9153392045054477e+37,3.7252334948518817e+37,4.436749867590876e+37,4.926724498793472e+37,5.101687203581714e+37,4.926724498793471e+37,4.436749867590875e+37,3.7252334948518817e+37,2.9153392045054477e+37,2.125596824788779e+37,1.4430452812772407e+37,9.115414362986524e+36,5.352982405500514e+36,2.919406671311949e+36,1.4769114207793802e+36,6.921104790426378e+35,2.999628637009483e+35
65,5.910831086784965e+17,5.115131262396531e+19,2.1573519792778183e+21,5.9115053852449676e+22,1.1837450164876661e+24,1.8473390486424787e+25,2.339954583980065e+26,2.4739355496022778e+27,2.22820513692436e+28,1.7364212353603072e+29,1.1851886290211445e+30,7.155126573255531e+30,3.851626900348017e+31,1.8611644794064556e+32,8.11896400175173e+32,3.2128538435423505e+33,1.15813955134798e+34,3.816567824429068e+34,1.1534187545425626e+35,3.2054633153892967e+35,8.21154217417851e+35,1.943126499606483e+36,4.255198724803193e+36,8.637368811411848e+36,1.6274106972183465e+37,2.849689446908942e+37,4.642367015738523e+37,7.042257924328419e+37,9.954983582869118e+37,1.3121740294546027e+38,1.6135191548483744e+38,1.8515858132757486e+38,1.983367482595441e+38,1.9833674825954404e+38,1.851585813275747e+38,1.613519154848374e+38,1.3121740294546038e+38,9.954983582869112e+37,7.0422579243284205e+37,4.642367015738524e+37,2.849689446908941e+37,1.627410697218346e+37,8.637368811411851e+36,4.255198724803193e+36,1.9431264996064832e+36
66,1.087171333023169e+18,9.554408210169145e+19,4.0938767818675957e+21,1.1401189274136789e+23,2.3212530754514033e+24,3.6846785944927317e+25,4.749283017013764e+26,5.111616094797976e+27,4.688767020852354e+28,3.72288487534335e+29,2.5901424076552607e+30,1.5946273839268262e+31,8.757692363360897e+31,4.319522586850405e+32,1.9242590483455832e+33,7.779955257428984e+33,2.8667302618879883e+34,9.661868745523518e+34,2.98790030245455e+35,8.501518059874095e+35,2.231002825622417e+36,5.411248853783295e+36,1.2153392462618277e+37,2.5316883313791103e+37,4.898435379431226e+37,8.814159665373994e+37,1.4765565635056142e+38,2.3049805597279137e+38,3.3556191206511983e+38,4.558775397494611e+38,5.7825661369631905e+38,6.851156075422496e+38,7.584045986733663e+38,7.845221417275622e+38,7.584045986733666e+38,6.851156075422495e+38,5.7825661369631875e+38,4.55877539749461e+38,3.355619120651198e+38,2.3049805597279126e+38,1.4765565635056142e+38,8.814159665373996e+37,4.898435379431229e+37,2.531688331379111e+37,1.2153392462618284e+37
67,1.9996198334780396e+18,1.784222783939994e+20,7.76497410744607e+21,2.1972614674872145e+23,4.5472527557748564e+24,7.339935755259224e+25,9.62410147874494e+26,1.0541583468902487e+28,9.844652991422032e+28,7.961538508950926e+29,5.644184694007318e+30,3.542295629919086e+31,1.9840593991285076e+32,9.984708350892175e+32,4.5404330603360197e+33,1.8747742528595654e+34,7.058393754889385e+34,2.4318782218858657e+35,7.691814947442164e+35,2.239587776530215e+36,6.0174774603509e+36,1.4951889980833068e+37,3.442152540949815e+37,7.354202609878692e+37,1.460306436868922e+38,2.698409580716882e+38,4.645237459518654e+38,7.456910484008024e+38,1.117157960426619e+39,1.56304480412319e+39,2.043487853526099e+39,2.4975126066740085e+39,2.8544344325063246e+39,3.051426709378075e+39,3.051426709378074e+39,2.854434432506325e+39,2.497512606674008e+39,2.0434878535260987e+39,1.5630448041231894e+39,1.117157960426619e+39,7.45691048400802e+38,4.645237459518655e+38,2.6984095807168828e+38,1.4603064368689225e+38,7.354202609878689e+37
68,3.677874275179708e+18,3.331161524535671e+20,1.4721194611503257e+22,4.231580944452506e+23,8.899211272301769e+24,1.4602999655835912e+26,1.9472674601067244e+27,2.1699887503807405e+28,2.062582972201737e+29,1.6984128727300458e+30,1.2264829415364774e+31,7.844061691419415e+31,4.479112933913792e+32,2.2990200750952326e+33,1.0667620302127506e+34,4.4965488032781045e+34,1.7290124903210697e+35,6.0869951478578186e+35,1.968209682391221e+36,5.861524591120598e+36,1.611692055895197e+37,4.100350898324965e+37,9.670576366226929e+37,2.117890520578652e+38,4.313353153202708e+38,8.179923715935125e+38,1.4460975119922686e+39,2.3855378019175165e+39,3.675205212898299e+39,5.291679346789823e+39,7.124909380671267e+39,8.975242213273788e+39,1.0581641569157393e+40,1.1679182980475658e+40,1.2069561861339163e+40,1.1679182980475658e+40,1.0581641569157389e+40,8.975242213273788e+39,7.124909380671267e+39,5.291679346789826e+39,3.6752052128982966e+39,2.385537801917516e+39,1.4460975119922683e+39,8.179923715935125e+38,4.313353153202707e+38
69,6.764665441680911e+18,6.217940100499778e+20,2.7896513151963343e+22,8.14370928895528e+23,1.7399737114771149e+25,2.9017886354704415e+26,3.9340966657043036e+27,4.459006663197996e+28,4.312421611442022e+29,3.6145372855522526e+30,2.6579319209136055e+31,1.7316991886079946e+32,1.0077480623211664e+33,5.273683618285363e+33,2.4959552246024e+34,1.0735867218387964e+35,4.2144372486276886e+35,1.5154022184369473e+36,5.0070843145265626e+36,1.524486026199299e+37,4.287568995318719e+37,1.1163228883508895e+38,2.6958249188826387e+38,6.048559298126542e+38,1.2627565280314349e+39,2.456214232836386e+39,4.456491430786906e+39,7.549829464492064e+39,1.1952980143446528e+40,1.7698352847584255e+40,2.452324459198072e+40,3.181509660865926e+40,3.8661060458407054e+40,4.401789611314043e+40,4.69662269086249e+40,4.696622690862489e+40,4.401789611314043e+40,3.8661060458407054e+40,3.181509660865926e+40,2.4523244591980726e+40,1.7698352847584258e+40,1.1952980143446516e+40,7.549829464492061e+39,4.4564914307869064e+39,2.456214232836386e+39
70,1.2442159550338648e+19,1.1603911026642724e+21,5.284043491691111e+22,1.5662082873950567e+24,3.3988730919824175e+25,5.759427510112614e+26,7.936668511487234e+27,9.146851194742624e+28,8.998246934677266e+29,7.674639436761581e+30,5.744942653472173e+31,3.811725969059066e+32,2.2598644077562183e+33,1.2053210999971307e+34,5.816535369282341e+34,2.55204343639034e+35,1.0223567788287662e+36,3.753149754657508e+36,1.2666481474406763e+37,3.9409506016392835e+37,1.1331938944522753e+38,3.0179625215906113e+38,7.458795683790778e+38,1.713607686627223e+39,3.6652097621937524e+39,7.308210948901373e+39,1.3600617331693019e+40,2.3647676180861256e+40,3.8449362904037705e+40,5.850525833479602e+40,8.3366034942402e+40,1.1130310953175601e+41,1.392961295170465e+41,1.6346702659941509e+41,1.799218129029492e+41,1.8576399960638726e+41,1.7992181290294914e+41,1.6346702659941514e+41,1.3929612951704648e+41,1.1130310953175594e+41,8.3366034942402e+40,5.850525833479602e+40,3.8449362904037705e+40,2.364767618086125e+40,1.3600617331693019e+40
71,2.2884699267199295e+19,2.165069903369171e+21,1.0004558976750152e+23,3.010183544311488e+24,6.633459822338679e+25,1.1418207745989502e+27,1.5989104647083354e+28,1.8731852066328707e+29,1.873908379586859e+30,1.6258865850365932e+31,1.2385762756953276e+32,8.366217691418724e+32,5.0515982916160715e+33,2.7451097824610436e+34,1.3502270504653957e+35,6.040800961899158e+35,2.4686269327771424e+36,9.248730616509296e+36,3.186888222759995e+37,1.01282118266701e+38,2.976176678778106e+38,8.103985060067286e+38,2.048791414307439e+39,4.817319636114732e+39,1.055081715755793e+40,2.1553990704317865e+40,4.111964526404403e+40,7.333434048563078e+40,1.223771522785231e+41,1.912376002962592e+41,2.8004080649772694e+41,3.84496581032056e+41,4.952108000850941e+41,5.985145510102124e+41,6.7899325054063435e+41,7.231713293518222e+41,7.231713293518221e+41,6.789932505406343e+41,5.985145510102122e+41,4.952108000850941e+41,3.844965810320559e+41,2.8004080649772683e+41,1.912376002962592e+41,1.2237715227852309e+41,7.333434048563075e+40
72,4.209152425921887e+19,4.0387938131522077e+21,1.8934328017344997e+23,5.781770225497801e+24,1.293508932565795e+26,2.2611856357486546e+27,3.216775782590292e+28,3.8298977209408235e+29,3.895096151727967e+30,3.4369977446919214e+31,2.663723229350267e+32,1.8311906090732516e+33,1.125731145828731e+34,6.230651188677798e+34,3.122611126447043e+35,1.4240195609008103e+36,5.934223227868848e+36,2.2680791321905053e+37,7.976191483948362e+37,2.588236128000136e+38,7.769033663925643e+38,2.1619437665927844e+39,5.588396436659312e+39,1.3441609346695387e+40,3.01306022329389e+40,6.303073110727652e+40,1.2320037442836918e+41,2.25243271321287e+41,3.855490605631295e+41,6.183731818372743e+41,9.299739609535946e+41,1.3121994051452634e+42,1.7380160344941807e+42,2.1617566383949367e+42,2.5257644052299034e+42,2.7727246576940216e+42,2.8602573471550644e+42,2.772724657694021e+42,2.525764405229904e+42,2.1617566383949364e+42,1.7380160344941813e+42,1.3121994051452636e+42,9.299739609535952e+41,6.183731818372742e+41,3.8554906056312965e+41
73,7.741838307675687e+19,7.532620916222532e+21,3.5820140251633276e+23,1.1098413693224007e+25,2.5201926131332843e+26,4.473094637346442e+27,6.4631679397635455e+28,7.818289749458216e+29,8.081498264567691e+30,7.250256649861652e+31,5.715013291640842e+32,3.997345718290028e+33,2.5011597925970138e+34,1.4095165004840235e+35,7.195301032545966e+35,3.3435588485299284e+36,1.4203322854768888e+37,5.535951100862198e+37,1.986170698750298e+38,6.578021245655011e+38,2.0161227172133374e+39,5.731209831804437e+39,1.5140493418596496e+40,3.7235737839122664e+40,8.538544245870253e+40,1.828159718896509e+41,3.659195064742786e+41,6.854427450833414e+41,1.202784003183796e+42,1.9787890132348162e+42,3.0543782668518824e+42,4.426172179497119e+42,6.024814593332165e+42,7.706476107194448e+42,9.266428486773214e+42,1.0476662669925323e+43,1.1139358414272143e+43,1.1139358414272143e+43,1.0476662669925323e+43,9.266428486773214e+42,7.706476107194446e+42,6.024814593332163e+42,4.4261721794971205e+42,3.0543782668518824e+42,1.9787890132348168e+42
74,1.4239460660317497e+20,1.4046158165050955e+22,6.773840239281034e+23,2.129122887778169e+25,4.906178545255136e+26,8.839483454731846e+27,1.2969242547955175e+29,1.5935817504936136e+30,1.6737587827849438e+31,1.5262996000719823e+32,1.2233149101426372e+33,8.703197545787105e+33,5.541006139703725e+34,3.1784400197558657e+35,1.6521479480388698e+36,7.82037478182486e+36,3.3852676653639633e+37,1.345083258009385e+38,4.9215356417498284e+38,1.6629681324133823e+39,5.202261331267772e+39,1.5100623367840908e+40,4.0752478074739817e+40,1.0243234107391202e+41,2.401750612129564e+41,5.26060277608476e+41,1.077709326555727e+42,2.067316475176494e+42,3.716860704944374e+42,6.268778599590888e+42,9.925501186311591e+42,1.4762695453040347e+43,2.063769858546951e+43,2.7129257922126306e+43,3.354717382852082e+43,3.903360790404703e+43,4.2743844865036853e+43,4.4056781585862365e+43,4.2743844865036843e+43,3.9033607904047026e+43,3.354717382852082e+43,2.712925792212632e+43,2.0637698585469513e+43,1.4762695453040345e+43,9.925501186311589e+42
75,2.619045139391506e+20,2.6187151320838434e+22,1.280493992213474e+24,4.082136138927441e+25,9.543511102382533e+26,1.7450400431490836e+28,2.5992264528792445e+29,3.2433510108383827e+30,3.460537308290246e+31,3.2067450692458905e+32,2.6126538586453874e+33,1.8901165658854044e+34,1.2240919618204411e+35,7.145080804219567e+35,3.780632949055886e+36,1.8223141958057833e+37,8.03580911415865e+37,3.2537999862766947e+38,1.2137108661016763e+39,4.182570066405334e+39,1.334972065877391e+40,3.955270664666099e+40,1.08998924665844e+41,2.7988717715746135e+41,6.707305680285375e+41,1.5022171320737797e+42,3.1483658551917133e+42,6.18149211938436e+42,1.138123871085062e+43,1.9667781393238364e+43,3.1924580939948105e+43,4.870677200808492e+43,6.988704665366582e+43,9.43532472225938e+43,1.1990629378473265e+44,1.434789382477024e+44,1.6169496645378228e+44,1.7164612170137082e+44,1.7164612170137076e+44,1.6169496645378226e+44,1.4347893824770242e+44,1.1990629378473265e+44,9.435324722259384e+43,6.988704665366584e+43,4.870677200808491e+43
76,4.817175036190822e+20,4.881354845786862e+22,2.4196888670884386e+24,7.822184935794294e+25,1.8549736060825584e+27,3.4415640881677633e+28,5.2029434679285465e+29,6.591568798201347e+30,7.142747967197146e+31,6.724378590716968e+32,5.567708372339458e+33,4.0948040643635595e+34,2.6968314454720605e+35,1.6013630522674558e+36,8.622641457571931e+36,4.231021573093693e+37,1.9000006600487862e+38,7.837478227037417e+38,2.9793720497243646e+39,1.0467503204469623e+40,3.4074761074086217e+40,1.0300832335451127e+41,2.89756474126089e+41,7.59789208195741e+41,1.8601464609263658e+42,4.258103304530583e+42,9.1254617567197e+42,1.832979250584002e+43,3.454330568833342e+43,6.113122798638248e+43,1.0167117413240626e+44,1.5902566953903883e+44,2.3406135037746185e+44,3.2434343616956436e+44,4.233276076615956e+44,5.205854860655251e+44,6.033445166871509e+44,6.591393608024339e+44,6.7885319367844615e+44,6.591393608024341e+44,6.033445166871509e+44,5.2058548606552495e+44,4.2332760766159574e+44,3.2434343616956444e+44,2.3406135037746193e+44
77,8.86016624161408e+20,9.097372795823438e+22,4.570725840949971e+24,1.4980597619649174e+26,3.602807967809241e+27,6.780941880683431e+28,1.040265271481508e+30,1.3377541580549416e+31,1.4719016060975319e+32,1.4074297937559423e+33,1.183993401385936e+34,8.849999362947102e+34,5.925738132734839e+35,3.578495721754812e+36,1.9602841384633182e+37,9.789049308601873e+37,4.475246985184039e+38,1.8800180763299158e+39,7.280991918665551e+39,2.6070555032189664e+40,8.652595117616243e+40,2.6678497740560747e+41,7.657220943628065e+41,2.0495491191618394e+42,5.124161374711968e+42,1.1983702154059892e+43,2.6249640614995513e+43,5.39163606424362e+43,1.0395106746517997e+44,1.8829767142366525e+44,3.2071472882601256e+44,5.13994287442154e+44,7.755868032454968e+44,1.1024646245995038e+45,1.476911389443777e+45,1.8653428702738976e+45,2.2217903342947495e+45,2.496209946174941e+45,2.6457859383599363e+45,2.6457859383599357e+45,2.4962099461749402e+45,2.2217903342947485e+45,1.865342870273897e+45,1.476911389443777e+45,1.102464624599504e+45
78,1.6296386417196385e+21,1.695184942335869e+23,8.630949872055861e+24,2.8674577239206858e+26,6.992412946194595e+27,1.334809059417019e+29,2.0775095305569178e+30,2.71127298053415e+31,3.0283326591267915e+32,2.940430894350588e+33,2.512617242631188e+34,1.9083077224838097e+35,1.2987126598620154e+36,7.973997261054367e+36,4.442642899535146e+37,2.2571167958177782e+38,1.0501919351941202e+39,4.491606990517077e+39,1.7716230691705214e+40,6.462914975009927e+40,2.1861595458427883e+41,6.8725502046271825e+41,2.011947857538976e+42,5.494968755274694e+42,1.402387990225904e+43,3.3493238240742856e+43,7.495454844156911e+43,1.5736108403304632e+44,3.102471597032775e+44,5.749533635831901e+44,1.0023729747990637e+45,1.6451793216127876e+45,2.543665057808236e+45,3.7068731277301577e+45,5.094007742428446e+45,6.603660924074298e+45,8.078299799548806e+45,9.327613253468254e+45,1.0167428942012813e+46,1.0463727178950781e+46,1.0167428942012818e+46,9.327613253468252e+45,8.078299799548804e+45,6.603660924074295e+45,5.094007742428448e+45
79,2.9973727695001323e+21,3.158243252165673e+23,1.6292350424035297e+25,5.485773150911191e+26,1.3561383391139942e+28,2.6251495385099326e+29,4.144376925674573e+30,5.487766843673096e+31,6.2209771826912646e+32,6.132346934041224e+33,5.321482152248293e+34,4.105602253112959e+35,2.8392088141235665e+36,1.7719514480787293e+37,1.0037984384900858e+38,5.187149816046814e+38,2.4555903143224658e+39,1.0689244656696567e+40,4.2926267986011125e+40,1.5949183203762008e+41,5.49673894181504e+41,1.7612180703264227e+42,5.257103173254099e+42,1.4645236432343955e+43,3.813924067457337e+43,9.298434627363979e+43,2.12510729447642e+44,4.55824054276337e+44,9.185811875724618e+44,1.7408098680546268e+45,3.105010113052877e+45,5.2164506963947184e+45,8.259828492618408e+45,1.2333816100891745e+46,1.7376661469795194e+46,2.3107685373929794e+46,2.9014482453560095e+46,3.4407876075188983e+46,3.8545361044398827e+46,4.0795752945675604e+46,4.0795752945675614e+46,3.854536104439884e+46,3.440787607518898e+46,2.9014482453560095e+46,2.310768537392978e+46
80,5.513028035381166e+21,5.88306038486387e+23,3.0744286328773657e+25,1.0489564936879393e+27,2.628330420434897e+28,5.1582824231064196e+29,8.258584198748286e+30,1.109325341167723e+32,1.276033216094923e+33,1.2767178166498334e+34,1.1248433589049545e+35,8.813648160051269e+35,6.191923650067434e+36,3.9270054468249675e+37,2.2613706514205454e+38,1.188244912478195e+39,5.721683512330741e+39,2.534236247737367e+40,1.03585646114418e+41,3.918667906696262e+41,1.3755586376527479e+42,4.490709698897789e+42,1.3662613091704223e+43,3.880883598116984e+43,1.03090589906301e+44,2.5647198155049017e+44,5.983692662875505e+44,1.310763804497264e+45,2.698792977980217e+45,5.227814960470765e+45,9.535580632952291e+45,1.6390029740545662e+46,2.6564934347704317e+46,4.062455998631597e+46,5.864619062513757e+46,7.995579299847517e+46,1.0298541186621572e+47,1.2535562310308908e+47,1.4422876590007905e+47,1.5688057118735629e+47,1.6133812365555427e+47,1.568805711873563e+47,1.4422876590007901e+47,1.2535562310308906e+47,1.029854118662158e+47
81,1.0140039446600943e+22,1.0957009700780642e+24,5.799683179665449e+25,2.0047562061027575e+27,5.090526811235233e+28,1.0127035610080209e+30,1.6439719993373608e+31,2.239638334024723e+32,2.6135516455198366e+33,2.653601479067002e+34,2.3731633142305897e+35,1.8880386782248402e+36,1.347184123695922e+37,8.680355942797245e+37,5.0798741088466976e+38,2.7134697752015712e+39,1.3286654814329065e+40,5.986171540419305e+40,2.4897284008552056e+41,9.587030941884462e+41,3.426604984197685e+42,1.139432073835859e+43,3.532226295532372e+43,1.0226880392326664e+44,2.770064848786664e+44,7.029655398430509e+44,1.6736168348896672e+45,3.7426414370917324e+45,7.869914614508905e+45,1.557588013325412e+46,2.90404111964383e+46,5.104536449387003e+46,8.464686070734391e+46,1.325037775823296e+47,1.9590100901883374e+47,2.736732020516467e+47,3.6139381336273527e+47,4.5125113889044045e+47,5.329089460270635e+47,5.953400979947588e+47,6.292278397256158e+47,6.292278397256158e+47,5.953400979947588e+47,5.329089460270634e+47,4.512511388904406e+47
