Original Binary String Length,Almost Balanced,3-RLL,Almost Balanced And RLL
0,0.0,0.0,0.0
1,1.0,1.0,3.0
2,0.0,0.0,2.0
3,1.0,1.0,3.0
4,2.0,0.0,2.0
5,3.0,1.0,3.0
6,2.0,0.0,2.0
7,3.0,1.0,3.0
8,2.0,2.0,2.0
9,3.0,1.0,3.0
10,2.0,2.0,2.0
11,3.0,1.0,3.0
12,2.0,2.0,2.0
13,3.0,1.0,3.0
14,2.0,2.0,2.0
15,3.0,1.0,3.0
16,4.0,2.0,4.0
17,3.0,1.0,3.0
18,4.0,2.0,4.0
19,3.0,1.0,3.0
20,2.0,2.0,2.0
21,3.0,1.0,3.0
22,4.0,2.0,4.0
23,3.0,1.0,3.0
24,2.0,2.0,2.0
25,3.0,1.0,3.0
26,4.0,2.0,4.0
27,3.0,1.0,3.0
28,2.0,2.0,2.0
29,3.0,1.0,3.0
30,4.0,2.0,4.0
31,3.0,1.0,3.0
32,2.0,2.0,2.0
33,3.0,1.0,3.0
34,4.0,2.0,4.0
35,3.0,1.0,3.0
36,2.0,2.0,2.0
37,3.0,1.0,3.0
38,2.0,2.0,2.0
39,3.0,1.0,3.0
40,2.0,2.0,2.0
41,3.0,1.0,3.0
42,2.0,2.0,2.0
43,3.0,1.0,3.0
44,2.0,2.0,2.0
45,3.0,1.0,3.0
46,2.0,2.0,2.0
47,3.0,1.0,3.0
48,2.0,2.0,4.0
49,3.0,1.0,3.0
50,2.0,2.0,2.0
51,3.0,1.0,3.0
52,2.0,2.0,4.0
53,3.0,1.0,3.0
54,2.0,2.0,2.0
55,3.0,1.0,3.0
56,2.0,2.0,4.0
57,3.0,1.0,3.0
58,2.0,2.0,2.0
59,3.0,1.0,3.0
60,2.0,2.0,2.0
61,1.0,1.0,3.0
62,2.0,2.0,2.0
63,3.0,1.0,3.0
64,2.0,2.0,2.0
65,1.0,1.0,3.0
66,2.0,2.0,2.0
67,3.0,1.0,3.0
68,2.0,2.0,2.0
69,1.0,1.0,3.0
70,2.0,2.0,2.0
71,3.0,1.0,3.0
72,2.0,2.0,2.0
73,3.0,1.0,3.0
74,2.0,2.0,2.0
75,3.0,1.0,3.0
76,2.0,2.0,2.0
77,3.0,1.0,3.0
78,2.0,2.0,2.0
79,1.0,1.0,3.0
80,2.0,2.0,2.0
81,3.0,1.0,3.0
82,2.0,2.0,2.0
83,1.0,1.0,3.0
84,2.0,2.0,2.0
85,3.0,1.0,3.0
86,2.0,2.0,2.0
87,1.0,1.0,3.0
88,2.0,2.0,2.0
89,3.0,1.0,3.0
90,2.0,2.0,2.0
91,1.0,1.0,3.0
92,2.0,2.0,2.0
93,3.0,1.0,3.0
94,2.0,2.0,2.0
95,1.0,1.0,3.0
96,2.0,2.0,2.0
97,3.0,1.0,3.0
98,2.0,2.0,2.0
99,1.0,1.0,3.0
100,2.0,2.0,2.0
101,1.0,1.0,3.0
102,2.0,2.0,2.0
103,1.0,1.0,3.0
104,2.0,2.0,2.0
105,1.0,1.0,3.0
106,2.0,2.0,2.0
107,1.0,1.0,3.0
108,2.0,2.0,2.0
109,1.0,1.0,3.0
110,2.0,2.0,2.0
111,3.0,1.0,3.0
112,2.0,2.0,2.0
113,1.0,1.0,3.0
114,2.0,2.0,2.0
115,3.0,1.0,3.0
116,2.0,2.0,2.0
117,1.0,1.0,3.0
118,2.0,2.0,2.0
119,1.0,3.0,3.0
120,2.0,2.0,2.0
121,1.0,3.0,3.0
122,2.0,2.0,2.0
123,1.0,3.0,3.0
124,2.0,2.0,2.0
125,1.0,3.0,3.0
126,2.0,2.0,2.0
127,1.0,3.0,3.0
128,2.0,2.0,2.0
129,1.0,3.0,3.0
130,2.0,2.0,2.0
131,1.0,3.0,3.0
132,2.0,2.0,2.0
133,1.0,3.0,3.0
134,2.0,2.0,2.0
135,1.0,3.0,3.0
136,2.0,2.0,4.0
137,1.0,3.0,3.0
138,2.0,2.0,2.0
139,1.0,3.0,3.0
140,2.0,2.0,2.0
141,1.0,3.0,3.0
142,2.0,2.0,2.0
143,1.0,3.0,3.0
144,2.0,2.0,2.0
145,1.0,3.0,3.0
146,2.0,2.0,2.0
147,1.0,3.0,3.0
148,2.0,2.0,2.0
149,1.0,3.0,3.0
150,2.0,2.0,4.0
151,1.0,3.0,3.0
152,2.0,2.0,2.0
153,1.0,3.0,3.0
154,2.0,2.0,4.0
155,1.0,3.0,3.0
156,2.0,2.0,2.0
157,1.0,3.0,3.0
158,2.0,2.0,2.0
159,1.0,3.0,3.0
160,2.0,2.0,2.0
161,1.0,3.0,3.0
162,2.0,2.0,2.0
163,1.0,3.0,3.0
164,2.0,2.0,4.0
165,1.0,3.0,3.0
166,2.0,2.0,2.0
167,1.0,3.0,3.0
168,2.0,2.0,4.0
169,1.0,3.0,3.0
170,2.0,2.0,2.0
171,1.0,3.0,3.0
172,2.0,2.0,4.0
173,1.0,3.0,3.0
174,2.0,2.0,4.0
175,1.0,3.0,3.0
176,2.0,2.0,4.0
177,1.0,3.0,3.0
178,2.0,2.0,4.0
179,1.0,3.0,3.0
180,2.0,2.0,4.0
181,1.0,3.0,3.0
182,2.0,2.0,4.0
183,1.0,3.0,3.0
184,2.0,2.0,4.0
185,1.0,3.0,3.0
186,2.0,2.0,4.0
187,1.0,3.0,3.0
188,2.0,2.0,4.0
189,1.0,3.0,3.0
190,2.0,2.0,4.0
191,1.0,3.0,3.0
192,2.0,2.0,4.0
193,1.0,3.0,3.0
194,2.0,2.0,4.0
195,1.0,3.0,3.0
196,2.0,2.0,4.0
197,1.0,3.0,3.0
198,2.0,2.0,4.0
199,1.0,3.0,3.0
200,2.0,2.0,4.0
201,1.0,3.0,3.0
202,2.0,2.0,4.0
203,1.0,3.0,3.0
204,2.0,2.0,4.0
205,1.0,3.0,3.0
206,2.0,2.0,4.0
207,1.0,3.0,3.0
208,2.0,2.0,4.0
209,1.0,3.0,3.0
210,2.0,2.0,4.0
211,1.0,3.0,3.0
212,2.0,2.0,4.0
213,1.0,3.0,3.0
214,2.0,2.0,4.0
215,1.0,3.0,3.0
216,2.0,2.0,4.0
217,1.0,3.0,3.0
218,2.0,2.0,4.0
219,1.0,3.0,3.0
220,2.0,2.0,4.0
221,1.0,3.0,3.0
222,2.0,2.0,4.0
223,1.0,3.0,3.0
224,2.0,2.0,4.0
225,1.0,3.0,3.0
226,2.0,2.0,4.0
227,1.0,3.0,3.0
228,2.0,2.0,4.0
229,1.0,3.0,3.0
230,2.0,2.0,4.0
231,1.0,3.0,3.0
232,2.0,4.0,4.0
233,1.0,3.0,3.0
234,2.0,4.0,4.0
235,1.0,3.0,3.0
236,2.0,4.0,4.0
237,1.0,3.0,3.0
238,2.0,4.0,4.0
239,1.0,3.0,3.0
240,2.0,4.0,4.0
241,1.0,3.0,3.0
242,2.0,4.0,4.0
243,1.0,3.0,3.0
244,2.0,4.0,4.0
245,1.0,3.0,3.0
246,2.0,4.0,4.0
247,1.0,3.0,3.0
248,2.0,4.0,4.0
249,1.0,3.0,3.0
250,2.0,4.0,4.0
251,1.0,3.0,3.0
252,2.0,4.0,4.0
253,1.0,3.0,3.0
254,2.0,4.0,4.0
255,1.0,3.0,3.0
256,2.0,4.0,4.0
257,1.0,3.0,3.0
258,2.0,4.0,4.0
259,1.0,3.0,3.0
260,2.0,4.0,4.0
261,1.0,3.0,3.0
262,2.0,4.0,4.0
263,1.0,3.0,3.0
264,2.0,4.0,4.0
265,1.0,3.0,3.0
266,2.0,4.0,4.0
267,1.0,3.0,3.0
268,2.0,4.0,4.0
269,1.0,3.0,3.0
270,2.0,4.0,4.0
271,1.0,3.0,3.0
272,2.0,4.0,4.0
273,1.0,3.0,3.0
274,2.0,4.0,4.0
275,1.0,3.0,3.0
276,2.0,4.0,4.0
277,1.0,3.0,3.0
278,2.0,4.0,4.0
279,1.0,3.0,3.0
280,2.0,4.0,4.0
281,1.0,3.0,3.0
282,2.0,4.0,4.0
283,1.0,3.0,3.0
284,2.0,4.0,4.0
285,1.0,3.0,3.0
286,2.0,4.0,4.0
287,1.0,3.0,3.0
288,2.0,4.0,4.0
289,1.0,3.0,3.0
290,2.0,4.0,4.0
291,1.0,3.0,3.0
292,2.0,4.0,4.0
293,1.0,3.0,3.0
294,2.0,4.0,4.0
295,1.0,3.0,3.0
296,2.0,4.0,4.0
297,1.0,3.0,3.0
298,2.0,4.0,4.0
299,1.0,3.0,3.0
300,2.0,4.0,4.0
301,1.0,3.0,3.0
302,2.0,4.0,4.0
303,1.0,3.0,3.0
304,2.0,4.0,4.0
305,1.0,3.0,3.0
306,2.0,4.0,4.0
307,1.0,3.0,3.0
308,2.0,4.0,4.0
309,1.0,3.0,5.0
310,2.0,4.0,4.0
311,1.0,3.0,3.0
312,2.0,4.0,4.0
313,1.0,3.0,5.0
314,2.0,4.0,4.0
315,1.0,3.0,5.0
316,2.0,4.0,4.0
317,1.0,3.0,5.0
318,2.0,4.0,4.0
319,1.0,3.0,5.0
320,2.0,4.0,4.0
321,1.0,3.0,5.0
322,2.0,4.0,4.0
323,1.0,3.0,5.0
324,2.0,4.0,4.0
325,1.0,3.0,5.0
326,2.0,4.0,4.0
327,1.0,3.0,5.0
328,2.0,4.0,4.0
329,1.0,3.0,5.0
330,2.0,4.0,4.0
331,1.0,3.0,5.0
332,2.0,4.0,4.0
333,1.0,3.0,5.0
334,2.0,4.0,4.0
335,1.0,3.0,5.0
336,2.0,4.0,4.0
337,1.0,3.0,5.0
338,2.0,4.0,4.0
339,1.0,3.0,5.0
340,2.0,4.0,4.0
341,1.0,3.0,5.0
342,2.0,4.0,4.0
343,1.0,5.0,5.0
344,2.0,4.0,4.0
345,1.0,5.0,5.0
346,2.0,4.0,4.0
347,1.0,5.0,5.0
348,2.0,4.0,4.0
349,1.0,5.0,5.0
350,2.0,4.0,4.0
351,1.0,5.0,5.0
352,2.0,4.0,4.0
353,1.0,5.0,5.0
354,2.0,4.0,4.0
355,1.0,5.0,5.0
356,2.0,4.0,4.0
357,1.0,5.0,5.0
358,2.0,4.0,4.0
359,1.0,5.0,5.0
360,2.0,4.0,4.0
361,1.0,5.0,5.0
362,2.0,4.0,4.0
363,1.0,5.0,5.0
364,2.0,4.0,4.0
365,1.0,5.0,5.0
366,2.0,4.0,4.0
367,1.0,5.0,5.0
368,2.0,4.0,4.0
369,1.0,5.0,5.0
370,2.0,4.0,4.0
371,1.0,5.0,5.0
372,2.0,4.0,4.0
373,1.0,5.0,5.0
374,2.0,4.0,4.0
375,1.0,5.0,5.0
376,2.0,4.0,4.0
377,1.0,5.0,5.0
378,2.0,4.0,4.0
379,1.0,5.0,5.0
380,2.0,4.0,4.0
381,1.0,5.0,5.0
382,2.0,4.0,4.0
383,1.0,5.0,5.0
384,2.0,4.0,4.0
385,1.0,5.0,5.0
386,2.0,4.0,4.0
387,1.0,5.0,5.0
388,2.0,4.0,4.0
389,1.0,5.0,5.0
390,2.0,4.0,4.0
391,1.0,5.0,5.0
392,2.0,4.0,4.0
393,1.0,5.0,5.0
394,2.0,4.0,4.0
395,1.0,5.0,5.0
396,2.0,4.0,4.0
397,1.0,5.0,5.0
398,2.0,4.0,4.0
399,1.0,5.0,5.0
400,2.0,4.0,4.0
401,1.0,5.0,5.0
402,2.0,4.0,4.0
403,1.0,5.0,5.0
404,2.0,4.0,4.0
405,1.0,5.0,5.0
406,2.0,4.0,4.0
407,1.0,5.0,5.0
408,2.0,4.0,4.0
409,1.0,5.0,5.0
410,2.0,4.0,4.0
411,1.0,5.0,5.0
412,2.0,4.0,4.0
413,1.0,5.0,5.0
414,2.0,4.0,4.0
415,1.0,5.0,5.0
416,2.0,4.0,4.0
417,1.0,5.0,5.0
418,2.0,4.0,4.0
419,1.0,5.0,5.0
420,2.0,4.0,4.0
421,1.0,5.0,5.0
422,2.0,4.0,4.0
423,1.0,5.0,5.0
424,2.0,4.0,4.0
425,1.0,5.0,5.0
426,2.0,4.0,4.0
427,1.0,5.0,5.0
428,2.0,4.0,4.0
429,1.0,5.0,5.0
430,2.0,4.0,4.0
431,1.0,5.0,5.0
432,2.0,4.0,4.0
433,1.0,5.0,5.0
434,2.0,4.0,4.0
435,1.0,5.0,5.0
436,2.0,4.0,4.0
437,1.0,5.0,5.0
438,2.0,4.0,6.0
439,1.0,5.0,5.0
440,2.0,4.0,6.0
441,1.0,5.0,5.0
442,2.0,4.0,6.0
443,1.0,5.0,5.0
444,2.0,4.0,6.0
445,1.0,5.0,5.0
446,2.0,4.0,6.0
447,1.0,5.0,5.0
448,2.0,4.0,6.0
449,1.0,5.0,5.0
450,2.0,4.0,6.0
451,1.0,5.0,5.0
452,2.0,4.0,6.0
453,1.0,5.0,5.0
454,2.0,4.0,6.0
455,1.0,5.0,5.0
456,2.0,6.0,6.0
457,1.0,5.0,5.0
458,2.0,6.0,6.0
459,1.0,5.0,5.0
460,2.0,6.0,6.0
461,1.0,5.0,5.0
462,2.0,6.0,6.0
463,1.0,5.0,5.0
464,2.0,6.0,6.0
465,1.0,5.0,5.0
466,2.0,6.0,6.0
467,1.0,5.0,5.0
468,2.0,6.0,6.0
469,1.0,5.0,5.0
470,2.0,6.0,6.0
471,1.0,5.0,5.0
472,2.0,6.0,6.0
473,1.0,5.0,5.0
474,2.0,6.0,6.0
475,1.0,5.0,5.0
476,2.0,6.0,6.0
477,1.0,5.0,5.0
478,2.0,6.0,6.0
479,1.0,5.0,5.0
480,2.0,6.0,6.0
481,1.0,5.0,5.0
482,2.0,6.0,6.0
483,1.0,5.0,5.0
484,2.0,6.0,6.0
485,1.0,5.0,5.0
486,2.0,6.0,6.0
487,1.0,5.0,5.0
488,2.0,6.0,6.0
489,1.0,5.0,5.0
490,2.0,6.0,6.0
491,1.0,5.0,5.0
492,2.0,6.0,6.0
493,1.0,5.0,5.0
494,2.0,6.0,6.0
495,1.0,5.0,5.0
496,2.0,6.0,6.0
497,1.0,5.0,5.0
498,2.0,6.0,6.0
499,1.0,5.0,5.0
500,2.0,6.0,6.0
501,1.0,5.0,5.0
502,2.0,6.0,6.0
503,1.0,5.0,5.0
504,2.0,6.0,6.0
505,1.0,5.0,5.0
506,2.0,6.0,6.0
507,1.0,5.0,5.0
508,2.0,6.0,6.0
509,1.0,5.0,5.0
510,2.0,6.0,6.0
511,1.0,5.0,5.0
512,2.0,6.0,6.0
513,1.0,5.0,5.0
514,2.0,6.0,6.0
515,1.0,5.0,5.0
516,2.0,6.0,6.0
517,1.0,5.0,5.0
518,2.0,6.0,6.0
519,1.0,5.0,5.0
520,2.0,6.0,6.0
521,1.0,5.0,5.0
522,2.0,6.0,6.0
523,1.0,5.0,5.0
524,2.0,6.0,6.0
525,1.0,5.0,5.0
526,2.0,6.0,6.0
527,1.0,5.0,5.0
528,2.0,6.0,6.0
529,1.0,5.0,5.0
530,2.0,6.0,6.0
531,1.0,5.0,5.0
532,2.0,6.0,6.0
533,1.0,5.0,5.0
534,2.0,6.0,6.0
535,1.0,5.0,5.0
536,2.0,6.0,6.0
537,1.0,5.0,5.0
538,2.0,6.0,6.0
539,1.0,5.0,5.0
540,2.0,6.0,6.0
541,1.0,5.0,5.0
542,2.0,6.0,6.0
543,1.0,5.0,5.0
544,2.0,6.0,6.0
545,1.0,5.0,5.0
546,2.0,6.0,6.0
547,1.0,5.0,5.0
548,2.0,6.0,6.0
549,1.0,5.0,5.0
550,2.0,6.0,6.0
551,1.0,5.0,5.0
552,2.0,6.0,6.0
553,1.0,5.0,5.0
554,2.0,6.0,6.0
555,1.0,5.0,5.0
556,2.0,6.0,6.0
557,1.0,5.0,7.0
558,2.0,6.0,6.0
559,1.0,5.0,7.0
560,2.0,6.0,6.0
561,1.0,5.0,7.0
562,2.0,6.0,6.0
563,1.0,5.0,7.0
564,2.0,6.0,6.0
565,1.0,5.0,7.0
566,2.0,6.0,6.0
567,1.0,5.0,7.0
568,2.0,6.0,6.0
569,1.0,7.0,7.0
570,2.0,6.0,6.0
571,1.0,7.0,7.0
572,2.0,6.0,6.0
573,1.0,7.0,7.0
574,2.0,6.0,6.0
575,1.0,7.0,7.0
576,2.0,6.0,6.0
577,1.0,7.0,7.0
578,2.0,6.0,6.0
579,1.0,7.0,7.0
580,2.0,6.0,6.0
581,1.0,7.0,7.0
582,2.0,6.0,6.0
583,1.0,7.0,7.0
584,2.0,6.0,6.0
585,1.0,7.0,7.0
586,2.0,6.0,6.0
587,1.0,7.0,7.0
588,2.0,6.0,6.0
589,1.0,7.0,7.0
590,2.0,6.0,6.0
591,1.0,7.0,7.0
592,2.0,6.0,6.0
593,1.0,7.0,7.0
594,2.0,6.0,6.0
595,1.0,7.0,7.0
596,2.0,6.0,6.0
597,1.0,7.0,7.0
598,2.0,6.0,6.0
599,1.0,7.0,7.0
600,2.0,6.0,6.0
601,1.0,7.0,7.0
602,2.0,6.0,6.0
603,1.0,7.0,7.0
604,2.0,6.0,6.0
605,1.0,7.0,7.0
606,2.0,6.0,6.0
607,1.0,7.0,7.0
608,2.0,6.0,6.0
609,1.0,7.0,7.0
610,2.0,6.0,6.0
611,1.0,7.0,7.0
612,2.0,6.0,6.0
613,1.0,7.0,7.0
614,2.0,6.0,6.0
615,1.0,7.0,7.0
616,2.0,6.0,6.0
617,1.0,7.0,7.0
618,2.0,6.0,6.0
619,1.0,7.0,7.0
620,2.0,6.0,6.0
621,1.0,7.0,7.0
622,2.0,6.0,6.0
623,1.0,7.0,7.0
624,2.0,6.0,6.0
625,1.0,7.0,7.0
626,2.0,6.0,6.0
627,1.0,7.0,7.0
628,2.0,6.0,6.0
629,1.0,7.0,7.0
630,2.0,6.0,6.0
631,1.0,7.0,7.0
632,2.0,6.0,6.0
633,1.0,7.0,7.0
634,2.0,6.0,6.0
635,1.0,7.0,7.0
636,2.0,6.0,6.0
637,1.0,7.0,7.0
638,2.0,6.0,6.0
639,1.0,7.0,7.0
640,2.0,6.0,6.0
641,1.0,7.0,7.0
642,2.0,6.0,6.0
643,1.0,7.0,7.0
644,2.0,6.0,6.0
645,1.0,7.0,7.0
646,2.0,6.0,6.0
647,1.0,7.0,7.0
648,2.0,6.0,6.0
649,1.0,7.0,7.0
650,2.0,6.0,6.0
651,1.0,7.0,7.0
652,2.0,6.0,6.0
653,1.0,7.0,7.0
654,2.0,6.0,6.0
655,1.0,7.0,7.0
656,2.0,6.0,6.0
657,1.0,7.0,7.0
658,2.0,6.0,6.0
659,1.0,7.0,7.0
660,2.0,6.0,6.0
661,1.0,7.0,7.0
662,2.0,6.0,6.0
663,1.0,7.0,7.0
664,2.0,6.0,6.0
665,1.0,7.0,7.0
666,2.0,6.0,6.0
667,1.0,7.0,7.0
668,2.0,6.0,6.0
669,1.0,7.0,7.0
670,2.0,6.0,6.0
671,1.0,7.0,7.0
672,2.0,6.0,8.0
673,1.0,7.0,7.0
674,2.0,6.0,8.0
675,1.0,7.0,7.0
676,2.0,6.0,8.0
677,1.0,7.0,7.0
678,2.0,6.0,8.0
679,1.0,7.0,7.0
680,2.0,8.0,8.0
681,1.0,7.0,7.0
682,2.0,8.0,8.0
683,1.0,7.0,7.0
684,2.0,8.0,8.0
685,1.0,7.0,7.0
686,2.0,8.0,8.0
687,1.0,7.0,7.0
688,2.0,8.0,8.0
689,1.0,7.0,7.0
690,2.0,8.0,8.0
691,1.0,7.0,7.0
692,2.0,8.0,8.0
693,1.0,7.0,7.0
694,2.0,8.0,8.0
695,1.0,7.0,7.0
696,2.0,8.0,8.0
697,1.0,7.0,7.0
698,2.0,8.0,8.0
699,1.0,7.0,7.0
700,2.0,8.0,8.0
701,1.0,7.0,7.0
702,2.0,8.0,8.0
703,1.0,7.0,7.0
704,2.0,8.0,8.0
705,1.0,7.0,7.0
706,2.0,8.0,8.0
707,1.0,7.0,7.0
708,2.0,8.0,8.0
709,1.0,7.0,7.0
710,2.0,8.0,8.0
711,1.0,7.0,7.0
712,2.0,8.0,8.0
713,1.0,7.0,7.0
714,2.0,8.0,8.0
715,1.0,7.0,7.0
716,2.0,8.0,8.0
717,1.0,7.0,7.0
718,2.0,8.0,8.0
719,1.0,7.0,7.0
720,2.0,8.0,8.0
721,1.0,7.0,7.0
722,2.0,8.0,8.0
723,1.0,7.0,7.0
724,2.0,8.0,8.0
725,1.0,7.0,7.0
726,2.0,8.0,8.0
727,1.0,7.0,7.0
728,2.0,8.0,8.0
729,1.0,7.0,7.0
730,2.0,8.0,8.0
731,1.0,7.0,7.0
732,2.0,8.0,8.0
733,1.0,7.0,7.0
734,2.0,8.0,8.0
735,1.0,7.0,7.0
736,2.0,8.0,8.0
737,1.0,7.0,7.0
738,2.0,8.0,8.0
739,1.0,7.0,7.0
740,2.0,8.0,8.0
741,1.0,7.0,7.0
742,2.0,8.0,8.0
743,1.0,7.0,7.0
744,2.0,8.0,8.0
745,1.0,7.0,7.0
746,2.0,8.0,8.0
747,1.0,7.0,7.0
748,2.0,8.0,8.0
749,1.0,7.0,7.0
750,2.0,8.0,8.0
751,1.0,7.0,7.0
752,2.0,8.0,8.0
753,1.0,7.0,7.0
754,2.0,8.0,8.0
755,1.0,7.0,7.0
756,2.0,8.0,8.0
757,1.0,7.0,7.0
758,2.0,8.0,8.0
759,1.0,7.0,7.0
760,2.0,8.0,8.0
761,1.0,7.0,7.0
762,2.0,8.0,8.0
763,1.0,7.0,7.0
764,2.0,8.0,8.0
765,1.0,7.0,7.0
766,2.0,8.0,8.0
767,1.0,7.0,7.0
768,2.0,8.0,8.0
769,1.0,7.0,7.0
770,2.0,8.0,8.0
771,1.0,7.0,7.0
772,2.0,8.0,8.0
773,1.0,7.0,7.0
774,2.0,8.0,8.0
775,1.0,7.0,7.0
776,2.0,8.0,8.0
777,1.0,7.0,7.0
778,2.0,8.0,8.0
779,1.0,7.0,7.0
780,2.0,8.0,8.0
781,1.0,7.0,7.0
782,2.0,8.0,8.0
783,1.0,7.0,7.0
784,2.0,8.0,8.0
785,1.0,7.0,7.0
786,2.0,8.0,8.0
787,1.0,7.0,9.0
788,2.0,8.0,8.0
789,1.0,7.0,9.0
790,2.0,8.0,8.0
791,1.0,7.0,9.0
792,2.0,8.0,8.0
793,1.0,9.0,9.0
794,2.0,8.0,8.0
795,1.0,9.0,9.0
796,2.0,8.0,8.0
797,1.0,9.0,9.0
798,2.0,8.0,8.0
799,1.0,9.0,9.0
800,2.0,8.0,8.0
801,1.0,9.0,9.0
802,2.0,8.0,8.0
803,1.0,9.0,9.0
804,2.0,8.0,8.0
805,1.0,9.0,9.0
806,2.0,8.0,8.0
807,1.0,9.0,9.0
808,2.0,8.0,8.0
809,1.0,9.0,9.0
810,2.0,8.0,8.0
811,1.0,9.0,9.0
812,2.0,8.0,8.0
813,1.0,9.0,9.0
814,2.0,8.0,8.0
815,1.0,9.0,9.0
816,2.0,8.0,8.0
817,1.0,9.0,9.0
818,2.0,8.0,8.0
819,1.0,9.0,9.0
820,2.0,8.0,8.0
821,1.0,9.0,9.0
822,2.0,8.0,8.0
823,1.0,9.0,9.0
824,2.0,8.0,8.0
825,1.0,9.0,9.0
826,2.0,8.0,8.0
827,1.0,9.0,9.0
828,2.0,8.0,8.0
829,1.0,9.0,9.0
830,2.0,8.0,8.0
831,1.0,9.0,9.0
832,2.0,8.0,8.0
833,1.0,9.0,9.0
834,2.0,8.0,8.0
835,1.0,9.0,9.0
836,2.0,8.0,8.0
837,1.0,9.0,9.0
838,2.0,8.0,8.0
839,1.0,9.0,9.0
840,2.0,8.0,8.0
841,1.0,9.0,9.0
842,2.0,8.0,8.0
843,1.0,9.0,9.0
844,2.0,8.0,8.0
845,1.0,9.0,9.0
846,2.0,8.0,8.0
847,1.0,9.0,9.0
848,2.0,8.0,8.0
849,1.0,9.0,9.0
850,2.0,8.0,8.0
851,1.0,9.0,9.0
852,2.0,8.0,8.0
853,1.0,9.0,9.0
854,2.0,8.0,8.0
855,1.0,9.0,9.0
856,2.0,8.0,8.0
857,1.0,9.0,9.0
858,2.0,8.0,8.0
859,1.0,9.0,9.0
860,2.0,8.0,8.0
861,1.0,9.0,9.0
862,2.0,8.0,8.0
863,1.0,9.0,9.0
864,2.0,8.0,8.0
865,1.0,9.0,9.0
866,2.0,8.0,8.0
867,1.0,9.0,9.0
868,2.0,8.0,8.0
869,1.0,9.0,9.0
870,2.0,8.0,8.0
871,1.0,9.0,9.0
872,2.0,8.0,8.0
873,1.0,9.0,9.0
874,2.0,8.0,8.0
875,1.0,9.0,9.0
876,2.0,8.0,8.0
877,1.0,9.0,9.0
878,2.0,8.0,8.0
879,1.0,9.0,9.0
880,2.0,8.0,8.0
881,1.0,9.0,9.0
882,2.0,8.0,8.0
883,1.0,9.0,9.0
884,2.0,8.0,8.0
885,1.0,9.0,9.0
886,2.0,8.0,8.0
887,1.0,9.0,9.0
888,2.0,8.0,8.0
889,1.0,9.0,9.0
890,2.0,8.0,8.0
891,1.0,9.0,9.0
892,2.0,8.0,8.0
893,1.0,9.0,9.0
894,2.0,8.0,8.0
895,1.0,9.0,9.0
896,2.0,8.0,8.0
897,1.0,9.0,9.0
898,2.0,8.0,8.0
899,1.0,9.0,9.0
900,2.0,8.0,8.0
901,1.0,9.0,9.0
902,2.0,8.0,10.0
903,1.0,9.0,9.0
904,2.0,8.0,10.0
905,1.0,9.0,9.0
906,2.0,10.0,10.0
907,1.0,9.0,9.0
908,2.0,10.0,10.0
909,1.0,9.0,9.0
910,2.0,10.0,10.0
911,1.0,9.0,9.0
912,2.0,10.0,10.0
913,1.0,9.0,9.0
914,2.0,10.0,10.0
915,1.0,9.0,9.0
916,2.0,10.0,10.0
917,1.0,9.0,9.0
918,2.0,10.0,10.0
919,1.0,9.0,9.0
920,2.0,10.0,10.0
921,1.0,9.0,9.0
922,2.0,10.0,10.0
923,1.0,9.0,9.0
924,2.0,10.0,10.0
925,1.0,9.0,9.0
926,2.0,10.0,10.0
927,1.0,9.0,9.0
928,2.0,10.0,10.0
929,1.0,9.0,9.0
930,2.0,10.0,10.0
931,1.0,9.0,9.0
932,2.0,10.0,10.0
933,1.0,9.0,9.0
934,2.0,10.0,10.0
935,1.0,9.0,9.0
936,2.0,10.0,10.0
937,1.0,9.0,9.0
938,2.0,10.0,10.0
939,1.0,9.0,9.0
940,2.0,10.0,10.0
941,1.0,9.0,9.0
942,2.0,10.0,10.0
943,1.0,9.0,9.0
944,2.0,10.0,10.0
945,1.0,9.0,9.0
946,2.0,10.0,10.0
947,1.0,9.0,9.0
948,2.0,10.0,10.0
949,1.0,9.0,9.0
950,2.0,10.0,10.0
951,1.0,9.0,9.0
952,2.0,10.0,10.0
953,1.0,9.0,9.0
954,2.0,10.0,10.0
955,1.0,9.0,9.0
956,2.0,10.0,10.0
957,1.0,9.0,9.0
958,2.0,10.0,10.0
959,1.0,9.0,9.0
960,2.0,10.0,10.0
961,1.0,9.0,9.0
962,2.0,10.0,10.0
963,1.0,9.0,9.0
964,2.0,10.0,10.0
965,1.0,9.0,9.0
966,2.0,10.0,10.0
967,1.0,9.0,9.0
968,2.0,10.0,10.0
969,1.0,9.0,9.0
970,2.0,10.0,10.0
971,1.0,9.0,9.0
972,2.0,10.0,10.0
973,1.0,9.0,9.0
974,2.0,10.0,10.0
975,1.0,9.0,9.0
976,2.0,10.0,10.0
977,1.0,9.0,9.0
978,2.0,10.0,10.0
979,1.0,9.0,9.0
980,2.0,10.0,10.0
981,1.0,9.0,9.0
982,2.0,10.0,10.0
983,1.0,9.0,9.0
984,2.0,10.0,10.0
985,1.0,9.0,9.0
986,2.0,10.0,10.0
987,1.0,9.0,9.0
988,2.0,10.0,10.0
989,1.0,9.0,9.0
990,2.0,10.0,10.0
991,1.0,9.0,9.0
992,2.0,10.0,10.0
993,1.0,9.0,9.0
994,2.0,10.0,10.0
995,1.0,9.0,9.0
996,2.0,10.0,10.0
997,1.0,9.0,9.0
998,2.0,10.0,10.0
999,1.0,9.0,9.0
1000,2.0,10.0,10.0
