Original Quaternary Strand Length,3-RLL and Knuth with Skips quaternary redundancy
0,0.0
1,4.0
2,4.0
3,4.0
4,5.0
5,5.0
6,5.0
7,5.0
8,5.0
9,5.0
10,5.0
11,5.0
12,5.0
13,5.0
14,5.0
15,5.0
16,6.0
17,8.0
18,8.0
19,8.0
20,8.0
21,8.0
22,8.0
23,8.0
24,8.0
25,8.0
26,8.0
27,8.0
28,8.0
29,8.0
30,8.0
31,8.0
32,8.0
33,10.0
34,10.0
35,10.0
36,10.0
37,10.0
38,10.0
39,10.0
40,10.0
41,10.0
42,10.0
43,10.0
44,10.0
45,10.0
46,10.0
47,10.0
48,10.0
49,12.0
50,12.0
51,12.0
52,12.0
53,12.0
54,12.0
55,12.0
56,12.0
57,12.0
58,13.0
59,13.0
60,13.0
61,13.0
62,13.0
63,13.0
64,13.0
65,15.0
66,14.0
67,14.0
68,14.0
69,14.0
70,14.0
71,14.0
72,14.0
73,14.0
74,14.0
75,14.0
76,14.0
77,14.0
78,14.0
79,14.0
80,14.0
81,16.0
82,16.0
83,16.0
84,16.0
85,15.0
86,16.0
87,16.0
88,16.0
89,16.0
90,16.0
91,16.0
92,16.0
93,16.0
94,16.0
95,16.0
96,16.0
97,18.0
98,18.0
99,18.0
100,18.0
101,18.0
102,18.0
103,17.0
104,17.0
105,17.0
106,17.0
107,17.0
108,17.0
109,17.0
110,17.0
111,17.0
112,17.0
113,19.0
114,20.0
115,20.0
116,20.0
117,20.0
118,20.0
119,20.0
120,20.0
121,19.0
122,19.0
123,19.0
124,19.0
125,19.0
126,19.0
127,19.0
128,19.0
129,21.0
130,21.0
131,21.0
132,21.0
133,21.0
134,21.0
135,21.0
136,21.0
137,21.0
138,21.0
139,21.0
140,21.0
141,21.0
142,21.0
143,21.0
144,21.0
145,23.0
146,23.0
147,23.0
148,23.0
149,23.0
150,23.0
151,23.0
152,23.0
153,23.0
154,23.0
155,23.0
156,23.0
157,23.0
158,23.0
159,23.0
160,23.0
161,25.0
162,25.0
163,25.0
164,25.0
165,25.0
166,25.0
167,25.0
168,25.0
169,25.0
170,25.0
171,25.0
172,25.0
173,25.0
174,25.0
175,25.0
176,25.0
177,27.0
178,27.0
179,27.0
180,27.0
181,27.0
182,27.0
183,27.0
184,27.0
185,27.0
186,27.0
187,27.0
188,27.0
189,27.0
190,27.0
191,27.0
192,27.0
193,29.0
194,29.0
195,29.0
196,29.0
197,29.0
198,29.0
199,29.0
200,29.0
201,29.0
202,29.0
203,29.0
204,29.0
205,29.0
206,29.0
207,29.0
208,29.0
209,31.0
210,31.0
211,31.0
212,31.0
213,31.0
214,31.0
215,31.0
216,31.0
217,31.0
218,31.0
219,31.0
220,31.0
221,31.0
222,31.0
223,31.0
224,31.0
225,33.0
226,33.0
227,33.0
228,33.0
229,33.0
230,33.0
231,33.0
232,33.0
233,33.0
234,33.0
235,33.0
236,33.0
237,33.0
238,33.0
239,33.0
240,33.0
241,35.0
242,35.0
243,35.0
244,35.0
245,35.0
246,35.0
247,35.0
248,35.0
249,35.0
250,35.0
251,35.0
252,35.0
253,35.0
254,35.0
255,35.0
256,35.0
257,37.0
258,37.0
259,37.0
260,37.0
261,37.0
262,37.0
263,37.0
264,37.0
265,37.0
266,37.0
267,37.0
268,37.0
269,37.0
270,37.0
271,37.0
272,37.0
273,39.0
274,39.0
275,39.0
276,39.0
277,39.0
278,39.0
279,39.0
280,39.0
281,39.0
282,39.0
283,39.0
284,39.0
285,39.0
286,39.0
287,39.0
288,39.0
289,41.0
290,41.0
291,41.0
292,41.0
293,41.0
294,41.0
295,41.0
296,41.0
297,41.0
298,41.0
299,41.0
300,41.0
301,41.0
302,41.0
303,41.0
304,41.0
305,43.0
306,43.0
307,43.0
308,43.0
309,43.0
310,43.0
311,43.0
312,43.0
313,43.0
314,43.0
315,43.0
316,43.0
317,43.0
318,43.0
319,43.0
320,43.0
321,45.0
322,45.0
323,45.0
324,45.0
325,45.0
326,45.0
327,45.0
328,45.0
329,45.0
330,45.0
331,45.0
332,45.0
333,45.0
334,45.0
335,45.0
336,45.0
337,47.0
338,47.0
339,47.0
340,47.0
341,47.0
342,47.0
343,47.0
344,47.0
345,47.0
346,47.0
347,47.0
348,47.0
349,47.0
350,47.0
351,47.0
352,47.0
353,49.0
354,49.0
355,49.0
356,49.0
357,49.0
358,49.0
359,49.0
360,49.0
361,49.0
362,49.0
363,49.0
364,49.0
365,49.0
366,49.0
367,49.0
368,49.0
369,51.0
370,51.0
371,51.0
372,51.0
373,51.0
374,51.0
375,51.0
376,51.0
377,51.0
378,51.0
379,51.0
380,51.0
381,51.0
382,51.0
383,51.0
384,51.0
385,53.0
386,53.0
387,53.0
388,53.0
389,53.0
390,53.0
391,53.0
392,53.0
393,53.0
394,53.0
395,53.0
396,53.0
397,53.0
398,53.0
399,53.0
400,53.0
401,55.0
402,55.0
403,55.0
404,55.0
405,55.0
406,55.0
407,55.0
408,55.0
409,55.0
410,55.0
411,55.0
412,55.0
413,55.0
414,55.0
415,55.0
416,55.0
417,57.0
418,57.0
419,57.0
420,57.0
421,57.0
422,57.0
423,57.0
424,57.0
425,57.0
426,57.0
427,57.0
428,57.0
429,57.0
430,57.0
431,57.0
432,57.0
433,59.0
434,59.0
435,59.0
436,59.0
437,59.0
438,59.0
439,59.0
440,59.0
441,59.0
442,59.0
443,59.0
444,59.0
445,59.0
446,59.0
447,59.0
448,59.0
449,61.0
450,61.0
451,61.0
452,61.0
453,61.0
454,61.0
455,61.0
456,61.0
457,61.0
458,61.0
459,61.0
460,61.0
461,61.0
462,61.0
463,61.0
464,61.0
465,63.0
466,63.0
467,63.0
468,63.0
469,63.0
470,63.0
471,63.0
472,63.0
473,63.0
474,63.0
475,63.0
476,63.0
477,63.0
478,63.0
479,63.0
480,63.0
481,65.0
482,65.0
483,65.0
484,65.0
485,65.0
486,65.0
487,65.0
488,65.0
489,65.0
490,65.0
491,65.0
492,65.0
493,65.0
494,65.0
495,65.0
496,65.0
497,67.0
498,67.0
499,67.0
500,67.0
501,67.0
502,67.0
503,67.0
504,67.0
505,67.0
506,67.0
507,67.0
508,67.0
509,67.0
510,67.0
511,67.0
512,67.0
513,69.0
514,69.0
515,69.0
516,69.0
517,69.0
518,69.0
519,69.0
520,69.0
521,69.0
522,69.0
523,69.0
524,69.0
525,69.0
526,69.0
527,69.0
528,69.0
529,71.0
530,71.0
531,71.0
532,71.0
533,71.0
534,71.0
535,71.0
536,71.0
537,71.0
538,71.0
539,71.0
540,71.0
541,71.0
542,71.0
543,71.0
544,71.0
545,73.0
546,73.0
547,73.0
548,73.0
549,73.0
550,73.0
551,73.0
552,73.0
553,73.0
554,73.0
555,73.0
556,73.0
557,73.0
558,73.0
559,73.0
560,73.0
561,75.0
562,75.0
563,75.0
564,75.0
565,75.0
566,75.0
567,75.0
568,75.0
569,75.0
570,75.0
571,75.0
572,75.0
573,75.0
574,75.0
575,75.0
576,75.0
577,77.0
578,77.0
579,77.0
580,77.0
581,77.0
582,77.0
583,77.0
584,77.0
585,77.0
586,77.0
587,77.0
588,77.0
589,77.0
590,77.0
591,77.0
592,77.0
593,79.0
594,79.0
595,79.0
596,79.0
597,79.0
598,79.0
599,79.0
600,79.0
601,79.0
602,79.0
603,79.0
604,79.0
605,79.0
606,79.0
607,79.0
608,79.0
609,81.0
610,81.0
611,81.0
612,81.0
613,81.0
614,81.0
615,81.0
616,81.0
617,81.0
618,81.0
619,81.0
620,81.0
621,81.0
622,81.0
623,81.0
624,81.0
625,83.0
626,83.0
627,83.0
628,83.0
629,83.0
630,83.0
631,83.0
632,83.0
633,83.0
634,83.0
635,83.0
636,83.0
637,83.0
638,83.0
639,83.0
640,83.0
641,85.0
642,85.0
643,85.0
644,85.0
645,85.0
646,85.0
647,85.0
648,85.0
649,85.0
650,85.0
651,85.0
652,85.0
653,85.0
654,85.0
655,85.0
656,85.0
657,87.0
658,87.0
659,87.0
660,87.0
661,87.0
662,87.0
663,87.0
664,87.0
665,87.0
666,87.0
667,87.0
668,87.0
669,87.0
670,87.0
671,87.0
672,87.0
673,89.0
674,89.0
675,89.0
676,89.0
677,89.0
678,89.0
679,89.0
680,89.0
681,89.0
682,89.0
683,89.0
684,89.0
685,89.0
686,89.0
687,89.0
688,89.0
689,91.0
690,91.0
691,91.0
692,91.0
693,91.0
694,91.0
695,91.0
696,91.0
697,91.0
698,91.0
699,91.0
700,91.0
701,91.0
702,91.0
703,91.0
704,91.0
705,93.0
706,93.0
707,93.0
708,93.0
709,93.0
710,93.0
711,93.0
712,93.0
713,93.0
714,93.0
715,93.0
716,93.0
717,93.0
718,93.0
719,93.0
720,93.0
721,95.0
722,95.0
723,95.0
724,95.0
725,95.0
726,95.0
727,95.0
728,95.0
729,95.0
730,95.0
731,95.0
732,95.0
733,95.0
734,95.0
735,95.0
736,95.0
737,97.0
738,97.0
739,97.0
740,97.0
741,97.0
742,97.0
743,97.0
744,97.0
745,97.0
746,97.0
747,97.0
748,97.0
749,97.0
750,97.0
751,97.0
752,97.0
753,99.0
754,99.0
755,99.0
756,99.0
757,99.0
758,99.0
759,99.0
760,99.0
761,99.0
762,99.0
763,99.0
764,99.0
765,99.0
766,99.0
767,99.0
768,99.0
769,101.0
770,101.0
771,101.0
772,101.0
773,101.0
774,101.0
775,101.0
776,101.0
777,101.0
778,101.0
779,101.0
780,101.0
781,101.0
782,101.0
783,101.0
784,101.0
785,103.0
786,103.0
787,103.0
788,103.0
789,103.0
790,103.0
791,103.0
792,103.0
793,103.0
794,103.0
795,103.0
796,103.0
797,103.0
798,103.0
799,103.0
800,103.0
801,105.0
802,105.0
803,105.0
804,105.0
805,105.0
806,105.0
807,105.0
808,105.0
809,105.0
810,105.0
811,105.0
812,105.0
813,105.0
814,105.0
815,105.0
816,105.0
817,107.0
818,107.0
819,107.0
820,107.0
821,107.0
822,107.0
823,107.0
824,107.0
825,107.0
826,107.0
827,107.0
828,107.0
829,107.0
830,107.0
831,107.0
832,107.0
833,109.0
834,109.0
835,109.0
836,109.0
837,109.0
838,109.0
839,109.0
840,109.0
841,109.0
842,109.0
843,109.0
844,109.0
845,109.0
846,109.0
847,109.0
848,109.0
849,111.0
850,111.0
851,111.0
852,111.0
853,111.0
854,111.0
855,111.0
856,111.0
857,111.0
858,111.0
859,111.0
860,111.0
861,111.0
862,111.0
863,111.0
864,111.0
865,113.0
866,113.0
867,113.0
868,113.0
869,113.0
870,113.0
871,113.0
872,113.0
873,113.0
874,113.0
875,113.0
876,113.0
877,113.0
878,113.0
879,113.0
880,113.0
881,115.0
882,115.0
883,115.0
884,115.0
885,115.0
886,115.0
887,115.0
888,115.0
889,115.0
890,115.0
891,115.0
892,115.0
893,115.0
894,115.0
895,115.0
896,115.0
897,117.0
898,117.0
899,117.0
900,117.0
901,117.0
902,117.0
903,117.0
904,117.0
905,117.0
906,117.0
907,117.0
908,117.0
909,117.0
910,117.0
911,117.0
912,117.0
913,119.0
914,119.0
915,119.0
916,119.0
917,119.0
918,119.0
919,119.0
920,119.0
921,119.0
922,119.0
923,119.0
924,119.0
925,119.0
926,119.0
927,119.0
928,119.0
929,121.0
930,121.0
931,121.0
932,121.0
933,121.0
934,121.0
935,121.0
936,121.0
937,121.0
938,121.0
939,121.0
940,121.0
941,121.0
942,121.0
943,121.0
944,121.0
945,123.0
946,123.0
947,123.0
948,123.0
949,123.0
950,123.0
951,123.0
952,123.0
953,123.0
954,123.0
955,123.0
956,123.0
957,123.0
958,123.0
959,123.0
960,123.0
961,125.0
962,125.0
963,125.0
964,125.0
965,125.0
966,125.0
967,125.0
968,125.0
969,125.0
970,125.0
971,125.0
972,125.0
973,125.0
974,125.0
975,125.0
976,125.0
977,127.0
978,127.0
979,127.0
980,127.0
981,127.0
982,127.0
983,127.0
984,127.0
985,127.0
986,127.0
987,127.0
988,127.0
989,127.0
990,127.0
991,127.0
992,127.0
993,129.0
994,129.0
995,129.0
996,129.0
997,129.0
998,129.0
999,129.0
1000,129.0
1001,129.0
1002,129.0
1003,129.0
1004,129.0
1005,129.0
1006,129.0
1007,129.0
1008,129.0
1009,131.0
1010,131.0
1011,131.0
1012,131.0
1013,131.0
1014,131.0
1015,131.0
1016,131.0
1017,131.0
1018,131.0
1019,131.0
1020,131.0
1021,131.0
1022,131.0
1023,131.0
1024,131.0
1025,133.0
1026,133.0
1027,133.0
1028,133.0
1029,133.0
1030,133.0
1031,133.0
1032,133.0
1033,133.0
1034,133.0
1035,133.0
1036,133.0
1037,133.0
1038,133.0
1039,133.0
1040,133.0
1041,135.0
1042,135.0
1043,135.0
1044,135.0
1045,135.0
1046,135.0
1047,135.0
1048,135.0
1049,135.0
1050,135.0
1051,135.0
1052,135.0
1053,135.0
1054,135.0
1055,135.0
1056,135.0
1057,137.0
1058,137.0
1059,137.0
1060,137.0
1061,137.0
1062,137.0
1063,137.0
1064,137.0
1065,137.0
1066,137.0
1067,137.0
1068,137.0
1069,137.0
1070,137.0
1071,137.0
1072,137.0
1073,139.0
1074,139.0
1075,139.0
1076,139.0
1077,139.0
1078,139.0
1079,139.0
1080,139.0
1081,139.0
1082,139.0
1083,139.0
1084,139.0
1085,139.0
1086,139.0
1087,139.0
1088,139.0
1089,141.0
1090,141.0
1091,141.0
1092,141.0
1093,141.0
1094,141.0
1095,141.0
1096,141.0
1097,141.0
1098,141.0
1099,141.0
1100,141.0
1101,141.0
1102,141.0
1103,141.0
1104,141.0
1105,143.0
1106,143.0
1107,143.0
1108,143.0
1109,143.0
1110,143.0
1111,143.0
1112,143.0
1113,143.0
1114,143.0
1115,143.0
1116,143.0
1117,143.0
1118,143.0
1119,143.0
1120,143.0
1121,145.0
1122,145.0
1123,145.0
1124,145.0
1125,145.0
1126,145.0
1127,145.0
1128,145.0
1129,145.0
1130,145.0
1131,145.0
1132,145.0
1133,145.0
1134,145.0
1135,145.0
1136,145.0
1137,147.0
1138,147.0
1139,147.0
1140,147.0
1141,147.0
1142,147.0
1143,147.0
1144,147.0
1145,147.0
1146,147.0
1147,147.0
1148,147.0
1149,147.0
1150,147.0
1151,147.0
1152,147.0
1153,149.0
1154,149.0
1155,149.0
1156,149.0
1157,149.0
1158,149.0
1159,149.0
1160,149.0
1161,149.0
1162,149.0
1163,149.0
1164,149.0
1165,149.0
1166,149.0
1167,149.0
1168,149.0
1169,151.0
1170,151.0
1171,151.0
1172,151.0
1173,151.0
1174,151.0
1175,151.0
1176,151.0
1177,151.0
1178,151.0
1179,151.0
1180,151.0
1181,151.0
1182,151.0
1183,151.0
1184,151.0
1185,153.0
1186,153.0
1187,153.0
1188,153.0
1189,153.0
1190,153.0
1191,153.0
1192,153.0
1193,153.0
1194,153.0
1195,153.0
1196,153.0
1197,153.0
1198,153.0
1199,153.0
1200,153.0
1201,155.0
1202,155.0
1203,155.0
1204,155.0
1205,155.0
1206,155.0
1207,155.0
1208,155.0
1209,155.0
1210,155.0
1211,155.0
1212,155.0
1213,155.0
1214,155.0
1215,155.0
1216,155.0
1217,157.0
1218,157.0
1219,157.0
1220,157.0
1221,157.0
1222,157.0
1223,157.0
1224,157.0
1225,157.0
1226,157.0
1227,157.0
1228,157.0
1229,157.0
1230,157.0
1231,157.0
1232,157.0
1233,159.0
1234,159.0
1235,159.0
1236,159.0
1237,159.0
1238,159.0
1239,159.0
1240,159.0
1241,159.0
1242,159.0
1243,159.0
1244,159.0
1245,159.0
1246,159.0
1247,159.0
1248,159.0
1249,161.0
1250,161.0
1251,161.0
1252,161.0
1253,161.0
1254,161.0
1255,161.0
1256,161.0
1257,161.0
1258,161.0
1259,161.0
1260,161.0
1261,161.0
1262,161.0
1263,161.0
1264,161.0
1265,163.0
1266,163.0
1267,163.0
1268,163.0
1269,163.0
1270,163.0
1271,163.0
1272,163.0
1273,163.0
1274,163.0
1275,163.0
1276,163.0
1277,163.0
1278,163.0
1279,163.0
1280,163.0
1281,165.0
1282,165.0
1283,165.0
1284,165.0
1285,165.0
1286,165.0
1287,165.0
1288,165.0
1289,165.0
1290,165.0
1291,165.0
1292,165.0
1293,165.0
1294,165.0
1295,165.0
1296,165.0
1297,167.0
1298,167.0
1299,167.0
1300,167.0
1301,167.0
1302,167.0
1303,167.0
1304,167.0
1305,167.0
1306,167.0
1307,167.0
1308,167.0
1309,167.0
1310,167.0
1311,167.0
1312,167.0
1313,169.0
1314,169.0
1315,169.0
1316,169.0
1317,169.0
1318,169.0
1319,169.0
1320,169.0
1321,169.0
1322,169.0
1323,169.0
1324,169.0
1325,169.0
1326,169.0
1327,169.0
1328,169.0
1329,171.0
1330,171.0
1331,171.0
1332,171.0
1333,171.0
1334,171.0
1335,171.0
1336,171.0
1337,171.0
1338,171.0
1339,171.0
1340,171.0
1341,171.0
1342,171.0
1343,171.0
1344,171.0
1345,173.0
1346,173.0
1347,173.0
1348,173.0
1349,173.0
1350,173.0
1351,173.0
1352,173.0
1353,173.0
1354,173.0
1355,173.0
1356,173.0
1357,173.0
1358,173.0
1359,173.0
1360,173.0
1361,175.0
1362,175.0
1363,175.0
1364,175.0
1365,175.0
1366,175.0
1367,175.0
1368,175.0
1369,175.0
1370,175.0
1371,175.0
1372,175.0
1373,175.0
1374,175.0
1375,175.0
1376,175.0
1377,177.0
1378,177.0
1379,177.0
1380,177.0
1381,177.0
1382,177.0
1383,177.0
1384,177.0
1385,177.0
1386,177.0
1387,177.0
1388,177.0
1389,177.0
1390,177.0
1391,177.0
1392,177.0
1393,179.0
1394,179.0
1395,179.0
1396,179.0
1397,179.0
1398,179.0
1399,179.0
1400,179.0
1401,179.0
1402,179.0
1403,179.0
1404,179.0
1405,179.0
1406,179.0
1407,179.0
1408,179.0
1409,181.0
1410,181.0
1411,181.0
1412,181.0
1413,181.0
1414,181.0
1415,181.0
1416,181.0
1417,181.0
1418,181.0
1419,181.0
1420,181.0
1421,181.0
1422,181.0
1423,181.0
1424,181.0
1425,183.0
1426,183.0
1427,183.0
1428,183.0
1429,183.0
1430,183.0
1431,183.0
1432,183.0
1433,183.0
1434,183.0
1435,183.0
1436,183.0
1437,183.0
1438,183.0
1439,183.0
1440,183.0
1441,185.0
1442,185.0
1443,185.0
1444,185.0
1445,185.0
1446,185.0
1447,185.0
1448,185.0
1449,185.0
1450,185.0
1451,185.0
1452,185.0
1453,185.0
1454,185.0
1455,185.0
1456,185.0
1457,187.0
1458,187.0
1459,187.0
1460,187.0
1461,187.0
1462,187.0
1463,187.0
1464,187.0
1465,187.0
1466,187.0
1467,187.0
1468,187.0
1469,187.0
1470,187.0
1471,187.0
1472,187.0
1473,189.0
1474,189.0
1475,189.0
1476,189.0
1477,189.0
1478,189.0
1479,189.0
1480,189.0
1481,189.0
1482,189.0
1483,189.0
1484,189.0
1485,189.0
1486,189.0
1487,189.0
1488,189.0
1489,191.0
1490,191.0
1491,191.0
1492,191.0
1493,191.0
1494,191.0
1495,191.0
1496,191.0
1497,191.0
1498,191.0
1499,191.0
1500,191.0
1501,191.0
1502,191.0
1503,191.0
1504,191.0
1505,193.0
1506,193.0
1507,193.0
1508,193.0
1509,193.0
1510,193.0
1511,193.0
1512,193.0
1513,193.0
1514,193.0
1515,193.0
1516,193.0
1517,193.0
1518,193.0
1519,193.0
1520,193.0
1521,195.0
1522,195.0
1523,195.0
1524,195.0
1525,195.0
1526,195.0
1527,195.0
1528,195.0
1529,195.0
1530,195.0
1531,195.0
1532,195.0
1533,195.0
1534,195.0
1535,195.0
1536,195.0
1537,197.0
1538,197.0
1539,197.0
1540,197.0
1541,197.0
1542,197.0
1543,197.0
1544,197.0
1545,197.0
1546,197.0
1547,197.0
1548,197.0
1549,197.0
1550,197.0
1551,197.0
1552,197.0
1553,199.0
1554,199.0
1555,199.0
1556,199.0
1557,199.0
1558,199.0
1559,199.0
1560,199.0
1561,199.0
1562,199.0
1563,199.0
1564,199.0
1565,199.0
1566,199.0
1567,199.0
1568,199.0
1569,201.0
1570,201.0
1571,201.0
1572,201.0
1573,201.0
1574,201.0
1575,201.0
1576,201.0
1577,201.0
1578,201.0
1579,201.0
1580,201.0
1581,201.0
1582,201.0
1583,201.0
1584,201.0
1585,203.0
1586,203.0
1587,203.0
1588,203.0
1589,203.0
1590,203.0
1591,203.0
1592,203.0
1593,203.0
1594,203.0
1595,203.0
1596,203.0
1597,203.0
1598,203.0
1599,203.0
1600,203.0
1601,205.0
1602,205.0
1603,205.0
1604,205.0
1605,205.0
1606,205.0
1607,205.0
1608,205.0
1609,205.0
1610,205.0
1611,205.0
1612,205.0
1613,205.0
1614,205.0
1615,205.0
1616,205.0
1617,207.0
1618,207.0
1619,207.0
1620,207.0
1621,207.0
1622,207.0
1623,207.0
1624,207.0
1625,207.0
1626,207.0
1627,207.0
1628,207.0
1629,207.0
1630,207.0
1631,207.0
1632,207.0
1633,209.0
1634,209.0
1635,209.0
1636,209.0
1637,209.0
1638,209.0
1639,209.0
1640,209.0
1641,209.0
1642,209.0
1643,209.0
1644,209.0
1645,209.0
1646,209.0
1647,209.0
1648,209.0
1649,211.0
1650,211.0
1651,211.0
1652,211.0
1653,211.0
1654,211.0
1655,211.0
1656,211.0
1657,211.0
1658,211.0
1659,211.0
1660,211.0
1661,211.0
1662,211.0
1663,211.0
1664,211.0
1665,213.0
1666,213.0
1667,213.0
1668,213.0
1669,213.0
1670,213.0
1671,213.0
1672,213.0
1673,213.0
1674,213.0
1675,213.0
1676,213.0
1677,213.0
1678,213.0
1679,213.0
1680,213.0
1681,215.0
1682,215.0
1683,215.0
1684,215.0
1685,215.0
1686,215.0
1687,215.0
1688,215.0
1689,215.0
1690,215.0
1691,215.0
1692,215.0
1693,215.0
1694,215.0
1695,215.0
1696,215.0
1697,217.0
1698,217.0
1699,217.0
1700,217.0
1701,217.0
1702,217.0
1703,217.0
1704,217.0
1705,217.0
1706,217.0
1707,217.0
1708,217.0
1709,217.0
1710,217.0
1711,217.0
1712,217.0
1713,219.0
1714,219.0
1715,219.0
1716,219.0
1717,219.0
1718,219.0
1719,219.0
1720,219.0
1721,219.0
1722,219.0
1723,219.0
1724,219.0
1725,219.0
1726,219.0
1727,219.0
1728,219.0
1729,221.0
1730,221.0
1731,221.0
1732,221.0
1733,221.0
1734,221.0
1735,221.0
1736,221.0
1737,221.0
1738,221.0
1739,221.0
1740,221.0
1741,221.0
1742,221.0
1743,221.0
1744,221.0
1745,223.0
1746,223.0
1747,223.0
1748,223.0
1749,223.0
1750,223.0
1751,223.0
1752,223.0
1753,223.0
1754,223.0
1755,223.0
1756,223.0
1757,223.0
1758,223.0
1759,223.0
1760,223.0
1761,225.0
1762,225.0
1763,225.0
1764,225.0
1765,225.0
1766,225.0
1767,225.0
1768,225.0
1769,225.0
1770,225.0
1771,225.0
1772,225.0
1773,225.0
1774,225.0
1775,225.0
1776,225.0
1777,227.0
1778,227.0
1779,227.0
1780,227.0
1781,227.0
1782,227.0
1783,227.0
1784,227.0
1785,227.0
1786,227.0
1787,227.0
1788,227.0
1789,227.0
1790,227.0
1791,227.0
1792,227.0
1793,229.0
1794,229.0
1795,229.0
1796,229.0
1797,229.0
1798,229.0
1799,229.0
1800,229.0
1801,229.0
1802,229.0
1803,229.0
1804,229.0
1805,229.0
1806,229.0
1807,229.0
1808,229.0
1809,231.0
1810,231.0
1811,231.0
1812,231.0
1813,231.0
1814,231.0
1815,231.0
1816,231.0
1817,231.0
1818,231.0
1819,231.0
1820,231.0
1821,231.0
1822,231.0
1823,231.0
1824,231.0
1825,233.0
1826,233.0
1827,233.0
1828,233.0
1829,233.0
1830,233.0
1831,233.0
1832,233.0
1833,233.0
1834,233.0
1835,233.0
1836,233.0
1837,233.0
1838,233.0
1839,233.0
1840,233.0
1841,235.0
1842,235.0
1843,235.0
1844,235.0
1845,235.0
1846,235.0
1847,235.0
1848,235.0
1849,235.0
1850,235.0
1851,235.0
1852,235.0
1853,235.0
1854,235.0
1855,235.0
1856,235.0
1857,237.0
1858,237.0
1859,237.0
1860,237.0
1861,237.0
1862,237.0
1863,237.0
1864,237.0
1865,237.0
1866,237.0
1867,237.0
1868,237.0
1869,237.0
1870,237.0
1871,237.0
1872,237.0
1873,239.0
1874,239.0
1875,239.0
1876,239.0
1877,239.0
1878,239.0
1879,239.0
1880,239.0
1881,239.0
1882,239.0
1883,239.0
1884,239.0
1885,239.0
1886,239.0
1887,239.0
1888,239.0
1889,241.0
1890,241.0
1891,241.0
1892,241.0
1893,241.0
1894,241.0
1895,241.0
1896,241.0
1897,241.0
1898,241.0
1899,241.0
1900,241.0
1901,241.0
1902,241.0
1903,241.0
1904,241.0
1905,243.0
1906,243.0
1907,243.0
1908,243.0
1909,243.0
1910,243.0
1911,243.0
1912,243.0
1913,243.0
1914,243.0
1915,243.0
1916,243.0
1917,243.0
1918,243.0
1919,243.0
1920,243.0
1921,245.0
1922,245.0
1923,245.0
1924,245.0
1925,245.0
1926,245.0
1927,245.0
1928,245.0
1929,245.0
1930,245.0
1931,245.0
1932,245.0
1933,245.0
1934,245.0
1935,245.0
1936,245.0
1937,247.0
1938,247.0
1939,247.0
1940,247.0
1941,247.0
1942,247.0
1943,247.0
1944,247.0
1945,247.0
1946,247.0
1947,247.0
1948,247.0
1949,247.0
1950,247.0
1951,247.0
1952,247.0
1953,249.0
1954,249.0
1955,249.0
1956,249.0
1957,249.0
1958,249.0
1959,249.0
1960,249.0
1961,249.0
1962,249.0
1963,249.0
1964,249.0
1965,249.0
1966,249.0
1967,249.0
1968,249.0
1969,251.0
1970,251.0
1971,251.0
1972,251.0
1973,251.0
1974,251.0
1975,251.0
1976,251.0
1977,251.0
1978,251.0
1979,251.0
1980,251.0
1981,251.0
1982,251.0
1983,251.0
1984,251.0
1985,253.0
1986,253.0
1987,253.0
1988,253.0
1989,253.0
1990,253.0
1991,253.0
1992,253.0
1993,253.0
1994,253.0
1995,253.0
1996,253.0
1997,253.0
1998,253.0
1999,253.0
2000,253.0
2001,255.0
2002,255.0
2003,255.0
2004,255.0
2005,255.0
2006,255.0
2007,255.0
2008,255.0
2009,255.0
2010,255.0
2011,255.0
2012,255.0
2013,255.0
2014,255.0
2015,255.0
2016,255.0
2017,257.0
2018,257.0
2019,257.0
2020,257.0
2021,257.0
2022,257.0
2023,257.0
2024,257.0
2025,257.0
2026,257.0
2027,257.0
2028,257.0
2029,257.0
2030,257.0
2031,257.0
2032,257.0
2033,259.0
2034,259.0
2035,259.0
2036,259.0
2037,259.0
2038,259.0
2039,259.0
2040,259.0
2041,259.0
2042,259.0
2043,259.0
2044,259.0
2045,259.0
2046,259.0
2047,259.0
2048,259.0
2049,261.0
2050,261.0
2051,261.0
2052,261.0
2053,261.0
2054,261.0
2055,261.0
2056,261.0
2057,261.0
2058,261.0
2059,261.0
2060,261.0
2061,261.0
2062,261.0
2063,261.0
2064,261.0
2065,263.0
2066,263.0
2067,263.0
2068,263.0
2069,263.0
2070,263.0
2071,263.0
2072,263.0
2073,263.0
2074,263.0
2075,263.0
2076,263.0
2077,263.0
2078,263.0
2079,263.0
2080,263.0
2081,265.0
2082,265.0
2083,265.0
2084,265.0
2085,265.0
2086,265.0
2087,265.0
2088,265.0
2089,265.0
2090,265.0
2091,265.0
2092,265.0
2093,265.0
2094,265.0
2095,265.0
2096,265.0
2097,267.0
2098,267.0
2099,267.0
2100,267.0
2101,267.0
2102,267.0
2103,267.0
2104,267.0
2105,267.0
2106,267.0
2107,267.0
2108,267.0
2109,267.0
2110,267.0
2111,267.0
2112,267.0
2113,269.0
2114,269.0
2115,269.0
2116,269.0
2117,269.0
2118,269.0
2119,269.0
2120,269.0
2121,269.0
2122,269.0
2123,269.0
2124,269.0
2125,269.0
2126,269.0
2127,269.0
2128,269.0
2129,271.0
2130,271.0
2131,271.0
2132,271.0
2133,271.0
2134,271.0
2135,271.0
2136,271.0
2137,271.0
2138,271.0
2139,271.0
2140,271.0
2141,271.0
2142,271.0
2143,271.0
2144,271.0
2145,273.0
2146,273.0
2147,273.0
2148,273.0
2149,273.0
2150,273.0
2151,273.0
2152,273.0
2153,273.0
2154,273.0
2155,273.0
2156,273.0
2157,273.0
2158,273.0
2159,273.0
2160,273.0
2161,275.0
2162,275.0
2163,275.0
2164,275.0
2165,275.0
2166,275.0
2167,275.0
2168,275.0
2169,275.0
2170,275.0
2171,275.0
2172,275.0
2173,275.0
2174,275.0
2175,275.0
2176,275.0
2177,277.0
2178,277.0
2179,277.0
2180,277.0
2181,277.0
2182,277.0
2183,277.0
2184,277.0
2185,277.0
2186,277.0
2187,277.0
2188,277.0
2189,277.0
2190,277.0
2191,277.0
2192,277.0
2193,279.0
2194,279.0
2195,279.0
2196,279.0
2197,279.0
2198,279.0
2199,279.0
2200,279.0
2201,279.0
2202,279.0
2203,279.0
2204,279.0
2205,279.0
2206,279.0
2207,279.0
2208,279.0
2209,281.0
2210,281.0
2211,281.0
2212,281.0
2213,281.0
2214,281.0
2215,281.0
2216,281.0
2217,281.0
2218,281.0
2219,281.0
2220,281.0
2221,281.0
2222,281.0
2223,281.0
2224,281.0
2225,283.0
2226,283.0
2227,283.0
2228,283.0
2229,283.0
2230,283.0
2231,283.0
2232,283.0
2233,283.0
2234,283.0
2235,283.0
2236,283.0
2237,283.0
2238,283.0
2239,283.0
2240,283.0
2241,285.0
2242,285.0
2243,285.0
2244,285.0
2245,285.0
2246,285.0
2247,285.0
2248,285.0
2249,285.0
2250,285.0
2251,285.0
2252,285.0
2253,285.0
2254,285.0
2255,285.0
2256,285.0
2257,287.0
2258,287.0
2259,287.0
2260,287.0
2261,287.0
2262,287.0
2263,287.0
2264,287.0
2265,287.0
2266,287.0
2267,287.0
2268,287.0
2269,287.0
2270,287.0
2271,287.0
2272,287.0
2273,289.0
2274,289.0
2275,289.0
2276,289.0
2277,289.0
2278,289.0
2279,289.0
2280,289.0
2281,289.0
2282,289.0
2283,289.0
2284,289.0
2285,289.0
2286,289.0
2287,289.0
2288,289.0
2289,291.0
2290,291.0
2291,291.0
2292,291.0
2293,291.0
2294,291.0
2295,291.0
2296,291.0
2297,291.0
2298,291.0
2299,291.0
2300,291.0
2301,291.0
2302,291.0
2303,291.0
2304,291.0
2305,293.0
2306,293.0
2307,293.0
2308,293.0
2309,293.0
2310,293.0
2311,293.0
2312,293.0
2313,293.0
2314,293.0
2315,293.0
2316,293.0
2317,293.0
2318,293.0
2319,293.0
2320,293.0
2321,295.0
2322,295.0
2323,295.0
2324,295.0
2325,295.0
2326,295.0
2327,295.0
2328,295.0
2329,295.0
2330,295.0
2331,295.0
2332,295.0
2333,295.0
2334,295.0
2335,295.0
2336,295.0
2337,297.0
2338,297.0
2339,297.0
2340,297.0
2341,297.0
2342,297.0
2343,297.0
2344,297.0
2345,297.0
2346,297.0
2347,297.0
2348,297.0
2349,297.0
2350,297.0
2351,297.0
2352,297.0
2353,299.0
2354,299.0
2355,299.0
2356,299.0
2357,299.0
2358,299.0
2359,299.0
2360,299.0
2361,299.0
2362,299.0
2363,299.0
2364,299.0
2365,299.0
2366,299.0
2367,299.0
2368,299.0
2369,301.0
2370,301.0
2371,301.0
2372,301.0
2373,301.0
2374,301.0
2375,301.0
2376,301.0
2377,301.0
2378,301.0
2379,301.0
2380,301.0
2381,301.0
2382,301.0
2383,301.0
2384,301.0
2385,303.0
2386,303.0
2387,303.0
2388,303.0
2389,303.0
2390,303.0
2391,303.0
2392,303.0
2393,303.0
2394,303.0
2395,303.0
2396,303.0
2397,303.0
2398,303.0
2399,303.0
2400,303.0
2401,305.0
2402,305.0
2403,305.0
2404,305.0
2405,305.0
2406,305.0
2407,305.0
2408,305.0
2409,305.0
2410,305.0
2411,305.0
2412,305.0
2413,305.0
2414,305.0
2415,305.0
2416,305.0
2417,307.0
2418,307.0
2419,307.0
2420,307.0
2421,307.0
2422,307.0
2423,307.0
2424,307.0
2425,307.0
2426,307.0
2427,307.0
2428,307.0
2429,307.0
2430,307.0
2431,307.0
2432,307.0
2433,309.0
2434,309.0
2435,309.0
2436,309.0
2437,309.0
2438,309.0
2439,309.0
2440,309.0
2441,309.0
2442,309.0
2443,309.0
2444,309.0
2445,309.0
2446,309.0
2447,309.0
2448,309.0
2449,311.0
2450,311.0
2451,311.0
2452,311.0
2453,311.0
2454,311.0
2455,311.0
2456,311.0
2457,311.0
2458,311.0
2459,311.0
2460,311.0
2461,311.0
2462,311.0
2463,311.0
2464,311.0
2465,313.0
2466,313.0
2467,313.0
2468,313.0
2469,313.0
2470,313.0
2471,313.0
2472,313.0
2473,313.0
2474,313.0
2475,313.0
2476,313.0
2477,313.0
2478,313.0
2479,313.0
2480,313.0
2481,315.0
2482,315.0
2483,315.0
2484,315.0
2485,315.0
2486,315.0
2487,315.0
2488,315.0
2489,315.0
2490,315.0
2491,315.0
2492,315.0
2493,315.0
2494,315.0
2495,315.0
2496,315.0
2497,317.0
2498,317.0
2499,317.0
2500,317.0
2501,317.0
2502,317.0
2503,317.0
2504,317.0
2505,317.0
2506,317.0
2507,317.0
2508,317.0
2509,317.0
2510,317.0
2511,317.0
2512,317.0
2513,319.0
2514,319.0
2515,319.0
2516,319.0
2517,319.0
2518,319.0
2519,319.0
2520,319.0
2521,319.0
2522,319.0
2523,319.0
2524,319.0
2525,319.0
2526,319.0
2527,319.0
2528,319.0
2529,321.0
2530,321.0
2531,321.0
2532,321.0
2533,321.0
2534,321.0
2535,321.0
2536,321.0
2537,321.0
2538,321.0
2539,321.0
2540,321.0
2541,321.0
2542,321.0
2543,321.0
2544,321.0
2545,323.0
2546,323.0
2547,323.0
2548,323.0
2549,323.0
2550,323.0
2551,323.0
2552,323.0
2553,323.0
2554,323.0
2555,323.0
2556,323.0
2557,323.0
2558,323.0
2559,323.0
2560,323.0
2561,325.0
2562,325.0
2563,325.0
2564,325.0
2565,325.0
2566,325.0
2567,325.0
2568,325.0
2569,325.0
2570,325.0
2571,325.0
2572,325.0
2573,325.0
2574,325.0
2575,325.0
2576,325.0
2577,327.0
2578,327.0
2579,327.0
2580,327.0
2581,327.0
2582,327.0
2583,327.0
2584,327.0
2585,327.0
2586,327.0
2587,327.0
2588,327.0
2589,327.0
2590,327.0
2591,327.0
2592,327.0
2593,329.0
2594,329.0
2595,329.0
2596,329.0
2597,329.0
2598,329.0
2599,329.0
2600,329.0
2601,329.0
2602,329.0
2603,329.0
2604,329.0
2605,329.0
2606,329.0
2607,329.0
2608,329.0
2609,331.0
2610,331.0
2611,331.0
2612,331.0
2613,331.0
2614,331.0
2615,331.0
2616,331.0
2617,331.0
2618,331.0
2619,331.0
2620,331.0
2621,331.0
2622,331.0
2623,331.0
2624,331.0
2625,333.0
2626,333.0
2627,333.0
2628,333.0
2629,333.0
2630,333.0
2631,333.0
2632,333.0
2633,333.0
2634,333.0
2635,333.0
2636,333.0
2637,333.0
2638,333.0
2639,333.0
2640,333.0
2641,335.0
2642,335.0
2643,335.0
2644,335.0
2645,335.0
2646,335.0
2647,335.0
2648,335.0
2649,335.0
2650,335.0
2651,335.0
2652,335.0
2653,335.0
2654,335.0
2655,335.0
2656,335.0
2657,337.0
2658,337.0
2659,337.0
2660,337.0
2661,337.0
2662,337.0
2663,337.0
2664,337.0
2665,337.0
2666,337.0
2667,337.0
2668,337.0
2669,337.0
2670,337.0
2671,337.0
2672,337.0
2673,339.0
2674,339.0
2675,339.0
2676,339.0
2677,339.0
2678,339.0
2679,339.0
2680,339.0
2681,339.0
2682,339.0
2683,339.0
2684,339.0
2685,339.0
2686,339.0
2687,339.0
2688,339.0
2689,341.0
2690,341.0
2691,341.0
2692,341.0
2693,341.0
2694,341.0
2695,341.0
2696,341.0
2697,341.0
2698,341.0
2699,341.0
2700,341.0
2701,341.0
2702,341.0
2703,341.0
2704,341.0
2705,343.0
2706,343.0
2707,343.0
2708,343.0
2709,343.0
2710,343.0
2711,343.0
2712,343.0
2713,343.0
2714,343.0
2715,343.0
2716,343.0
2717,343.0
2718,343.0
2719,343.0
2720,343.0
2721,345.0
2722,345.0
2723,345.0
2724,345.0
2725,345.0
2726,345.0
2727,345.0
2728,345.0
2729,345.0
2730,345.0
2731,345.0
2732,345.0
2733,345.0
2734,345.0
2735,345.0
2736,345.0
2737,347.0
2738,347.0
2739,347.0
2740,347.0
2741,347.0
2742,347.0
2743,347.0
2744,347.0
2745,347.0
2746,347.0
2747,347.0
2748,347.0
2749,347.0
2750,347.0
2751,347.0
2752,347.0
2753,349.0
2754,349.0
2755,349.0
2756,349.0
2757,349.0
2758,349.0
2759,349.0
2760,349.0
2761,349.0
2762,349.0
2763,349.0
2764,349.0
2765,349.0
2766,349.0
2767,349.0
2768,349.0
2769,351.0
2770,351.0
2771,351.0
2772,351.0
2773,351.0
2774,351.0
2775,351.0
2776,351.0
2777,351.0
2778,351.0
2779,351.0
2780,351.0
2781,351.0
2782,351.0
2783,351.0
2784,351.0
2785,353.0
2786,353.0
2787,353.0
2788,353.0
2789,353.0
2790,353.0
2791,353.0
2792,353.0
2793,353.0
2794,353.0
2795,353.0
2796,353.0
2797,353.0
2798,353.0
2799,353.0
2800,353.0
2801,355.0
2802,355.0
2803,355.0
2804,355.0
2805,355.0
2806,355.0
2807,355.0
2808,355.0
2809,355.0
2810,355.0
2811,355.0
2812,355.0
2813,355.0
2814,355.0
2815,355.0
2816,355.0
2817,357.0
2818,357.0
2819,357.0
2820,357.0
2821,357.0
2822,357.0
2823,357.0
2824,357.0
2825,357.0
2826,357.0
2827,357.0
2828,357.0
2829,357.0
2830,357.0
2831,357.0
2832,357.0
2833,359.0
2834,359.0
2835,359.0
2836,359.0
2837,359.0
2838,359.0
2839,359.0
2840,359.0
2841,359.0
2842,359.0
2843,359.0
2844,359.0
2845,359.0
2846,359.0
2847,359.0
2848,359.0
2849,361.0
2850,361.0
2851,361.0
2852,361.0
2853,361.0
2854,361.0
2855,361.0
2856,361.0
2857,361.0
2858,361.0
2859,361.0
2860,361.0
2861,361.0
2862,361.0
2863,361.0
2864,361.0
2865,363.0
2866,363.0
2867,363.0
2868,363.0
2869,363.0
2870,363.0
2871,363.0
2872,363.0
2873,363.0
2874,363.0
2875,363.0
2876,363.0
2877,363.0
2878,363.0
2879,363.0
2880,363.0
2881,365.0
2882,365.0
2883,365.0
2884,365.0
2885,365.0
2886,365.0
2887,365.0
2888,365.0
2889,365.0
2890,365.0
2891,365.0
2892,365.0
2893,365.0
2894,365.0
2895,365.0
2896,365.0
2897,367.0
2898,367.0
2899,367.0
2900,367.0
2901,367.0
2902,367.0
2903,367.0
2904,367.0
2905,367.0
2906,367.0
2907,367.0
2908,367.0
2909,367.0
2910,367.0
2911,367.0
2912,367.0
2913,369.0
2914,369.0
2915,369.0
2916,369.0
2917,369.0
2918,369.0
2919,369.0
2920,369.0
2921,369.0
2922,369.0
2923,369.0
2924,369.0
2925,369.0
2926,369.0
2927,369.0
2928,369.0
2929,371.0
2930,371.0
2931,371.0
2932,371.0
2933,371.0
2934,371.0
2935,371.0
2936,371.0
2937,371.0
2938,371.0
2939,371.0
2940,371.0
2941,371.0
2942,371.0
2943,371.0
2944,371.0
2945,373.0
2946,373.0
2947,373.0
2948,373.0
2949,373.0
2950,373.0
2951,373.0
2952,373.0
2953,373.0
2954,373.0
2955,373.0
2956,373.0
2957,373.0
2958,373.0
2959,373.0
2960,373.0
2961,375.0
2962,375.0
2963,375.0
2964,375.0
2965,375.0
2966,375.0
2967,375.0
2968,375.0
2969,375.0
2970,375.0
2971,375.0
2972,375.0
2973,375.0
2974,375.0
2975,375.0
2976,375.0
2977,377.0
2978,377.0
2979,377.0
2980,377.0
2981,377.0
2982,377.0
2983,377.0
2984,377.0
2985,377.0
2986,377.0
2987,377.0
2988,377.0
2989,377.0
2990,377.0
2991,377.0
2992,377.0
2993,379.0
2994,379.0
2995,379.0
2996,379.0
2997,379.0
2998,379.0
2999,379.0
3000,379.0
3001,379.0
3002,379.0
3003,379.0
3004,379.0
3005,379.0
3006,379.0
3007,379.0
3008,379.0
3009,381.0
3010,381.0
3011,381.0
3012,381.0
3013,381.0
3014,381.0
3015,381.0
3016,381.0
3017,381.0
3018,381.0
3019,381.0
3020,381.0
3021,381.0
3022,381.0
3023,381.0
3024,381.0
3025,383.0
3026,383.0
3027,383.0
3028,383.0
3029,383.0
3030,383.0
3031,383.0
3032,383.0
3033,383.0
3034,383.0
3035,383.0
3036,383.0
3037,383.0
3038,383.0
3039,383.0
3040,383.0
3041,385.0
3042,385.0
3043,385.0
3044,385.0
3045,385.0
3046,385.0
3047,385.0
3048,385.0
3049,385.0
3050,385.0
3051,385.0
3052,385.0
3053,385.0
3054,385.0
3055,385.0
3056,385.0
3057,387.0
3058,387.0
3059,387.0
3060,387.0
3061,387.0
3062,387.0
3063,387.0
3064,387.0
3065,387.0
3066,387.0
3067,387.0
3068,387.0
3069,387.0
3070,387.0
3071,387.0
3072,387.0
3073,389.0
3074,389.0
3075,389.0
3076,389.0
3077,389.0
3078,389.0
3079,389.0
3080,389.0
3081,389.0
3082,389.0
3083,389.0
3084,389.0
3085,389.0
3086,389.0
3087,389.0
3088,389.0
3089,391.0
3090,391.0
3091,391.0
3092,391.0
3093,391.0
3094,391.0
3095,391.0
3096,391.0
3097,391.0
3098,391.0
3099,391.0
3100,391.0
3101,391.0
3102,391.0
3103,391.0
3104,391.0
3105,393.0
3106,393.0
3107,393.0
3108,393.0
3109,393.0
3110,393.0
3111,393.0
3112,393.0
3113,393.0
3114,393.0
3115,393.0
3116,393.0
3117,393.0
3118,393.0
3119,393.0
3120,393.0
3121,395.0
3122,395.0
3123,395.0
3124,395.0
3125,395.0
3126,395.0
3127,395.0
3128,395.0
3129,395.0
3130,395.0
3131,395.0
3132,395.0
3133,395.0
3134,395.0
3135,395.0
3136,395.0
3137,397.0
3138,397.0
3139,397.0
3140,397.0
3141,397.0
3142,397.0
3143,397.0
3144,397.0
3145,397.0
3146,397.0
3147,397.0
3148,397.0
3149,397.0
3150,397.0
3151,397.0
3152,397.0
3153,399.0
3154,399.0
3155,399.0
3156,399.0
3157,399.0
3158,399.0
3159,399.0
3160,399.0
3161,399.0
3162,399.0
3163,399.0
3164,399.0
3165,399.0
3166,399.0
3167,399.0
3168,399.0
3169,401.0
3170,401.0
3171,401.0
3172,401.0
3173,401.0
3174,401.0
3175,401.0
3176,401.0
3177,401.0
3178,401.0
3179,401.0
3180,401.0
3181,401.0
3182,401.0
3183,401.0
3184,401.0
3185,403.0
3186,403.0
3187,403.0
3188,403.0
3189,403.0
3190,403.0
3191,403.0
3192,403.0
3193,403.0
3194,403.0
3195,403.0
3196,403.0
3197,403.0
3198,403.0
3199,403.0
3200,403.0
3201,405.0
3202,405.0
3203,405.0
3204,405.0
3205,405.0
3206,405.0
3207,405.0
3208,405.0
3209,405.0
3210,405.0
3211,405.0
3212,405.0
3213,405.0
3214,405.0
3215,405.0
3216,405.0
3217,407.0
3218,407.0
3219,407.0
3220,407.0
3221,407.0
3222,407.0
3223,407.0
3224,407.0
3225,407.0
3226,407.0
3227,407.0
3228,407.0
3229,407.0
3230,407.0
3231,407.0
3232,407.0
3233,409.0
3234,409.0
3235,409.0
3236,409.0
3237,409.0
3238,409.0
3239,409.0
3240,409.0
3241,409.0
3242,409.0
3243,409.0
3244,409.0
3245,409.0
3246,409.0
3247,409.0
3248,409.0
3249,411.0
3250,411.0
3251,411.0
3252,411.0
3253,411.0
3254,411.0
3255,411.0
3256,411.0
3257,411.0
3258,411.0
3259,411.0
3260,411.0
3261,411.0
3262,411.0
3263,411.0
3264,411.0
3265,413.0
3266,413.0
3267,413.0
3268,413.0
3269,413.0
3270,413.0
3271,413.0
3272,413.0
3273,413.0
3274,413.0
3275,413.0
3276,413.0
3277,413.0
3278,413.0
3279,413.0
3280,413.0
3281,415.0
3282,415.0
3283,415.0
3284,415.0
3285,415.0
3286,415.0
3287,415.0
3288,415.0
3289,415.0
3290,415.0
3291,415.0
3292,415.0
3293,415.0
3294,415.0
3295,415.0
3296,415.0
3297,417.0
3298,417.0
3299,417.0
3300,417.0
3301,417.0
3302,417.0
3303,417.0
3304,417.0
3305,417.0
3306,417.0
3307,417.0
3308,417.0
3309,417.0
3310,417.0
3311,417.0
3312,417.0
3313,419.0
3314,419.0
3315,419.0
3316,419.0
3317,419.0
3318,419.0
3319,419.0
3320,419.0
3321,419.0
3322,419.0
3323,419.0
3324,419.0
3325,419.0
3326,419.0
3327,419.0
3328,419.0
3329,421.0
3330,421.0
3331,421.0
3332,421.0
3333,421.0
3334,421.0
3335,421.0
3336,421.0
3337,421.0
3338,421.0
3339,421.0
3340,421.0
3341,421.0
3342,421.0
3343,421.0
3344,421.0
3345,423.0
3346,423.0
3347,423.0
3348,423.0
3349,423.0
3350,423.0
3351,423.0
3352,423.0
3353,423.0
3354,423.0
3355,423.0
3356,423.0
3357,423.0
3358,423.0
3359,423.0
3360,423.0
3361,425.0
3362,425.0
3363,425.0
3364,425.0
3365,425.0
3366,425.0
3367,425.0
3368,425.0
3369,425.0
3370,425.0
3371,425.0
3372,425.0
3373,425.0
3374,425.0
3375,425.0
3376,425.0
3377,427.0
3378,427.0
3379,427.0
3380,427.0
3381,427.0
3382,427.0
3383,427.0
3384,427.0
3385,427.0
3386,427.0
3387,427.0
3388,427.0
3389,427.0
3390,427.0
3391,427.0
3392,427.0
3393,429.0
3394,429.0
3395,429.0
3396,429.0
3397,429.0
3398,429.0
3399,429.0
3400,429.0
3401,429.0
3402,429.0
3403,429.0
3404,429.0
3405,429.0
3406,429.0
3407,429.0
3408,429.0
3409,431.0
3410,431.0
3411,431.0
3412,431.0
3413,431.0
3414,431.0
3415,431.0
3416,431.0
3417,431.0
3418,431.0
3419,431.0
3420,431.0
3421,431.0
3422,431.0
3423,431.0
3424,431.0
3425,433.0
3426,433.0
3427,433.0
3428,433.0
3429,433.0
3430,433.0
3431,433.0
3432,433.0
3433,433.0
3434,433.0
3435,433.0
3436,433.0
3437,433.0
3438,433.0
3439,433.0
3440,433.0
3441,435.0
3442,435.0
3443,435.0
3444,435.0
3445,435.0
3446,435.0
3447,435.0
3448,435.0
3449,435.0
3450,435.0
3451,435.0
3452,435.0
3453,435.0
3454,435.0
3455,435.0
3456,435.0
3457,437.0
3458,437.0
3459,437.0
3460,437.0
3461,437.0
3462,437.0
3463,437.0
3464,437.0
3465,437.0
3466,437.0
3467,437.0
3468,437.0
3469,437.0
3470,437.0
3471,437.0
3472,437.0
3473,439.0
3474,439.0
3475,439.0
3476,439.0
3477,439.0
3478,439.0
3479,439.0
3480,439.0
3481,439.0
3482,439.0
3483,439.0
3484,439.0
3485,439.0
3486,439.0
3487,439.0
3488,439.0
3489,441.0
3490,441.0
3491,441.0
3492,441.0
3493,441.0
3494,441.0
3495,441.0
3496,441.0
3497,441.0
3498,441.0
3499,441.0
3500,441.0
3501,441.0
3502,441.0
3503,441.0
3504,441.0
3505,443.0
3506,443.0
3507,443.0
3508,443.0
3509,443.0
3510,443.0
3511,443.0
3512,443.0
3513,443.0
3514,443.0
3515,443.0
3516,443.0
3517,443.0
3518,443.0
3519,443.0
3520,443.0
3521,445.0
3522,445.0
3523,445.0
3524,445.0
3525,445.0
3526,445.0
3527,445.0
3528,445.0
3529,445.0
3530,445.0
3531,445.0
3532,445.0
3533,445.0
3534,445.0
3535,445.0
3536,445.0
3537,447.0
3538,447.0
3539,447.0
3540,447.0
3541,447.0
3542,447.0
3543,447.0
3544,447.0
3545,447.0
3546,447.0
3547,447.0
3548,447.0
3549,447.0
3550,447.0
3551,447.0
3552,447.0
3553,449.0
3554,449.0
3555,449.0
3556,449.0
3557,449.0
3558,449.0
3559,449.0
3560,449.0
3561,449.0
3562,449.0
3563,449.0
3564,449.0
3565,449.0
3566,449.0
3567,449.0
3568,449.0
3569,451.0
3570,451.0
3571,451.0
3572,451.0
3573,451.0
3574,451.0
3575,451.0
3576,451.0
3577,451.0
3578,451.0
3579,451.0
3580,451.0
3581,451.0
3582,451.0
3583,451.0
3584,451.0
3585,453.0
3586,453.0
3587,453.0
3588,453.0
3589,453.0
3590,453.0
3591,453.0
3592,453.0
3593,453.0
3594,453.0
3595,453.0
3596,453.0
3597,453.0
3598,453.0
3599,453.0
3600,453.0
3601,455.0
3602,455.0
3603,455.0
3604,455.0
3605,455.0
3606,455.0
3607,455.0
3608,455.0
3609,455.0
3610,455.0
3611,455.0
3612,455.0
3613,455.0
3614,455.0
3615,455.0
3616,455.0
3617,457.0
3618,457.0
3619,457.0
3620,457.0
3621,457.0
3622,457.0
3623,457.0
3624,457.0
3625,457.0
3626,457.0
3627,457.0
3628,457.0
3629,457.0
3630,457.0
3631,457.0
3632,457.0
3633,459.0
3634,459.0
3635,459.0
3636,459.0
3637,459.0
3638,459.0
3639,459.0
3640,459.0
3641,459.0
3642,459.0
3643,459.0
3644,459.0
3645,459.0
3646,459.0
3647,459.0
3648,459.0
3649,461.0
3650,461.0
3651,461.0
3652,461.0
3653,461.0
3654,461.0
3655,461.0
3656,461.0
3657,461.0
3658,461.0
3659,461.0
3660,461.0
3661,461.0
3662,461.0
3663,461.0
3664,461.0
3665,463.0
3666,463.0
3667,463.0
3668,463.0
3669,463.0
3670,463.0
3671,463.0
3672,463.0
3673,463.0
3674,463.0
3675,463.0
3676,463.0
3677,463.0
3678,463.0
3679,463.0
3680,463.0
3681,465.0
3682,465.0
3683,465.0
3684,465.0
3685,465.0
3686,465.0
3687,465.0
3688,465.0
3689,465.0
3690,465.0
3691,465.0
3692,465.0
3693,465.0
3694,465.0
3695,465.0
3696,465.0
3697,467.0
3698,467.0
3699,467.0
3700,467.0
3701,467.0
3702,467.0
3703,467.0
3704,467.0
3705,467.0
3706,467.0
3707,467.0
3708,467.0
3709,467.0
3710,467.0
3711,467.0
3712,467.0
3713,469.0
3714,469.0
3715,469.0
3716,469.0
3717,469.0
3718,469.0
3719,469.0
3720,469.0
3721,469.0
3722,469.0
3723,469.0
3724,469.0
3725,469.0
3726,469.0
3727,469.0
3728,469.0
3729,471.0
3730,471.0
3731,471.0
3732,471.0
3733,471.0
3734,471.0
3735,471.0
3736,471.0
3737,471.0
3738,471.0
3739,471.0
3740,471.0
3741,471.0
3742,471.0
3743,471.0
3744,471.0
3745,473.0
3746,473.0
3747,473.0
3748,473.0
3749,473.0
3750,473.0
3751,473.0
3752,473.0
3753,473.0
3754,473.0
3755,473.0
3756,473.0
3757,473.0
3758,473.0
3759,473.0
3760,473.0
3761,475.0
3762,475.0
3763,475.0
3764,475.0
3765,475.0
3766,475.0
3767,475.0
3768,475.0
3769,475.0
3770,475.0
3771,475.0
3772,475.0
3773,475.0
3774,475.0
3775,475.0
3776,475.0
3777,477.0
3778,477.0
3779,477.0
3780,477.0
3781,477.0
3782,477.0
3783,477.0
3784,477.0
3785,477.0
3786,477.0
3787,477.0
3788,477.0
3789,477.0
3790,477.0
3791,477.0
3792,477.0
3793,479.0
3794,479.0
3795,479.0
3796,479.0
3797,479.0
3798,479.0
3799,479.0
3800,479.0
3801,479.0
3802,479.0
3803,479.0
3804,479.0
3805,479.0
3806,479.0
3807,479.0
3808,479.0
3809,481.0
3810,481.0
3811,481.0
3812,481.0
3813,481.0
3814,481.0
3815,481.0
3816,481.0
3817,481.0
3818,481.0
3819,481.0
3820,481.0
3821,481.0
3822,481.0
3823,481.0
3824,481.0
3825,483.0
3826,483.0
3827,483.0
3828,483.0
3829,483.0
3830,483.0
3831,483.0
3832,483.0
3833,483.0
3834,483.0
3835,483.0
3836,483.0
3837,483.0
3838,483.0
3839,483.0
3840,483.0
3841,485.0
3842,485.0
3843,485.0
3844,485.0
3845,485.0
3846,485.0
3847,485.0
3848,485.0
3849,485.0
3850,485.0
3851,485.0
3852,485.0
3853,485.0
3854,485.0
3855,485.0
3856,485.0
3857,487.0
3858,487.0
3859,487.0
3860,487.0
3861,487.0
3862,487.0
3863,487.0
3864,487.0
3865,487.0
3866,487.0
3867,487.0
3868,487.0
3869,487.0
3870,487.0
3871,487.0
3872,487.0
3873,489.0
3874,489.0
3875,489.0
3876,489.0
3877,489.0
3878,489.0
3879,489.0
3880,489.0
3881,489.0
3882,489.0
3883,489.0
3884,489.0
3885,489.0
3886,489.0
3887,489.0
3888,489.0
3889,491.0
3890,491.0
3891,491.0
3892,491.0
3893,491.0
3894,491.0
3895,491.0
3896,491.0
3897,491.0
3898,491.0
3899,491.0
3900,491.0
3901,491.0
3902,491.0
3903,491.0
3904,491.0
3905,493.0
3906,493.0
3907,493.0
3908,493.0
3909,493.0
3910,493.0
3911,493.0
3912,493.0
3913,493.0
3914,493.0
3915,493.0
3916,493.0
3917,493.0
3918,493.0
3919,493.0
3920,493.0
3921,495.0
3922,495.0
3923,495.0
3924,495.0
3925,495.0
3926,495.0
3927,495.0
3928,495.0
3929,495.0
3930,495.0
3931,495.0
3932,495.0
3933,495.0
3934,495.0
3935,495.0
3936,495.0
3937,497.0
3938,497.0
3939,497.0
3940,497.0
3941,497.0
3942,497.0
3943,497.0
3944,497.0
3945,497.0
3946,497.0
3947,497.0
3948,497.0
3949,497.0
3950,497.0
3951,497.0
3952,497.0
3953,499.0
3954,499.0
3955,499.0
3956,499.0
3957,499.0
3958,499.0
3959,499.0
3960,499.0
3961,499.0
3962,499.0
3963,499.0
3964,499.0
3965,499.0
3966,499.0
3967,499.0
3968,499.0
3969,501.0
3970,501.0
3971,501.0
3972,501.0
3973,501.0
3974,501.0
3975,501.0
3976,501.0
3977,501.0
3978,501.0
3979,501.0
3980,501.0
3981,501.0
3982,501.0
3983,501.0
3984,501.0
3985,503.0
3986,503.0
3987,503.0
3988,503.0
3989,503.0
3990,503.0
3991,503.0
3992,503.0
3993,503.0
3994,503.0
3995,503.0
3996,503.0
3997,503.0
3998,503.0
3999,503.0
4000,503.0
4001,505.0
4002,505.0
4003,505.0
4004,505.0
4005,505.0
4006,505.0
4007,505.0
4008,505.0
4009,505.0
4010,505.0
4011,505.0
4012,505.0
4013,505.0
4014,505.0
4015,505.0
4016,505.0
4017,507.0
4018,507.0
4019,507.0
4020,507.0
4021,507.0
4022,507.0
4023,507.0
4024,507.0
4025,507.0
4026,507.0
4027,507.0
4028,507.0
4029,507.0
4030,507.0
4031,507.0
4032,507.0
4033,509.0
4034,509.0
4035,509.0
4036,509.0
4037,509.0
4038,509.0
4039,509.0
4040,509.0
4041,509.0
4042,509.0
4043,509.0
4044,509.0
4045,509.0
4046,509.0
4047,509.0
4048,509.0
4049,511.0
4050,511.0
4051,511.0
4052,511.0
4053,511.0
4054,511.0
4055,511.0
4056,511.0
4057,511.0
4058,511.0
4059,511.0
4060,511.0
4061,511.0
4062,511.0
4063,511.0
4064,511.0
4065,513.0
4066,513.0
4067,513.0
4068,513.0
4069,513.0
4070,513.0
4071,513.0
4072,513.0
4073,513.0
4074,513.0
4075,513.0
4076,513.0
4077,513.0
4078,513.0
4079,513.0
4080,513.0
4081,515.0
4082,515.0
4083,515.0
4084,515.0
4085,515.0
4086,515.0
4087,515.0
4088,515.0
4089,515.0
4090,515.0
4091,515.0
4092,515.0
4093,515.0
4094,515.0
4095,515.0
4096,515.0
4097,517.0
4098,517.0
4099,517.0
4100,517.0
4101,517.0
4102,517.0
4103,517.0
4104,517.0
4105,517.0
4106,517.0
4107,517.0
4108,517.0
4109,517.0
4110,517.0
4111,517.0
4112,517.0
4113,519.0
4114,519.0
4115,519.0
4116,519.0
4117,519.0
4118,519.0
4119,519.0
4120,519.0
4121,519.0
4122,519.0
4123,519.0
4124,519.0
4125,519.0
4126,519.0
4127,519.0
4128,519.0
4129,521.0
4130,521.0
4131,521.0
4132,521.0
4133,521.0
4134,521.0
4135,521.0
4136,521.0
4137,521.0
4138,521.0
4139,521.0
4140,521.0
4141,521.0
4142,521.0
4143,521.0
4144,521.0
4145,523.0
4146,523.0
4147,523.0
4148,523.0
4149,523.0
4150,523.0
4151,523.0
4152,523.0
4153,523.0
4154,523.0
4155,523.0
4156,523.0
4157,523.0
4158,523.0
4159,523.0
4160,523.0
4161,525.0
4162,525.0
4163,525.0
4164,525.0
4165,525.0
4166,525.0
4167,525.0
4168,525.0
4169,525.0
4170,525.0
4171,525.0
4172,525.0
4173,525.0
4174,525.0
4175,525.0
4176,525.0
4177,527.0
4178,527.0
4179,527.0
4180,527.0
4181,527.0
4182,527.0
4183,527.0
4184,527.0
4185,527.0
4186,527.0
4187,527.0
4188,527.0
4189,527.0
4190,527.0
4191,527.0
4192,527.0
4193,529.0
4194,529.0
4195,529.0
4196,529.0
4197,529.0
4198,529.0
4199,529.0
4200,529.0
4201,529.0
4202,529.0
4203,529.0
4204,529.0
4205,529.0
4206,529.0
4207,529.0
4208,529.0
4209,531.0
4210,531.0
4211,531.0
4212,531.0
4213,531.0
4214,531.0
4215,531.0
4216,531.0
4217,531.0
4218,531.0
4219,531.0
4220,531.0
4221,531.0
4222,531.0
4223,531.0
4224,531.0
4225,533.0
4226,533.0
4227,533.0
4228,533.0
4229,533.0
4230,533.0
4231,533.0
4232,533.0
4233,533.0
4234,533.0
4235,533.0
4236,533.0
4237,533.0
4238,533.0
4239,533.0
4240,533.0
4241,535.0
4242,535.0
4243,535.0
4244,535.0
4245,535.0
4246,535.0
4247,535.0
4248,535.0
4249,535.0
4250,535.0
4251,535.0
4252,535.0
4253,535.0
4254,535.0
4255,535.0
4256,535.0
4257,537.0
4258,537.0
4259,537.0
4260,537.0
4261,537.0
4262,537.0
4263,537.0
4264,537.0
4265,537.0
4266,537.0
4267,537.0
4268,537.0
4269,537.0
4270,537.0
4271,537.0
4272,537.0
4273,539.0
4274,539.0
4275,539.0
4276,539.0
4277,539.0
4278,539.0
4279,539.0
4280,539.0
4281,539.0
4282,539.0
4283,539.0
4284,539.0
4285,539.0
4286,539.0
4287,539.0
4288,539.0
4289,541.0
4290,541.0
4291,541.0
4292,541.0
4293,541.0
4294,541.0
4295,541.0
4296,541.0
4297,541.0
4298,541.0
4299,541.0
4300,541.0
4301,541.0
4302,541.0
4303,541.0
4304,541.0
4305,543.0
4306,543.0
4307,543.0
4308,543.0
4309,543.0
4310,543.0
4311,543.0
4312,543.0
4313,543.0
4314,543.0
4315,543.0
4316,543.0
4317,543.0
4318,543.0
4319,543.0
4320,543.0
4321,545.0
4322,545.0
4323,545.0
4324,545.0
4325,545.0
4326,545.0
4327,545.0
4328,545.0
4329,545.0
4330,545.0
4331,545.0
4332,545.0
4333,545.0
4334,545.0
4335,545.0
4336,545.0
4337,547.0
4338,547.0
4339,547.0
4340,547.0
4341,547.0
4342,547.0
4343,547.0
4344,547.0
4345,547.0
4346,547.0
4347,547.0
4348,547.0
4349,547.0
4350,547.0
4351,547.0
4352,547.0
4353,549.0
4354,549.0
4355,549.0
4356,549.0
4357,549.0
4358,549.0
4359,549.0
4360,549.0
4361,549.0
4362,549.0
4363,549.0
4364,549.0
4365,549.0
4366,549.0
4367,549.0
4368,549.0
4369,551.0
4370,551.0
4371,551.0
4372,551.0
4373,551.0
4374,551.0
4375,551.0
4376,551.0
4377,551.0
4378,551.0
4379,551.0
4380,551.0
4381,551.0
4382,551.0
4383,551.0
4384,551.0
4385,553.0
4386,553.0
4387,553.0
4388,553.0
4389,553.0
4390,553.0
4391,553.0
4392,553.0
4393,553.0
4394,553.0
4395,553.0
4396,553.0
4397,553.0
4398,553.0
4399,553.0
4400,553.0
4401,555.0
4402,555.0
4403,555.0
4404,555.0
4405,555.0
4406,555.0
4407,555.0
4408,555.0
4409,555.0
4410,555.0
4411,555.0
4412,555.0
4413,555.0
4414,555.0
4415,555.0
4416,555.0
4417,557.0
4418,557.0
4419,557.0
4420,557.0
4421,557.0
4422,557.0
4423,557.0
4424,557.0
4425,557.0
4426,557.0
4427,557.0
4428,557.0
4429,557.0
4430,557.0
4431,557.0
4432,557.0
4433,559.0
4434,559.0
4435,559.0
4436,559.0
4437,559.0
4438,559.0
4439,559.0
4440,559.0
4441,559.0
4442,559.0
4443,559.0
4444,559.0
4445,559.0
4446,559.0
4447,559.0
4448,559.0
4449,561.0
4450,561.0
4451,561.0
4452,561.0
4453,561.0
4454,561.0
4455,561.0
4456,561.0
4457,561.0
4458,561.0
4459,561.0
4460,561.0
4461,561.0
4462,561.0
4463,561.0
4464,561.0
4465,563.0
4466,563.0
4467,563.0
4468,563.0
4469,563.0
4470,563.0
4471,563.0
4472,563.0
4473,563.0
4474,563.0
4475,563.0
4476,563.0
4477,563.0
4478,563.0
4479,563.0
4480,563.0
4481,565.0
4482,565.0
4483,565.0
4484,565.0
4485,565.0
4486,565.0
4487,565.0
4488,565.0
4489,565.0
4490,565.0
4491,565.0
4492,565.0
4493,565.0
4494,565.0
4495,565.0
4496,565.0
4497,567.0
4498,567.0
4499,567.0
4500,567.0
4501,567.0
4502,567.0
4503,567.0
4504,567.0
4505,567.0
4506,567.0
4507,567.0
4508,567.0
4509,567.0
4510,567.0
4511,567.0
4512,567.0
4513,569.0
4514,569.0
4515,569.0
4516,569.0
4517,569.0
4518,569.0
4519,569.0
4520,569.0
4521,569.0
4522,569.0
4523,569.0
4524,569.0
4525,569.0
4526,569.0
4527,569.0
4528,569.0
4529,571.0
4530,571.0
4531,571.0
4532,571.0
4533,571.0
4534,571.0
4535,571.0
4536,571.0
4537,571.0
4538,571.0
4539,571.0
4540,571.0
4541,571.0
4542,571.0
4543,571.0
4544,571.0
4545,573.0
4546,573.0
4547,573.0
4548,573.0
4549,573.0
4550,573.0
4551,573.0
4552,573.0
4553,573.0
4554,573.0
4555,573.0
4556,573.0
4557,573.0
4558,573.0
4559,573.0
4560,573.0
4561,575.0
4562,575.0
4563,575.0
4564,575.0
4565,575.0
4566,575.0
4567,575.0
4568,575.0
4569,575.0
4570,575.0
4571,575.0
4572,575.0
4573,575.0
4574,575.0
4575,575.0
4576,575.0
4577,577.0
4578,577.0
4579,577.0
4580,577.0
4581,577.0
4582,577.0
4583,577.0
4584,577.0
4585,577.0
4586,577.0
4587,577.0
4588,577.0
4589,577.0
4590,577.0
4591,577.0
4592,577.0
4593,579.0
4594,579.0
4595,579.0
4596,579.0
4597,579.0
4598,579.0
4599,579.0
4600,579.0
4601,579.0
4602,579.0
4603,579.0
4604,579.0
4605,579.0
4606,579.0
4607,579.0
4608,579.0
4609,581.0
4610,581.0
4611,581.0
4612,581.0
4613,581.0
4614,581.0
4615,581.0
4616,581.0
4617,581.0
4618,581.0
4619,581.0
4620,581.0
4621,581.0
4622,581.0
4623,581.0
4624,581.0
4625,583.0
4626,583.0
4627,583.0
4628,583.0
4629,583.0
4630,583.0
4631,583.0
4632,583.0
4633,583.0
4634,583.0
4635,583.0
4636,583.0
4637,583.0
4638,583.0
4639,583.0
4640,583.0
4641,585.0
4642,585.0
4643,585.0
4644,585.0
4645,585.0
4646,585.0
4647,585.0
4648,585.0
4649,585.0
4650,585.0
4651,585.0
4652,585.0
4653,585.0
4654,585.0
4655,585.0
4656,585.0
4657,587.0
4658,587.0
4659,587.0
4660,587.0
4661,587.0
4662,587.0
4663,587.0
4664,587.0
4665,587.0
4666,587.0
4667,587.0
4668,587.0
4669,587.0
4670,587.0
4671,587.0
4672,587.0
4673,589.0
4674,589.0
4675,589.0
4676,589.0
4677,589.0
4678,589.0
4679,589.0
4680,589.0
4681,589.0
4682,589.0
4683,589.0
4684,589.0
4685,589.0
4686,589.0
4687,589.0
4688,589.0
4689,591.0
4690,591.0
4691,591.0
4692,591.0
4693,591.0
4694,591.0
4695,591.0
4696,591.0
4697,591.0
4698,591.0
4699,591.0
4700,591.0
4701,591.0
4702,591.0
4703,591.0
4704,591.0
4705,593.0
4706,593.0
4707,593.0
4708,593.0
4709,593.0
4710,593.0
4711,593.0
4712,593.0
4713,593.0
4714,593.0
4715,593.0
4716,593.0
4717,593.0
4718,593.0
4719,593.0
4720,593.0
4721,595.0
4722,595.0
4723,595.0
4724,595.0
4725,595.0
4726,595.0
4727,595.0
4728,595.0
4729,595.0
4730,595.0
4731,595.0
4732,595.0
4733,595.0
4734,595.0
4735,595.0
4736,595.0
4737,597.0
4738,597.0
4739,597.0
4740,597.0
4741,597.0
4742,597.0
4743,597.0
4744,597.0
4745,597.0
4746,597.0
4747,597.0
4748,597.0
4749,597.0
4750,597.0
4751,597.0
4752,597.0
4753,599.0
4754,599.0
4755,599.0
4756,599.0
4757,599.0
4758,599.0
4759,599.0
4760,599.0
4761,599.0
4762,599.0
4763,599.0
4764,599.0
4765,599.0
4766,599.0
4767,599.0
4768,599.0
4769,601.0
4770,601.0
4771,601.0
4772,601.0
4773,601.0
4774,601.0
4775,601.0
4776,601.0
4777,601.0
4778,601.0
4779,601.0
4780,601.0
4781,601.0
4782,601.0
4783,601.0
4784,601.0
4785,603.0
4786,603.0
4787,603.0
4788,603.0
4789,603.0
4790,603.0
4791,603.0
4792,603.0
4793,603.0
4794,603.0
4795,603.0
4796,603.0
4797,603.0
4798,603.0
4799,603.0
4800,603.0
4801,605.0
4802,605.0
4803,605.0
4804,605.0
4805,605.0
4806,605.0
4807,605.0
4808,605.0
4809,605.0
4810,605.0
4811,605.0
4812,605.0
4813,605.0
4814,605.0
4815,605.0
4816,605.0
4817,607.0
4818,607.0
4819,607.0
4820,607.0
4821,607.0
4822,607.0
4823,607.0
4824,607.0
4825,607.0
4826,607.0
4827,607.0
4828,607.0
4829,607.0
4830,607.0
4831,607.0
4832,607.0
4833,609.0
4834,609.0
4835,609.0
4836,609.0
4837,609.0
4838,609.0
4839,609.0
4840,609.0
4841,609.0
4842,609.0
4843,609.0
4844,609.0
4845,609.0
4846,609.0
4847,609.0
4848,609.0
4849,611.0
4850,611.0
4851,611.0
4852,611.0
4853,611.0
4854,611.0
4855,611.0
4856,611.0
4857,611.0
4858,611.0
4859,611.0
4860,611.0
4861,611.0
4862,611.0
4863,611.0
4864,611.0
4865,613.0
4866,613.0
4867,613.0
4868,613.0
4869,613.0
4870,613.0
4871,613.0
4872,613.0
4873,613.0
4874,613.0
4875,613.0
4876,613.0
4877,613.0
4878,613.0
4879,613.0
4880,613.0
4881,615.0
4882,615.0
4883,615.0
4884,615.0
4885,615.0
4886,615.0
4887,615.0
4888,615.0
4889,615.0
4890,615.0
4891,615.0
4892,615.0
4893,615.0
4894,615.0
4895,615.0
4896,615.0
4897,617.0
4898,617.0
4899,617.0
4900,617.0
4901,617.0
4902,617.0
4903,617.0
4904,617.0
4905,617.0
4906,617.0
4907,617.0
4908,617.0
4909,617.0
4910,617.0
4911,617.0
4912,617.0
4913,619.0
4914,619.0
4915,619.0
4916,619.0
4917,619.0
4918,619.0
4919,619.0
4920,619.0
4921,619.0
4922,619.0
4923,619.0
4924,619.0
4925,619.0
4926,619.0
4927,619.0
4928,619.0
4929,621.0
4930,621.0
4931,621.0
4932,621.0
4933,621.0
4934,621.0
4935,621.0
4936,621.0
4937,621.0
4938,621.0
4939,621.0
4940,621.0
4941,621.0
4942,621.0
4943,621.0
4944,621.0
4945,623.0
4946,623.0
4947,623.0
4948,623.0
4949,623.0
4950,623.0
4951,623.0
4952,623.0
4953,623.0
4954,623.0
4955,623.0
4956,623.0
4957,623.0
4958,623.0
4959,623.0
4960,623.0
4961,625.0
4962,625.0
4963,625.0
4964,625.0
4965,625.0
4966,625.0
4967,625.0
4968,625.0
4969,625.0
4970,625.0
4971,625.0
4972,625.0
4973,625.0
4974,625.0
4975,625.0
4976,625.0
4977,627.0
4978,627.0
4979,627.0
4980,627.0
4981,627.0
4982,627.0
4983,627.0
4984,627.0
4985,627.0
4986,627.0
4987,627.0
4988,627.0
4989,627.0
4990,627.0
4991,627.0
4992,627.0
4993,629.0
4994,629.0
4995,629.0
4996,629.0
4997,629.0
4998,629.0
4999,629.0
5000,629.0
5001,629.0
5002,629.0
5003,629.0
5004,629.0
5005,629.0
5006,629.0
5007,629.0
5008,629.0
5009,631.0
5010,631.0
5011,631.0
5012,631.0
5013,631.0
5014,631.0
5015,631.0
5016,631.0
5017,631.0
5018,631.0
5019,631.0
5020,631.0
5021,631.0
5022,631.0
5023,631.0
5024,631.0
5025,633.0
5026,633.0
5027,633.0
5028,633.0
5029,633.0
5030,633.0
5031,633.0
5032,633.0
5033,633.0
5034,633.0
5035,633.0
5036,633.0
5037,633.0
5038,633.0
5039,633.0
5040,633.0
5041,635.0
5042,635.0
5043,635.0
5044,635.0
5045,635.0
5046,635.0
5047,635.0
5048,635.0
5049,635.0
5050,635.0
5051,635.0
5052,635.0
5053,635.0
5054,635.0
5055,635.0
5056,635.0
5057,637.0
5058,637.0
5059,637.0
5060,637.0
5061,637.0
5062,637.0
5063,637.0
5064,637.0
5065,637.0
5066,637.0
5067,637.0
5068,637.0
5069,637.0
5070,637.0
5071,637.0
5072,637.0
5073,639.0
5074,639.0
5075,639.0
5076,639.0
5077,639.0
5078,639.0
5079,639.0
5080,639.0
5081,639.0
5082,639.0
5083,639.0
5084,639.0
5085,639.0
5086,639.0
5087,639.0
5088,639.0
5089,641.0
5090,641.0
5091,641.0
5092,641.0
5093,641.0
5094,641.0
5095,641.0
5096,641.0
5097,641.0
5098,641.0
5099,641.0
5100,641.0
5101,641.0
5102,641.0
5103,641.0
5104,641.0
5105,643.0
5106,643.0
5107,643.0
5108,643.0
5109,643.0
5110,643.0
5111,643.0
5112,643.0
5113,643.0
5114,643.0
5115,643.0
5116,643.0
5117,643.0
5118,643.0
5119,643.0
5120,643.0
5121,645.0
5122,645.0
5123,645.0
5124,645.0
5125,645.0
5126,645.0
5127,645.0
5128,645.0
5129,645.0
5130,645.0
5131,645.0
5132,645.0
5133,645.0
5134,645.0
5135,645.0
5136,645.0
5137,647.0
5138,647.0
5139,647.0
5140,647.0
5141,647.0
5142,647.0
5143,647.0
5144,647.0
5145,647.0
5146,647.0
5147,647.0
5148,647.0
5149,647.0
5150,647.0
5151,647.0
5152,647.0
5153,649.0
5154,649.0
5155,649.0
5156,649.0
5157,649.0
5158,649.0
5159,649.0
5160,649.0
5161,649.0
5162,649.0
5163,649.0
5164,649.0
5165,649.0
5166,649.0
5167,649.0
5168,649.0
5169,651.0
5170,651.0
5171,651.0
5172,651.0
5173,651.0
5174,651.0
5175,651.0
5176,651.0
5177,651.0
5178,651.0
5179,651.0
5180,651.0
5181,651.0
5182,651.0
5183,651.0
5184,651.0
5185,653.0
5186,653.0
5187,653.0
5188,653.0
5189,653.0
5190,653.0
5191,653.0
5192,653.0
5193,653.0
5194,653.0
5195,653.0
5196,653.0
5197,653.0
5198,653.0
5199,653.0
5200,653.0
5201,655.0
5202,655.0
5203,655.0
5204,655.0
5205,655.0
5206,655.0
5207,655.0
5208,655.0
5209,655.0
5210,655.0
5211,655.0
5212,655.0
5213,655.0
5214,655.0
5215,655.0
5216,655.0
5217,657.0
5218,657.0
5219,657.0
5220,657.0
5221,657.0
5222,657.0
5223,657.0
5224,657.0
5225,657.0
5226,657.0
5227,657.0
5228,657.0
5229,657.0
5230,657.0
5231,657.0
5232,657.0
5233,659.0
5234,659.0
5235,659.0
5236,659.0
5237,659.0
5238,659.0
5239,659.0
5240,659.0
5241,659.0
5242,659.0
5243,659.0
5244,659.0
5245,659.0
5246,659.0
5247,659.0
5248,659.0
5249,661.0
5250,661.0
5251,661.0
5252,661.0
5253,661.0
5254,661.0
5255,661.0
5256,661.0
5257,661.0
5258,661.0
5259,661.0
5260,661.0
5261,661.0
5262,661.0
5263,661.0
5264,661.0
5265,663.0
5266,663.0
5267,663.0
5268,663.0
5269,663.0
5270,663.0
5271,663.0
5272,663.0
5273,663.0
5274,663.0
5275,663.0
5276,663.0
5277,663.0
5278,663.0
5279,663.0
5280,663.0
5281,665.0
5282,665.0
5283,665.0
5284,665.0
5285,665.0
5286,665.0
5287,665.0
5288,665.0
5289,665.0
5290,665.0
5291,665.0
5292,665.0
5293,665.0
5294,665.0
5295,665.0
5296,665.0
5297,667.0
5298,667.0
5299,667.0
5300,667.0
5301,667.0
5302,667.0
5303,667.0
5304,667.0
5305,667.0
5306,667.0
5307,667.0
5308,667.0
5309,667.0
5310,667.0
5311,667.0
5312,667.0
5313,669.0
5314,669.0
5315,669.0
5316,669.0
5317,669.0
5318,669.0
5319,669.0
5320,669.0
5321,669.0
5322,669.0
5323,669.0
5324,669.0
5325,669.0
5326,669.0
5327,669.0
5328,669.0
5329,671.0
5330,671.0
5331,671.0
5332,671.0
5333,671.0
5334,671.0
5335,671.0
5336,671.0
5337,671.0
5338,671.0
5339,671.0
5340,671.0
5341,671.0
5342,671.0
5343,671.0
5344,671.0
5345,673.0
5346,673.0
5347,673.0
5348,673.0
5349,673.0
5350,673.0
5351,673.0
5352,673.0
5353,673.0
5354,673.0
5355,673.0
5356,673.0
5357,673.0
5358,673.0
5359,673.0
5360,673.0
5361,675.0
5362,675.0
5363,675.0
5364,675.0
5365,675.0
5366,675.0
5367,675.0
5368,675.0
5369,675.0
5370,675.0
5371,675.0
5372,675.0
5373,675.0
5374,675.0
5375,675.0
5376,675.0
5377,677.0
5378,677.0
5379,677.0
5380,677.0
5381,677.0
5382,677.0
5383,677.0
5384,677.0
5385,677.0
5386,677.0
5387,677.0
5388,677.0
5389,677.0
5390,677.0
5391,677.0
5392,677.0
5393,679.0
5394,679.0
5395,679.0
5396,679.0
5397,679.0
5398,679.0
5399,679.0
5400,679.0
5401,0.0
