Original Quaternary Strand Length,3-RLL and Knuth by blocks quaternary redundancy
0,0.0
1,4.0
2,4.0
3,4.0
4,4.0
5,4.0
6,4.0
7,4.0
8,4.0
9,4.0
10,4.0
11,4.0
12,4.0
13,4.0
14,4.0
15,4.0
16,4.0
17,5.0
18,5.0
19,5.0
20,5.0
21,5.0
22,5.0
23,5.0
24,5.0
25,5.0
26,5.0
27,5.0
28,5.0
29,5.0
30,5.0
31,5.0
32,5.0
33,6.0
34,6.0
35,6.0
36,6.0
37,6.0
38,6.0
39,6.0
40,6.0
41,6.0
42,6.0
43,6.0
44,6.0
45,6.0
46,6.0
47,6.0
48,6.0
49,7.0
50,7.0
51,7.0
52,7.0
53,7.0
54,7.0
55,7.0
56,7.0
57,7.0
58,7.0
59,7.0
60,7.0
61,7.0
62,7.0
63,7.0
64,7.0
65,8.0
66,8.0
67,8.0
68,8.0
69,8.0
70,8.0
71,8.0
72,8.0
73,8.0
74,8.0
75,8.0
76,8.0
77,8.0
78,8.0
79,8.0
80,8.0
81,9.0
82,9.0
83,9.0
84,9.0
85,9.0
86,9.0
87,9.0
88,9.0
89,9.0
90,9.0
91,9.0
92,9.0
93,9.0
94,9.0
95,9.0
96,9.0
97,10.0
98,10.0
99,10.0
100,10.0
101,10.0
102,10.0
103,10.0
104,10.0
105,10.0
106,10.0
107,10.0
108,10.0
109,10.0
110,10.0
111,10.0
112,10.0
113,11.0
114,11.0
115,11.0
116,11.0
117,11.0
118,11.0
119,11.0
120,11.0
121,11.0
122,11.0
123,11.0
124,11.0
125,11.0
126,11.0
127,11.0
128,11.0
129,12.0
130,12.0
131,12.0
132,12.0
133,12.0
134,12.0
135,12.0
136,12.0
137,12.0
138,12.0
139,12.0
140,12.0
141,12.0
142,12.0
143,12.0
144,12.0
145,13.0
146,13.0
147,13.0
148,13.0
149,13.0
150,13.0
151,13.0
152,13.0
153,13.0
154,13.0
155,13.0
156,13.0
157,13.0
158,13.0
159,13.0
160,13.0
161,14.0
162,14.0
163,14.0
164,14.0
165,14.0
166,14.0
167,14.0
168,14.0
169,14.0
170,14.0
171,14.0
172,14.0
173,14.0
174,14.0
175,14.0
176,14.0
177,15.0
178,15.0
179,15.0
180,15.0
181,15.0
182,15.0
183,15.0
184,15.0
185,15.0
186,14.0
187,14.0
188,14.0
189,14.0
190,14.0
191,14.0
192,14.0
193,15.0
194,15.0
195,15.0
196,15.0
197,15.0
198,15.0
199,15.0
200,15.0
201,15.0
202,15.0
203,15.0
204,15.0
205,15.0
206,15.0
207,15.0
208,15.0
209,16.0
210,16.0
211,16.0
212,16.0
213,16.0
214,16.0
215,16.0
216,16.0
217,16.0
218,16.0
219,16.0
220,16.0
221,16.0
222,16.0
223,16.0
224,16.0
225,17.0
226,17.0
227,17.0
228,17.0
229,17.0
230,17.0
231,17.0
232,17.0
233,17.0
234,17.0
235,17.0
236,17.0
237,17.0
238,17.0
239,17.0
240,17.0
241,18.0
242,18.0
243,18.0
244,18.0
245,18.0
246,18.0
247,18.0
248,18.0
249,18.0
250,18.0
251,18.0
252,18.0
253,18.0
254,18.0
255,18.0
256,18.0
257,19.0
258,19.0
259,19.0
260,19.0
261,19.0
262,19.0
263,19.0
264,19.0
265,19.0
266,19.0
267,19.0
268,19.0
269,19.0
270,19.0
271,19.0
272,19.0
273,20.0
274,20.0
275,20.0
276,20.0
277,20.0
278,20.0
279,20.0
280,20.0
281,20.0
282,20.0
283,20.0
284,20.0
285,20.0
286,20.0
287,20.0
288,20.0
289,21.0
290,21.0
291,21.0
292,21.0
293,21.0
294,21.0
295,21.0
296,21.0
297,21.0
298,21.0
299,21.0
300,21.0
301,21.0
302,21.0
303,21.0
304,21.0
305,22.0
306,22.0
307,22.0
308,22.0
309,22.0
310,22.0
311,22.0
312,22.0
313,22.0
314,22.0
315,22.0
316,22.0
317,22.0
318,22.0
319,22.0
320,22.0
321,23.0
322,23.0
323,23.0
324,23.0
325,23.0
326,23.0
327,23.0
328,23.0
329,23.0
330,23.0
331,23.0
332,23.0
333,23.0
334,23.0
335,23.0
336,23.0
337,24.0
338,24.0
339,24.0
340,24.0
341,24.0
342,24.0
343,24.0
344,24.0
345,24.0
346,24.0
347,24.0
348,24.0
349,24.0
350,24.0
351,24.0
352,24.0
353,25.0
354,25.0
355,25.0
356,25.0
357,25.0
358,25.0
359,25.0
360,25.0
361,25.0
362,25.0
363,25.0
364,25.0
365,25.0
366,25.0
367,25.0
368,25.0
369,26.0
370,26.0
371,26.0
372,26.0
373,26.0
374,26.0
375,26.0
376,26.0
377,26.0
378,26.0
379,26.0
380,26.0
381,26.0
382,26.0
383,26.0
384,26.0
385,27.0
386,27.0
387,27.0
388,27.0
389,27.0
390,27.0
391,27.0
392,27.0
393,27.0
394,27.0
395,27.0
396,27.0
397,27.0
398,27.0
399,27.0
400,27.0
401,28.0
402,28.0
403,28.0
404,28.0
405,28.0
406,28.0
407,28.0
408,28.0
409,28.0
410,28.0
411,28.0
412,28.0
413,28.0
414,28.0
415,28.0
416,28.0
417,29.0
418,29.0
419,29.0
420,29.0
421,29.0
422,29.0
423,29.0
424,29.0
425,29.0
426,29.0
427,29.0
428,29.0
429,29.0
430,29.0
431,29.0
432,29.0
433,30.0
434,30.0
435,30.0
436,30.0
437,30.0
438,30.0
439,30.0
440,30.0
441,30.0
442,30.0
443,30.0
444,30.0
445,30.0
446,30.0
447,30.0
448,30.0
449,31.0
450,31.0
451,31.0
452,31.0
453,31.0
454,31.0
455,31.0
456,31.0
457,31.0
458,31.0
459,31.0
460,31.0
461,31.0
462,31.0
463,31.0
464,31.0
465,32.0
466,32.0
467,32.0
468,32.0
469,32.0
470,32.0
471,32.0
472,32.0
473,32.0
474,32.0
475,32.0
476,32.0
477,32.0
478,32.0
479,32.0
480,32.0
481,33.0
482,33.0
483,33.0
484,33.0
485,33.0
486,33.0
487,33.0
488,33.0
489,33.0
490,33.0
491,33.0
492,33.0
493,33.0
494,33.0
495,33.0
496,33.0
497,34.0
498,34.0
499,34.0
500,34.0
501,34.0
502,34.0
503,34.0
504,34.0
505,34.0
506,34.0
507,34.0
508,34.0
509,34.0
510,34.0
511,34.0
512,34.0
513,35.0
514,35.0
515,35.0
516,35.0
517,35.0
518,35.0
519,35.0
520,35.0
521,35.0
522,35.0
523,35.0
524,35.0
525,35.0
526,35.0
527,35.0
528,35.0
529,36.0
530,36.0
531,36.0
532,36.0
533,36.0
534,36.0
535,36.0
536,36.0
537,36.0
538,36.0
539,36.0
540,36.0
541,36.0
542,36.0
543,36.0
544,36.0
545,37.0
546,37.0
547,37.0
548,37.0
549,37.0
550,37.0
551,37.0
552,37.0
553,37.0
554,37.0
555,37.0
556,37.0
557,37.0
558,37.0
559,37.0
560,37.0
561,38.0
562,38.0
563,38.0
564,38.0
565,38.0
566,38.0
567,38.0
568,38.0
569,38.0
570,38.0
571,38.0
572,38.0
573,38.0
574,38.0
575,38.0
576,38.0
577,39.0
578,39.0
579,39.0
580,39.0
581,39.0
582,39.0
583,39.0
584,39.0
585,39.0
586,39.0
587,39.0
588,39.0
589,39.0
590,39.0
591,39.0
592,39.0
593,40.0
594,40.0
595,40.0
596,40.0
597,40.0
598,40.0
599,40.0
600,40.0
601,40.0
602,40.0
603,40.0
604,40.0
605,40.0
606,40.0
607,40.0
608,40.0
609,41.0
610,41.0
611,41.0
612,41.0
613,41.0
614,41.0
615,41.0
616,41.0
617,41.0
618,41.0
619,41.0
620,41.0
621,41.0
622,41.0
623,41.0
624,41.0
625,42.0
626,42.0
627,42.0
628,42.0
629,42.0
630,42.0
631,42.0
632,42.0
633,42.0
634,42.0
635,42.0
636,42.0
637,42.0
638,42.0
639,42.0
640,42.0
641,43.0
642,43.0
643,43.0
644,43.0
645,43.0
646,43.0
647,43.0
648,43.0
649,43.0
650,43.0
651,43.0
652,43.0
653,43.0
654,43.0
655,43.0
656,43.0
657,44.0
658,44.0
659,44.0
660,44.0
661,44.0
662,44.0
663,44.0
664,44.0
665,44.0
666,44.0
667,44.0
668,44.0
669,44.0
670,44.0
671,44.0
672,44.0
673,45.0
674,45.0
675,45.0
676,45.0
677,45.0
678,45.0
679,45.0
680,45.0
681,45.0
682,45.0
683,45.0
684,45.0
685,45.0
686,45.0
687,45.0
688,45.0
689,46.0
690,46.0
691,46.0
692,46.0
693,46.0
694,46.0
695,46.0
696,46.0
697,46.0
698,46.0
699,46.0
700,46.0
701,46.0
702,46.0
703,46.0
704,46.0
705,47.0
706,47.0
707,47.0
708,47.0
709,47.0
710,47.0
711,47.0
712,47.0
713,47.0
714,47.0
715,47.0
716,47.0
717,47.0
718,47.0
719,47.0
720,47.0
721,48.0
722,48.0
723,48.0
724,48.0
725,48.0
726,48.0
727,48.0
728,48.0
729,48.0
730,48.0
731,48.0
732,48.0
733,48.0
734,48.0
735,48.0
736,48.0
737,49.0
738,49.0
739,49.0
740,49.0
741,49.0
742,49.0
743,49.0
744,49.0
745,49.0
746,49.0
747,49.0
748,49.0
749,49.0
750,49.0
751,49.0
752,49.0
753,50.0
754,50.0
755,50.0
756,50.0
757,50.0
758,50.0
759,50.0
760,50.0
761,50.0
762,50.0
763,50.0
764,50.0
765,50.0
766,50.0
767,50.0
768,50.0
769,51.0
770,51.0
771,51.0
772,51.0
773,51.0
774,51.0
775,51.0
776,51.0
777,51.0
778,51.0
779,51.0
780,51.0
781,51.0
782,51.0
783,51.0
784,51.0
785,52.0
786,52.0
787,52.0
788,52.0
789,52.0
790,52.0
791,52.0
792,52.0
793,52.0
794,52.0
795,52.0
796,52.0
797,52.0
798,52.0
799,52.0
800,52.0
801,53.0
802,53.0
803,53.0
804,53.0
805,53.0
806,53.0
807,53.0
808,53.0
809,53.0
810,53.0
811,53.0
812,53.0
813,53.0
814,53.0
815,53.0
816,53.0
817,54.0
818,54.0
819,54.0
820,54.0
821,54.0
822,54.0
823,54.0
824,54.0
825,54.0
826,54.0
827,54.0
828,54.0
829,54.0
830,54.0
831,54.0
832,54.0
833,55.0
834,55.0
835,55.0
836,55.0
837,55.0
838,55.0
839,55.0
840,55.0
841,55.0
842,55.0
843,55.0
844,55.0
845,55.0
846,55.0
847,55.0
848,55.0
849,56.0
850,56.0
851,56.0
852,56.0
853,56.0
854,56.0
855,56.0
856,56.0
857,56.0
858,56.0
859,56.0
860,56.0
861,56.0
862,56.0
863,56.0
864,56.0
865,57.0
866,57.0
867,57.0
868,57.0
869,57.0
870,57.0
871,57.0
872,57.0
873,57.0
874,57.0
875,57.0
876,57.0
877,57.0
878,57.0
879,57.0
880,57.0
881,58.0
882,58.0
883,58.0
884,58.0
885,58.0
886,58.0
887,58.0
888,58.0
889,58.0
890,58.0
891,58.0
892,58.0
893,58.0
894,58.0
895,58.0
896,58.0
897,59.0
898,59.0
899,59.0
900,59.0
901,59.0
902,59.0
903,59.0
904,59.0
905,59.0
906,59.0
907,59.0
908,59.0
909,59.0
910,59.0
911,59.0
912,59.0
913,60.0
914,60.0
915,60.0
916,60.0
917,60.0
918,60.0
919,60.0
920,60.0
921,60.0
922,60.0
923,60.0
924,60.0
925,60.0
926,60.0
927,60.0
928,60.0
929,61.0
930,61.0
931,61.0
932,61.0
933,61.0
934,61.0
935,61.0
936,61.0
937,61.0
938,61.0
939,61.0
940,61.0
941,61.0
942,61.0
943,61.0
944,61.0
945,62.0
946,62.0
947,62.0
948,62.0
949,62.0
950,62.0
951,62.0
952,62.0
953,62.0
954,62.0
955,62.0
956,62.0
957,62.0
958,62.0
959,62.0
960,62.0
961,63.0
962,63.0
963,63.0
964,63.0
965,63.0
966,63.0
967,63.0
968,63.0
969,63.0
970,63.0
971,63.0
972,63.0
973,63.0
974,63.0
975,63.0
976,63.0
977,64.0
978,64.0
979,64.0
980,64.0
981,64.0
982,64.0
983,64.0
984,64.0
985,64.0
986,64.0
987,64.0
988,64.0
989,64.0
990,64.0
991,64.0
992,64.0
993,65.0
994,65.0
995,65.0
996,65.0
997,65.0
998,65.0
999,65.0
1000,65.0
1001,65.0
1002,65.0
1003,65.0
1004,65.0
1005,65.0
1006,65.0
1007,65.0
1008,65.0
1009,66.0
1010,66.0
1011,66.0
1012,66.0
1013,66.0
1014,66.0
1015,66.0
1016,66.0
1017,66.0
1018,66.0
1019,66.0
1020,66.0
1021,66.0
1022,66.0
1023,66.0
1024,66.0
1025,67.0
1026,67.0
1027,67.0
1028,67.0
1029,67.0
1030,67.0
1031,67.0
1032,67.0
1033,67.0
1034,67.0
1035,67.0
1036,67.0
1037,67.0
1038,67.0
1039,67.0
1040,67.0
1041,68.0
1042,68.0
1043,68.0
1044,68.0
1045,68.0
1046,68.0
1047,68.0
1048,68.0
1049,68.0
1050,68.0
1051,68.0
1052,68.0
1053,68.0
1054,68.0
1055,68.0
1056,68.0
1057,69.0
1058,69.0
1059,69.0
1060,69.0
1061,69.0
1062,69.0
1063,69.0
1064,69.0
1065,69.0
1066,69.0
1067,69.0
1068,69.0
1069,69.0
1070,69.0
1071,69.0
1072,69.0
1073,70.0
1074,70.0
1075,70.0
1076,70.0
1077,70.0
1078,70.0
1079,70.0
1080,70.0
1081,70.0
1082,70.0
1083,70.0
1084,70.0
1085,70.0
1086,70.0
1087,70.0
1088,70.0
1089,71.0
1090,71.0
1091,71.0
1092,71.0
1093,71.0
1094,71.0
1095,71.0
1096,71.0
1097,71.0
1098,71.0
1099,71.0
1100,71.0
1101,71.0
1102,71.0
1103,71.0
1104,71.0
1105,72.0
1106,72.0
1107,72.0
1108,72.0
1109,72.0
1110,72.0
1111,72.0
1112,72.0
1113,72.0
1114,72.0
1115,72.0
1116,72.0
1117,72.0
1118,72.0
1119,72.0
1120,72.0
1121,73.0
1122,73.0
1123,73.0
1124,73.0
1125,73.0
1126,73.0
1127,73.0
1128,73.0
1129,73.0
1130,73.0
1131,73.0
1132,73.0
1133,73.0
1134,73.0
1135,73.0
1136,73.0
1137,74.0
1138,74.0
1139,74.0
1140,74.0
1141,74.0
1142,74.0
1143,74.0
1144,74.0
1145,74.0
1146,74.0
1147,74.0
1148,74.0
1149,74.0
1150,74.0
1151,74.0
1152,74.0
1153,75.0
1154,75.0
1155,75.0
1156,75.0
1157,75.0
1158,75.0
1159,75.0
1160,75.0
1161,75.0
1162,75.0
1163,75.0
1164,75.0
1165,75.0
1166,75.0
1167,75.0
1168,75.0
1169,76.0
1170,76.0
1171,76.0
1172,76.0
1173,76.0
1174,76.0
1175,76.0
1176,76.0
1177,76.0
1178,76.0
1179,76.0
1180,76.0
1181,76.0
1182,76.0
1183,76.0
1184,76.0
1185,77.0
1186,77.0
1187,77.0
1188,77.0
1189,77.0
1190,77.0
1191,77.0
1192,77.0
1193,77.0
1194,77.0
1195,77.0
1196,77.0
1197,77.0
1198,77.0
1199,77.0
1200,77.0
1201,78.0
1202,78.0
1203,78.0
1204,78.0
1205,78.0
1206,78.0
1207,78.0
1208,78.0
1209,78.0
1210,78.0
1211,78.0
1212,78.0
1213,78.0
1214,78.0
1215,78.0
1216,78.0
1217,79.0
1218,79.0
1219,79.0
1220,79.0
1221,79.0
1222,79.0
1223,79.0
1224,79.0
1225,79.0
1226,79.0
1227,79.0
1228,79.0
1229,79.0
1230,79.0
1231,79.0
1232,79.0
1233,80.0
1234,80.0
1235,80.0
1236,80.0
1237,80.0
1238,80.0
1239,80.0
1240,80.0
1241,80.0
1242,80.0
1243,80.0
1244,80.0
1245,80.0
1246,80.0
1247,80.0
1248,80.0
1249,81.0
1250,81.0
1251,81.0
1252,81.0
1253,81.0
1254,81.0
1255,81.0
1256,81.0
1257,81.0
1258,81.0
1259,81.0
1260,81.0
1261,81.0
1262,81.0
1263,81.0
1264,81.0
1265,82.0
1266,82.0
1267,82.0
1268,82.0
1269,82.0
1270,82.0
1271,82.0
1272,82.0
1273,82.0
1274,82.0
1275,82.0
1276,82.0
1277,82.0
1278,82.0
1279,82.0
1280,82.0
1281,83.0
1282,83.0
1283,83.0
1284,83.0
1285,83.0
1286,83.0
1287,83.0
1288,83.0
1289,83.0
1290,83.0
1291,83.0
1292,83.0
1293,83.0
1294,83.0
1295,83.0
1296,83.0
1297,84.0
1298,84.0
1299,84.0
1300,84.0
1301,84.0
1302,84.0
1303,84.0
1304,84.0
1305,84.0
1306,84.0
1307,84.0
1308,84.0
1309,84.0
1310,84.0
1311,84.0
1312,84.0
1313,85.0
1314,85.0
1315,85.0
1316,85.0
1317,85.0
1318,85.0
1319,85.0
1320,85.0
1321,85.0
1322,85.0
1323,85.0
1324,85.0
1325,85.0
1326,85.0
1327,85.0
1328,85.0
1329,86.0
1330,86.0
1331,86.0
1332,86.0
1333,86.0
1334,86.0
1335,86.0
1336,86.0
1337,86.0
1338,86.0
1339,86.0
1340,86.0
1341,86.0
1342,86.0
1343,86.0
1344,86.0
1345,87.0
1346,87.0
1347,87.0
1348,87.0
1349,87.0
1350,87.0
1351,87.0
1352,87.0
1353,87.0
1354,87.0
1355,87.0
1356,87.0
1357,87.0
1358,87.0
1359,87.0
1360,87.0
1361,88.0
1362,88.0
1363,88.0
1364,88.0
1365,88.0
1366,88.0
1367,88.0
1368,88.0
1369,88.0
1370,88.0
1371,88.0
1372,88.0
1373,88.0
1374,88.0
1375,88.0
1376,88.0
1377,89.0
1378,89.0
1379,89.0
1380,89.0
1381,89.0
1382,89.0
1383,89.0
1384,89.0
1385,89.0
1386,89.0
1387,89.0
1388,89.0
1389,89.0
1390,89.0
1391,89.0
1392,89.0
1393,90.0
1394,90.0
1395,90.0
1396,90.0
1397,90.0
1398,90.0
1399,90.0
1400,90.0
1401,90.0
1402,90.0
1403,90.0
1404,90.0
1405,90.0
1406,90.0
1407,90.0
1408,90.0
1409,91.0
1410,91.0
1411,91.0
1412,91.0
1413,91.0
1414,91.0
1415,91.0
1416,91.0
1417,91.0
1418,91.0
1419,91.0
1420,91.0
1421,91.0
1422,91.0
1423,91.0
1424,91.0
1425,92.0
1426,92.0
1427,92.0
1428,92.0
1429,92.0
1430,92.0
1431,92.0
1432,92.0
1433,92.0
1434,92.0
1435,92.0
1436,92.0
1437,92.0
1438,92.0
1439,92.0
1440,92.0
1441,93.0
1442,93.0
1443,93.0
1444,93.0
1445,93.0
1446,93.0
1447,93.0
1448,93.0
1449,93.0
1450,93.0
1451,93.0
1452,93.0
1453,93.0
1454,93.0
1455,93.0
1456,93.0
1457,94.0
1458,94.0
1459,94.0
1460,94.0
1461,94.0
1462,94.0
1463,94.0
1464,94.0
1465,94.0
1466,94.0
1467,94.0
1468,94.0
1469,94.0
1470,94.0
1471,94.0
1472,94.0
1473,95.0
1474,95.0
1475,95.0
1476,95.0
1477,95.0
1478,95.0
1479,95.0
1480,95.0
1481,95.0
1482,95.0
1483,95.0
1484,95.0
1485,95.0
1486,95.0
1487,95.0
1488,95.0
1489,96.0
1490,96.0
1491,96.0
1492,96.0
1493,96.0
1494,96.0
1495,96.0
1496,96.0
1497,96.0
1498,96.0
1499,96.0
1500,96.0
1501,96.0
1502,96.0
1503,96.0
1504,96.0
1505,97.0
1506,97.0
1507,97.0
1508,97.0
1509,97.0
1510,97.0
1511,97.0
1512,97.0
1513,97.0
1514,97.0
1515,97.0
1516,97.0
1517,97.0
1518,97.0
1519,97.0
1520,97.0
1521,98.0
1522,98.0
1523,98.0
1524,98.0
1525,98.0
1526,98.0
1527,98.0
1528,98.0
1529,98.0
1530,98.0
1531,98.0
1532,98.0
1533,98.0
1534,98.0
1535,98.0
1536,98.0
1537,99.0
1538,99.0
1539,99.0
1540,99.0
1541,99.0
1542,99.0
1543,99.0
1544,99.0
1545,99.0
1546,99.0
1547,99.0
1548,99.0
1549,99.0
1550,99.0
1551,99.0
1552,99.0
1553,100.0
1554,100.0
1555,100.0
1556,100.0
1557,100.0
1558,100.0
1559,100.0
1560,100.0
1561,100.0
1562,100.0
1563,100.0
1564,100.0
1565,100.0
1566,100.0
1567,100.0
1568,100.0
1569,101.0
1570,101.0
1571,101.0
1572,101.0
1573,101.0
1574,101.0
1575,101.0
1576,101.0
1577,101.0
1578,101.0
1579,101.0
1580,101.0
1581,101.0
1582,101.0
1583,101.0
1584,101.0
1585,102.0
1586,102.0
1587,102.0
1588,102.0
1589,102.0
1590,102.0
1591,102.0
1592,102.0
1593,102.0
1594,102.0
1595,102.0
1596,102.0
1597,102.0
1598,102.0
1599,102.0
1600,102.0
1601,103.0
1602,103.0
1603,103.0
1604,103.0
1605,103.0
1606,103.0
1607,103.0
1608,103.0
1609,103.0
1610,103.0
1611,103.0
1612,103.0
1613,103.0
1614,103.0
1615,103.0
1616,103.0
1617,104.0
1618,104.0
1619,104.0
1620,104.0
1621,104.0
1622,104.0
1623,104.0
1624,104.0
1625,104.0
1626,104.0
1627,104.0
1628,104.0
1629,104.0
1630,104.0
1631,104.0
1632,104.0
1633,105.0
1634,105.0
1635,105.0
1636,105.0
1637,105.0
1638,105.0
1639,105.0
1640,105.0
1641,105.0
1642,105.0
1643,105.0
1644,105.0
1645,105.0
1646,105.0
1647,105.0
1648,105.0
1649,106.0
1650,106.0
1651,106.0
1652,106.0
1653,106.0
1654,106.0
1655,106.0
1656,106.0
1657,106.0
1658,106.0
1659,106.0
1660,106.0
1661,106.0
1662,106.0
1663,106.0
1664,106.0
1665,107.0
1666,107.0
1667,107.0
1668,107.0
1669,107.0
1670,107.0
1671,107.0
1672,107.0
1673,107.0
1674,107.0
1675,107.0
1676,107.0
1677,107.0
1678,107.0
1679,107.0
1680,107.0
1681,108.0
1682,108.0
1683,108.0
1684,108.0
1685,108.0
1686,108.0
1687,108.0
1688,108.0
1689,108.0
1690,108.0
1691,108.0
1692,108.0
1693,108.0
1694,108.0
1695,108.0
1696,108.0
1697,109.0
1698,109.0
1699,109.0
1700,109.0
1701,109.0
1702,109.0
1703,109.0
1704,109.0
1705,109.0
1706,109.0
1707,109.0
1708,109.0
1709,109.0
1710,109.0
1711,109.0
1712,109.0
1713,110.0
1714,110.0
1715,110.0
1716,110.0
1717,110.0
1718,110.0
1719,110.0
1720,110.0
1721,110.0
1722,110.0
1723,110.0
1724,110.0
1725,110.0
1726,110.0
1727,110.0
1728,110.0
1729,111.0
1730,111.0
1731,111.0
1732,111.0
1733,111.0
1734,111.0
1735,111.0
1736,111.0
1737,111.0
1738,111.0
1739,111.0
1740,111.0
1741,111.0
1742,111.0
1743,111.0
1744,111.0
1745,112.0
1746,112.0
1747,112.0
1748,112.0
1749,112.0
1750,112.0
1751,112.0
1752,112.0
1753,112.0
1754,112.0
1755,112.0
1756,112.0
1757,112.0
1758,112.0
1759,112.0
1760,112.0
1761,113.0
1762,113.0
1763,113.0
1764,113.0
1765,113.0
1766,113.0
1767,113.0
1768,113.0
1769,113.0
1770,113.0
1771,113.0
1772,113.0
1773,113.0
1774,113.0
1775,113.0
1776,113.0
1777,114.0
1778,114.0
1779,114.0
1780,114.0
1781,114.0
1782,114.0
1783,114.0
1784,114.0
1785,114.0
1786,114.0
1787,114.0
1788,114.0
1789,114.0
1790,114.0
1791,114.0
1792,114.0
1793,115.0
1794,115.0
1795,115.0
1796,115.0
1797,115.0
1798,115.0
1799,115.0
1800,115.0
1801,115.0
1802,115.0
1803,115.0
1804,115.0
1805,115.0
1806,115.0
1807,115.0
1808,115.0
1809,116.0
1810,116.0
1811,116.0
1812,116.0
1813,116.0
1814,116.0
1815,116.0
1816,116.0
1817,116.0
1818,116.0
1819,116.0
1820,116.0
1821,116.0
1822,116.0
1823,116.0
1824,116.0
1825,117.0
1826,117.0
1827,117.0
1828,117.0
1829,117.0
1830,117.0
1831,117.0
1832,117.0
1833,117.0
1834,117.0
1835,117.0
1836,117.0
1837,117.0
1838,117.0
1839,117.0
1840,117.0
1841,118.0
1842,118.0
1843,118.0
1844,118.0
1845,118.0
1846,118.0
1847,118.0
1848,118.0
1849,118.0
1850,118.0
1851,118.0
1852,118.0
1853,118.0
1854,118.0
1855,118.0
1856,118.0
1857,119.0
1858,119.0
1859,119.0
1860,119.0
1861,119.0
1862,119.0
1863,119.0
1864,119.0
1865,119.0
1866,119.0
1867,119.0
1868,119.0
1869,119.0
1870,119.0
1871,119.0
1872,119.0
1873,120.0
1874,120.0
1875,120.0
1876,120.0
1877,120.0
1878,120.0
1879,120.0
1880,120.0
1881,120.0
1882,120.0
1883,120.0
1884,120.0
1885,120.0
1886,120.0
1887,120.0
1888,120.0
1889,121.0
1890,121.0
1891,121.0
1892,121.0
1893,121.0
1894,121.0
1895,121.0
1896,121.0
1897,121.0
1898,121.0
1899,121.0
1900,121.0
1901,121.0
1902,121.0
1903,121.0
1904,121.0
1905,122.0
1906,122.0
1907,122.0
1908,122.0
1909,122.0
1910,122.0
1911,122.0
1912,122.0
1913,122.0
1914,122.0
1915,122.0
1916,122.0
1917,122.0
1918,122.0
1919,122.0
1920,122.0
1921,123.0
1922,123.0
1923,123.0
1924,123.0
1925,123.0
1926,123.0
1927,123.0
1928,123.0
1929,123.0
1930,123.0
1931,123.0
1932,123.0
1933,123.0
1934,123.0
1935,123.0
1936,123.0
1937,124.0
1938,124.0
1939,124.0
1940,124.0
1941,124.0
1942,124.0
1943,124.0
1944,124.0
1945,124.0
1946,124.0
1947,124.0
1948,124.0
1949,124.0
1950,124.0
1951,124.0
1952,124.0
1953,125.0
1954,125.0
1955,125.0
1956,125.0
1957,125.0
1958,125.0
1959,125.0
1960,125.0
1961,125.0
1962,125.0
1963,125.0
1964,125.0
1965,125.0
1966,125.0
1967,125.0
1968,125.0
1969,126.0
1970,126.0
1971,126.0
1972,126.0
1973,126.0
1974,126.0
1975,126.0
1976,126.0
1977,126.0
1978,126.0
1979,126.0
1980,126.0
1981,126.0
1982,126.0
1983,126.0
1984,126.0
1985,127.0
1986,127.0
1987,127.0
1988,127.0
1989,127.0
1990,127.0
1991,127.0
1992,127.0
1993,127.0
1994,127.0
1995,127.0
1996,127.0
1997,127.0
1998,127.0
1999,127.0
2000,127.0
2001,128.0
2002,128.0
2003,128.0
2004,128.0
2005,128.0
2006,128.0
2007,128.0
2008,128.0
2009,128.0
2010,128.0
2011,128.0
2012,128.0
2013,128.0
2014,128.0
2015,128.0
2016,128.0
2017,129.0
2018,129.0
2019,129.0
2020,129.0
2021,129.0
2022,129.0
2023,129.0
2024,129.0
2025,129.0
2026,129.0
2027,129.0
2028,129.0
2029,129.0
2030,129.0
2031,129.0
2032,129.0
2033,130.0
2034,130.0
2035,130.0
2036,130.0
2037,130.0
2038,130.0
2039,130.0
2040,130.0
2041,130.0
2042,130.0
2043,130.0
2044,130.0
2045,130.0
2046,130.0
2047,130.0
2048,130.0
2049,131.0
2050,131.0
2051,131.0
2052,131.0
2053,131.0
2054,131.0
2055,131.0
2056,131.0
2057,131.0
2058,131.0
2059,131.0
2060,131.0
2061,131.0
2062,131.0
2063,131.0
2064,131.0
2065,132.0
2066,132.0
2067,132.0
2068,132.0
2069,132.0
2070,132.0
2071,132.0
2072,132.0
2073,132.0
2074,132.0
2075,132.0
2076,132.0
2077,132.0
2078,132.0
2079,132.0
2080,132.0
2081,133.0
2082,133.0
2083,133.0
2084,133.0
2085,133.0
2086,133.0
2087,133.0
2088,133.0
2089,133.0
2090,133.0
2091,133.0
2092,133.0
2093,133.0
2094,133.0
2095,133.0
2096,133.0
2097,134.0
2098,134.0
2099,134.0
2100,134.0
2101,134.0
2102,134.0
2103,134.0
2104,134.0
2105,134.0
2106,134.0
2107,134.0
2108,134.0
2109,134.0
2110,134.0
2111,134.0
2112,134.0
2113,135.0
2114,135.0
2115,135.0
2116,135.0
2117,135.0
2118,135.0
2119,135.0
2120,135.0
2121,135.0
2122,135.0
2123,135.0
2124,135.0
2125,135.0
2126,135.0
2127,135.0
2128,135.0
2129,136.0
2130,136.0
2131,136.0
2132,136.0
2133,136.0
2134,136.0
2135,136.0
2136,136.0
2137,136.0
2138,136.0
2139,136.0
2140,136.0
2141,136.0
2142,136.0
2143,136.0
2144,136.0
2145,137.0
2146,137.0
2147,137.0
2148,137.0
2149,137.0
2150,137.0
2151,137.0
2152,137.0
2153,137.0
2154,137.0
2155,137.0
2156,137.0
2157,137.0
2158,137.0
2159,137.0
2160,137.0
2161,138.0
2162,138.0
2163,138.0
2164,138.0
2165,138.0
2166,138.0
2167,138.0
2168,138.0
2169,138.0
2170,138.0
2171,138.0
2172,138.0
2173,138.0
2174,138.0
2175,138.0
2176,138.0
2177,139.0
2178,139.0
2179,139.0
2180,139.0
2181,139.0
2182,139.0
2183,139.0
2184,139.0
2185,139.0
2186,139.0
2187,139.0
2188,139.0
2189,139.0
2190,139.0
2191,139.0
2192,139.0
2193,140.0
2194,140.0
2195,140.0
2196,140.0
2197,140.0
2198,140.0
2199,140.0
2200,140.0
2201,140.0
2202,140.0
2203,140.0
2204,140.0
2205,140.0
2206,140.0
2207,140.0
2208,140.0
2209,141.0
2210,141.0
2211,141.0
2212,141.0
2213,141.0
2214,141.0
2215,141.0
2216,141.0
2217,141.0
2218,141.0
2219,141.0
2220,141.0
2221,141.0
2222,141.0
2223,141.0
2224,141.0
2225,142.0
2226,142.0
2227,142.0
2228,142.0
2229,142.0
2230,142.0
2231,142.0
2232,142.0
2233,142.0
2234,142.0
2235,142.0
2236,142.0
2237,142.0
2238,142.0
2239,142.0
2240,142.0
2241,143.0
2242,143.0
2243,143.0
2244,143.0
2245,143.0
2246,143.0
2247,143.0
2248,143.0
2249,143.0
2250,143.0
2251,143.0
2252,143.0
2253,143.0
2254,143.0
2255,143.0
2256,143.0
2257,144.0
2258,144.0
2259,144.0
2260,144.0
2261,144.0
2262,144.0
2263,144.0
2264,144.0
2265,144.0
2266,144.0
2267,144.0
2268,144.0
2269,144.0
2270,144.0
2271,144.0
2272,144.0
2273,145.0
2274,145.0
2275,145.0
2276,145.0
2277,145.0
2278,145.0
2279,145.0
2280,145.0
2281,145.0
2282,145.0
2283,145.0
2284,145.0
2285,145.0
2286,145.0
2287,145.0
2288,145.0
2289,146.0
2290,146.0
2291,146.0
2292,146.0
2293,146.0
2294,146.0
2295,146.0
2296,146.0
2297,146.0
2298,146.0
2299,146.0
2300,146.0
2301,146.0
2302,146.0
2303,146.0
2304,146.0
2305,147.0
2306,147.0
2307,147.0
2308,147.0
2309,147.0
2310,147.0
2311,147.0
2312,147.0
2313,147.0
2314,147.0
2315,147.0
2316,147.0
2317,147.0
2318,147.0
2319,147.0
2320,147.0
2321,148.0
2322,148.0
2323,148.0
2324,148.0
2325,148.0
2326,148.0
2327,148.0
2328,148.0
2329,148.0
2330,148.0
2331,148.0
2332,148.0
2333,148.0
2334,148.0
2335,148.0
2336,148.0
2337,149.0
2338,149.0
2339,149.0
2340,149.0
2341,149.0
2342,149.0
2343,149.0
2344,149.0
2345,149.0
2346,149.0
2347,149.0
2348,149.0
2349,149.0
2350,149.0
2351,149.0
2352,149.0
2353,150.0
2354,150.0
2355,150.0
2356,150.0
2357,150.0
2358,150.0
2359,150.0
2360,150.0
2361,150.0
2362,150.0
2363,150.0
2364,150.0
2365,150.0
2366,150.0
2367,150.0
2368,150.0
2369,151.0
2370,151.0
2371,151.0
2372,151.0
2373,151.0
2374,151.0
2375,151.0
2376,151.0
2377,151.0
2378,151.0
2379,151.0
2380,151.0
2381,151.0
2382,151.0
2383,151.0
2384,151.0
2385,152.0
2386,152.0
2387,152.0
2388,152.0
2389,152.0
2390,152.0
2391,152.0
2392,152.0
2393,152.0
2394,152.0
2395,152.0
2396,152.0
2397,152.0
2398,152.0
2399,152.0
2400,152.0
2401,153.0
2402,153.0
2403,153.0
2404,153.0
2405,153.0
2406,153.0
2407,153.0
2408,153.0
2409,153.0
2410,153.0
2411,153.0
2412,153.0
2413,153.0
2414,153.0
2415,153.0
2416,153.0
2417,154.0
2418,154.0
2419,154.0
2420,154.0
2421,154.0
2422,154.0
2423,154.0
2424,154.0
2425,154.0
2426,154.0
2427,154.0
2428,154.0
2429,154.0
2430,154.0
2431,154.0
2432,154.0
2433,155.0
2434,155.0
2435,155.0
2436,155.0
2437,155.0
2438,155.0
2439,155.0
2440,155.0
2441,155.0
2442,155.0
2443,155.0
2444,155.0
2445,155.0
2446,155.0
2447,155.0
2448,155.0
2449,156.0
2450,156.0
2451,156.0
2452,156.0
2453,156.0
2454,156.0
2455,156.0
2456,156.0
2457,156.0
2458,156.0
2459,156.0
2460,156.0
2461,156.0
2462,156.0
2463,156.0
2464,156.0
2465,157.0
2466,157.0
2467,157.0
2468,157.0
2469,157.0
2470,157.0
2471,157.0
2472,157.0
2473,157.0
2474,157.0
2475,157.0
2476,157.0
2477,157.0
2478,157.0
2479,157.0
2480,157.0
2481,158.0
2482,158.0
2483,158.0
2484,158.0
2485,158.0
2486,158.0
2487,158.0
2488,158.0
2489,158.0
2490,158.0
2491,158.0
2492,158.0
2493,158.0
2494,158.0
2495,158.0
2496,158.0
2497,159.0
2498,159.0
2499,159.0
2500,159.0
2501,159.0
2502,159.0
2503,159.0
2504,159.0
2505,159.0
2506,159.0
2507,159.0
2508,159.0
2509,159.0
2510,159.0
2511,159.0
2512,159.0
2513,160.0
2514,160.0
2515,160.0
2516,160.0
2517,160.0
2518,160.0
2519,160.0
2520,160.0
2521,160.0
2522,160.0
2523,160.0
2524,160.0
2525,160.0
2526,160.0
2527,160.0
2528,160.0
2529,161.0
2530,161.0
2531,161.0
2532,161.0
2533,161.0
2534,161.0
2535,161.0
2536,161.0
2537,161.0
2538,161.0
2539,161.0
2540,161.0
2541,161.0
2542,161.0
2543,161.0
2544,161.0
2545,162.0
2546,162.0
2547,162.0
2548,162.0
2549,162.0
2550,162.0
2551,162.0
2552,162.0
2553,162.0
2554,162.0
2555,162.0
2556,162.0
2557,162.0
2558,162.0
2559,162.0
2560,162.0
2561,163.0
2562,163.0
2563,163.0
2564,163.0
2565,163.0
2566,163.0
2567,163.0
2568,163.0
2569,163.0
2570,163.0
2571,163.0
2572,163.0
2573,163.0
2574,163.0
2575,163.0
2576,163.0
2577,164.0
2578,164.0
2579,164.0
2580,164.0
2581,164.0
2582,164.0
2583,164.0
2584,164.0
2585,164.0
2586,164.0
2587,164.0
2588,164.0
2589,164.0
2590,164.0
2591,164.0
2592,164.0
2593,165.0
2594,165.0
2595,165.0
2596,165.0
2597,165.0
2598,165.0
2599,165.0
2600,165.0
2601,165.0
2602,165.0
2603,165.0
2604,165.0
2605,165.0
2606,165.0
2607,165.0
2608,165.0
2609,166.0
2610,166.0
2611,166.0
2612,166.0
2613,166.0
2614,166.0
2615,166.0
2616,166.0
2617,166.0
2618,166.0
2619,166.0
2620,166.0
2621,166.0
2622,166.0
2623,166.0
2624,166.0
2625,167.0
2626,167.0
2627,167.0
2628,167.0
2629,167.0
2630,167.0
2631,167.0
2632,167.0
2633,167.0
2634,167.0
2635,167.0
2636,167.0
2637,167.0
2638,167.0
2639,167.0
2640,167.0
2641,168.0
2642,168.0
2643,168.0
2644,168.0
2645,168.0
2646,168.0
2647,168.0
2648,168.0
2649,168.0
2650,168.0
2651,168.0
2652,168.0
2653,168.0
2654,168.0
2655,168.0
2656,168.0
2657,169.0
2658,169.0
2659,169.0
2660,169.0
2661,169.0
2662,169.0
2663,169.0
2664,169.0
2665,169.0
2666,169.0
2667,169.0
2668,169.0
2669,169.0
2670,169.0
2671,169.0
2672,169.0
2673,170.0
2674,170.0
2675,170.0
2676,170.0
2677,170.0
2678,170.0
2679,170.0
2680,170.0
2681,170.0
2682,170.0
2683,170.0
2684,170.0
2685,170.0
2686,170.0
2687,170.0
2688,170.0
2689,171.0
2690,171.0
2691,171.0
2692,171.0
2693,171.0
2694,171.0
2695,171.0
2696,171.0
2697,171.0
2698,171.0
2699,171.0
2700,171.0
2701,171.0
2702,171.0
2703,171.0
2704,171.0
2705,172.0
2706,172.0
2707,172.0
2708,172.0
2709,172.0
2710,172.0
2711,172.0
2712,172.0
2713,172.0
2714,172.0
2715,172.0
2716,172.0
2717,172.0
2718,172.0
2719,172.0
2720,172.0
2721,173.0
2722,173.0
2723,173.0
2724,173.0
2725,173.0
2726,173.0
2727,173.0
2728,173.0
2729,173.0
2730,173.0
2731,173.0
2732,173.0
2733,173.0
2734,173.0
2735,173.0
2736,173.0
2737,174.0
2738,174.0
2739,174.0
2740,174.0
2741,174.0
2742,174.0
2743,174.0
2744,174.0
2745,174.0
2746,174.0
2747,174.0
2748,174.0
2749,174.0
2750,174.0
2751,174.0
2752,174.0
2753,175.0
2754,175.0
2755,175.0
2756,175.0
2757,175.0
2758,175.0
2759,175.0
2760,175.0
2761,175.0
2762,175.0
2763,175.0
2764,175.0
2765,175.0
2766,175.0
2767,175.0
2768,175.0
2769,176.0
2770,176.0
2771,176.0
2772,176.0
2773,176.0
2774,176.0
2775,176.0
2776,176.0
2777,176.0
2778,176.0
2779,176.0
2780,176.0
2781,176.0
2782,176.0
2783,176.0
2784,176.0
2785,177.0
2786,177.0
2787,177.0
2788,177.0
2789,177.0
2790,177.0
2791,177.0
2792,177.0
2793,177.0
2794,177.0
2795,177.0
2796,177.0
2797,177.0
2798,177.0
2799,177.0
2800,177.0
2801,178.0
2802,178.0
2803,178.0
2804,178.0
2805,178.0
2806,178.0
2807,178.0
2808,178.0
2809,178.0
2810,178.0
2811,178.0
2812,178.0
2813,178.0
2814,178.0
2815,178.0
2816,178.0
2817,179.0
2818,179.0
2819,179.0
2820,179.0
2821,179.0
2822,179.0
2823,179.0
2824,179.0
2825,179.0
2826,179.0
2827,179.0
2828,179.0
2829,179.0
2830,179.0
2831,179.0
2832,179.0
2833,180.0
2834,180.0
2835,180.0
2836,180.0
2837,180.0
2838,180.0
2839,180.0
2840,180.0
2841,180.0
2842,180.0
2843,180.0
2844,180.0
2845,180.0
2846,180.0
2847,180.0
2848,180.0
2849,181.0
2850,181.0
2851,181.0
2852,181.0
2853,181.0
2854,181.0
2855,181.0
2856,181.0
2857,181.0
2858,181.0
2859,181.0
2860,181.0
2861,181.0
2862,181.0
2863,181.0
2864,181.0
2865,182.0
2866,182.0
2867,182.0
2868,182.0
2869,182.0
2870,182.0
2871,182.0
2872,182.0
2873,182.0
2874,182.0
2875,182.0
2876,182.0
2877,182.0
2878,182.0
2879,182.0
2880,182.0
2881,183.0
2882,183.0
2883,183.0
2884,183.0
2885,183.0
2886,183.0
2887,183.0
2888,183.0
2889,183.0
2890,183.0
2891,183.0
2892,183.0
2893,183.0
2894,183.0
2895,183.0
2896,183.0
2897,184.0
2898,184.0
2899,184.0
2900,184.0
2901,184.0
2902,184.0
2903,184.0
2904,184.0
2905,184.0
2906,184.0
2907,184.0
2908,184.0
2909,184.0
2910,184.0
2911,184.0
2912,184.0
2913,185.0
2914,185.0
2915,185.0
2916,185.0
2917,185.0
2918,185.0
2919,185.0
2920,185.0
2921,185.0
2922,185.0
2923,185.0
2924,185.0
2925,185.0
2926,185.0
2927,185.0
2928,185.0
2929,186.0
2930,186.0
2931,186.0
2932,186.0
2933,186.0
2934,186.0
2935,186.0
2936,186.0
2937,186.0
2938,186.0
2939,186.0
2940,186.0
2941,186.0
2942,186.0
2943,186.0
2944,186.0
2945,187.0
2946,187.0
2947,187.0
2948,187.0
2949,187.0
2950,187.0
2951,187.0
2952,187.0
2953,187.0
2954,187.0
2955,187.0
2956,187.0
2957,187.0
2958,187.0
2959,187.0
2960,187.0
2961,188.0
2962,188.0
2963,188.0
2964,188.0
2965,188.0
2966,188.0
2967,188.0
2968,188.0
2969,188.0
2970,188.0
2971,188.0
2972,188.0
2973,188.0
2974,188.0
2975,188.0
2976,188.0
2977,189.0
2978,189.0
2979,189.0
2980,189.0
2981,189.0
2982,189.0
2983,189.0
2984,189.0
2985,189.0
2986,189.0
2987,189.0
2988,189.0
2989,189.0
2990,189.0
2991,189.0
2992,189.0
2993,190.0
2994,190.0
2995,190.0
2996,190.0
2997,190.0
2998,190.0
2999,190.0
3000,190.0
3001,190.0
3002,190.0
3003,190.0
3004,190.0
3005,190.0
3006,190.0
3007,190.0
3008,190.0
3009,191.0
3010,191.0
3011,191.0
3012,191.0
3013,191.0
3014,191.0
3015,191.0
3016,191.0
3017,191.0
3018,191.0
3019,191.0
3020,191.0
3021,191.0
3022,191.0
3023,191.0
3024,191.0
3025,192.0
3026,192.0
3027,192.0
3028,192.0
3029,192.0
3030,192.0
3031,192.0
3032,192.0
3033,192.0
3034,192.0
3035,192.0
3036,192.0
3037,192.0
3038,192.0
3039,192.0
3040,192.0
3041,193.0
3042,193.0
3043,193.0
3044,193.0
3045,193.0
3046,193.0
3047,193.0
3048,193.0
3049,193.0
3050,193.0
3051,193.0
3052,193.0
3053,193.0
3054,193.0
3055,193.0
3056,193.0
3057,194.0
3058,194.0
3059,194.0
3060,194.0
3061,194.0
3062,194.0
3063,194.0
3064,194.0
3065,194.0
3066,194.0
3067,194.0
3068,194.0
3069,194.0
3070,194.0
3071,194.0
3072,194.0
3073,195.0
3074,195.0
3075,195.0
3076,195.0
3077,195.0
3078,195.0
3079,195.0
3080,195.0
3081,195.0
3082,195.0
3083,195.0
3084,195.0
3085,195.0
3086,195.0
3087,195.0
3088,195.0
3089,196.0
3090,196.0
3091,196.0
3092,196.0
3093,196.0
3094,196.0
3095,196.0
3096,196.0
3097,196.0
3098,196.0
3099,196.0
3100,196.0
3101,196.0
3102,196.0
3103,196.0
3104,196.0
3105,197.0
3106,197.0
3107,197.0
3108,197.0
3109,197.0
3110,197.0
3111,197.0
3112,197.0
3113,197.0
3114,197.0
3115,197.0
3116,197.0
3117,197.0
3118,197.0
3119,197.0
3120,197.0
3121,198.0
3122,198.0
3123,198.0
3124,198.0
3125,198.0
3126,198.0
3127,198.0
3128,198.0
3129,198.0
3130,198.0
3131,198.0
3132,198.0
3133,198.0
3134,198.0
3135,198.0
3136,198.0
3137,199.0
3138,199.0
3139,199.0
3140,199.0
3141,199.0
3142,199.0
3143,199.0
3144,199.0
3145,199.0
3146,199.0
3147,199.0
3148,199.0
3149,199.0
3150,199.0
3151,199.0
3152,199.0
3153,200.0
3154,200.0
3155,200.0
3156,200.0
3157,200.0
3158,200.0
3159,200.0
3160,200.0
3161,200.0
3162,200.0
3163,200.0
3164,200.0
3165,200.0
3166,200.0
3167,200.0
3168,200.0
3169,201.0
3170,201.0
3171,201.0
3172,201.0
3173,201.0
3174,201.0
3175,201.0
3176,201.0
3177,201.0
3178,201.0
3179,201.0
3180,201.0
3181,201.0
3182,201.0
3183,201.0
3184,201.0
3185,202.0
3186,202.0
3187,202.0
3188,202.0
3189,202.0
3190,202.0
3191,202.0
3192,202.0
3193,202.0
3194,202.0
3195,202.0
3196,202.0
3197,202.0
3198,202.0
3199,202.0
3200,202.0
3201,203.0
3202,203.0
3203,203.0
3204,203.0
3205,203.0
3206,203.0
3207,203.0
3208,203.0
3209,203.0
3210,203.0
3211,203.0
3212,203.0
3213,203.0
3214,203.0
3215,203.0
3216,203.0
3217,204.0
3218,204.0
3219,204.0
3220,204.0
3221,204.0
3222,204.0
3223,204.0
3224,204.0
3225,204.0
3226,204.0
3227,204.0
3228,204.0
3229,204.0
3230,204.0
3231,204.0
3232,204.0
3233,205.0
3234,205.0
3235,205.0
3236,205.0
3237,205.0
3238,205.0
3239,205.0
3240,205.0
3241,205.0
3242,205.0
3243,205.0
3244,205.0
3245,205.0
3246,205.0
3247,205.0
3248,205.0
3249,206.0
3250,206.0
3251,206.0
3252,206.0
3253,206.0
3254,206.0
3255,206.0
3256,206.0
3257,206.0
3258,206.0
3259,206.0
3260,206.0
3261,206.0
3262,206.0
3263,206.0
3264,206.0
3265,207.0
3266,207.0
3267,207.0
3268,207.0
3269,207.0
3270,207.0
3271,207.0
3272,207.0
3273,207.0
3274,207.0
3275,207.0
3276,207.0
3277,207.0
3278,207.0
3279,207.0
3280,207.0
3281,208.0
3282,208.0
3283,208.0
3284,208.0
3285,208.0
3286,208.0
3287,208.0
3288,208.0
3289,208.0
3290,208.0
3291,208.0
3292,208.0
3293,208.0
3294,208.0
3295,208.0
3296,208.0
3297,209.0
3298,209.0
3299,209.0
3300,209.0
3301,209.0
3302,209.0
3303,209.0
3304,209.0
3305,209.0
3306,209.0
3307,209.0
3308,209.0
3309,209.0
3310,209.0
3311,209.0
3312,209.0
3313,210.0
3314,210.0
3315,210.0
3316,210.0
3317,210.0
3318,210.0
3319,210.0
3320,210.0
3321,210.0
3322,210.0
3323,210.0
3324,210.0
3325,210.0
3326,210.0
3327,210.0
3328,210.0
3329,211.0
3330,211.0
3331,211.0
3332,211.0
3333,211.0
3334,211.0
3335,211.0
3336,211.0
3337,211.0
3338,211.0
3339,211.0
3340,211.0
3341,211.0
3342,211.0
3343,211.0
3344,211.0
3345,212.0
3346,212.0
3347,212.0
3348,212.0
3349,212.0
3350,212.0
3351,212.0
3352,212.0
3353,212.0
3354,212.0
3355,212.0
3356,212.0
3357,212.0
3358,212.0
3359,212.0
3360,212.0
3361,213.0
3362,213.0
3363,213.0
3364,213.0
3365,213.0
3366,213.0
3367,213.0
3368,213.0
3369,213.0
3370,213.0
3371,213.0
3372,213.0
3373,213.0
3374,213.0
3375,213.0
3376,213.0
3377,214.0
3378,214.0
3379,214.0
3380,214.0
3381,214.0
3382,214.0
3383,214.0
3384,214.0
3385,214.0
3386,214.0
3387,214.0
3388,214.0
3389,214.0
3390,214.0
3391,214.0
3392,214.0
3393,215.0
3394,215.0
3395,215.0
3396,215.0
3397,215.0
3398,215.0
3399,215.0
3400,215.0
3401,215.0
3402,215.0
3403,215.0
3404,215.0
3405,215.0
3406,215.0
3407,215.0
3408,215.0
3409,216.0
3410,216.0
3411,216.0
3412,216.0
3413,216.0
3414,216.0
3415,216.0
3416,216.0
3417,216.0
3418,216.0
3419,216.0
3420,216.0
3421,216.0
3422,216.0
3423,216.0
3424,216.0
3425,217.0
3426,217.0
3427,217.0
3428,217.0
3429,217.0
3430,217.0
3431,217.0
3432,217.0
3433,217.0
3434,217.0
3435,217.0
3436,217.0
3437,217.0
3438,217.0
3439,217.0
3440,217.0
3441,218.0
3442,218.0
3443,218.0
3444,218.0
3445,218.0
3446,218.0
3447,218.0
3448,218.0
3449,218.0
3450,218.0
3451,218.0
3452,218.0
3453,218.0
3454,218.0
3455,218.0
3456,218.0
3457,219.0
3458,219.0
3459,219.0
3460,219.0
3461,219.0
3462,219.0
3463,219.0
3464,219.0
3465,219.0
3466,219.0
3467,219.0
3468,219.0
3469,219.0
3470,219.0
3471,219.0
3472,219.0
3473,220.0
3474,220.0
3475,220.0
3476,220.0
3477,220.0
3478,220.0
3479,220.0
3480,220.0
3481,220.0
3482,220.0
3483,220.0
3484,220.0
3485,220.0
3486,220.0
3487,220.0
3488,220.0
3489,221.0
3490,221.0
3491,221.0
3492,221.0
3493,221.0
3494,221.0
3495,221.0
3496,221.0
3497,221.0
3498,221.0
3499,221.0
3500,221.0
3501,221.0
3502,221.0
3503,221.0
3504,221.0
3505,222.0
3506,222.0
3507,222.0
3508,222.0
3509,222.0
3510,222.0
3511,222.0
3512,222.0
3513,222.0
3514,222.0
3515,222.0
3516,222.0
3517,222.0
3518,222.0
3519,222.0
3520,222.0
3521,223.0
3522,223.0
3523,223.0
3524,223.0
3525,223.0
3526,223.0
3527,223.0
3528,223.0
3529,223.0
3530,223.0
3531,223.0
3532,223.0
3533,223.0
3534,223.0
3535,223.0
3536,223.0
3537,224.0
3538,224.0
3539,224.0
3540,224.0
3541,224.0
3542,224.0
3543,224.0
3544,224.0
3545,224.0
3546,224.0
3547,224.0
3548,224.0
3549,224.0
3550,224.0
3551,224.0
3552,224.0
3553,225.0
3554,225.0
3555,225.0
3556,225.0
3557,225.0
3558,225.0
3559,225.0
3560,225.0
3561,225.0
3562,225.0
3563,225.0
3564,225.0
3565,225.0
3566,225.0
3567,225.0
3568,225.0
3569,226.0
3570,226.0
3571,226.0
3572,226.0
3573,226.0
3574,226.0
3575,226.0
3576,226.0
3577,226.0
3578,226.0
3579,226.0
3580,226.0
3581,226.0
3582,226.0
3583,226.0
3584,226.0
3585,227.0
3586,227.0
3587,227.0
3588,227.0
3589,227.0
3590,227.0
3591,227.0
3592,227.0
3593,227.0
3594,227.0
3595,227.0
3596,227.0
3597,227.0
3598,227.0
3599,227.0
3600,227.0
3601,228.0
3602,228.0
3603,228.0
3604,228.0
3605,228.0
3606,228.0
3607,228.0
3608,228.0
3609,228.0
3610,228.0
3611,228.0
3612,228.0
3613,228.0
3614,228.0
3615,228.0
3616,228.0
3617,229.0
3618,229.0
3619,229.0
3620,229.0
3621,229.0
3622,229.0
3623,229.0
3624,229.0
3625,229.0
3626,229.0
3627,229.0
3628,229.0
3629,229.0
3630,229.0
3631,229.0
3632,229.0
3633,230.0
3634,230.0
3635,230.0
3636,230.0
3637,230.0
3638,230.0
3639,230.0
3640,230.0
3641,230.0
3642,230.0
3643,230.0
3644,230.0
3645,230.0
3646,230.0
3647,230.0
3648,230.0
3649,231.0
3650,231.0
3651,231.0
3652,231.0
3653,231.0
3654,231.0
3655,231.0
3656,231.0
3657,231.0
3658,231.0
3659,231.0
3660,231.0
3661,231.0
3662,231.0
3663,231.0
3664,231.0
3665,232.0
3666,232.0
3667,232.0
3668,232.0
3669,232.0
3670,232.0
3671,232.0
3672,232.0
3673,232.0
3674,232.0
3675,232.0
3676,232.0
3677,232.0
3678,232.0
3679,232.0
3680,232.0
3681,233.0
3682,233.0
3683,233.0
3684,233.0
3685,233.0
3686,233.0
3687,233.0
3688,233.0
3689,233.0
3690,233.0
3691,233.0
3692,233.0
3693,233.0
3694,233.0
3695,233.0
3696,233.0
3697,234.0
3698,234.0
3699,234.0
3700,234.0
3701,234.0
3702,234.0
3703,234.0
3704,234.0
3705,234.0
3706,234.0
3707,234.0
3708,234.0
3709,234.0
3710,234.0
3711,234.0
3712,234.0
3713,235.0
3714,235.0
3715,235.0
3716,235.0
3717,235.0
3718,235.0
3719,235.0
3720,235.0
3721,235.0
3722,235.0
3723,235.0
3724,235.0
3725,235.0
3726,235.0
3727,235.0
3728,235.0
3729,236.0
3730,236.0
3731,236.0
3732,236.0
3733,236.0
3734,236.0
3735,236.0
3736,236.0
3737,236.0
3738,236.0
3739,236.0
3740,236.0
3741,236.0
3742,236.0
3743,236.0
3744,236.0
3745,237.0
3746,237.0
3747,237.0
3748,237.0
3749,237.0
3750,237.0
3751,237.0
3752,237.0
3753,237.0
3754,237.0
3755,237.0
3756,237.0
3757,237.0
3758,237.0
3759,237.0
3760,237.0
3761,238.0
3762,238.0
3763,238.0
3764,238.0
3765,238.0
3766,238.0
3767,238.0
3768,238.0
3769,238.0
3770,238.0
3771,238.0
3772,238.0
3773,238.0
3774,238.0
3775,238.0
3776,238.0
3777,239.0
3778,239.0
3779,239.0
3780,239.0
3781,239.0
3782,239.0
3783,239.0
3784,239.0
3785,239.0
3786,239.0
3787,239.0
3788,239.0
3789,239.0
3790,239.0
3791,239.0
3792,239.0
3793,240.0
3794,240.0
3795,240.0
3796,240.0
3797,240.0
3798,240.0
3799,240.0
3800,240.0
3801,240.0
3802,240.0
3803,240.0
3804,240.0
3805,240.0
3806,240.0
3807,240.0
3808,240.0
3809,241.0
3810,241.0
3811,241.0
3812,241.0
3813,241.0
3814,241.0
3815,241.0
3816,241.0
3817,241.0
3818,241.0
3819,241.0
3820,241.0
3821,241.0
3822,241.0
3823,241.0
3824,241.0
3825,242.0
3826,242.0
3827,242.0
3828,242.0
3829,242.0
3830,242.0
3831,242.0
3832,242.0
3833,242.0
3834,242.0
3835,242.0
3836,242.0
3837,242.0
3838,242.0
3839,242.0
3840,242.0
3841,243.0
3842,243.0
3843,243.0
3844,243.0
3845,243.0
3846,243.0
3847,243.0
3848,243.0
3849,243.0
3850,243.0
3851,243.0
3852,243.0
3853,243.0
3854,243.0
3855,243.0
3856,243.0
3857,244.0
3858,244.0
3859,244.0
3860,244.0
3861,244.0
3862,244.0
3863,244.0
3864,244.0
3865,244.0
3866,244.0
3867,244.0
3868,244.0
3869,244.0
3870,244.0
3871,244.0
3872,244.0
3873,245.0
3874,245.0
3875,245.0
3876,245.0
3877,245.0
3878,245.0
3879,245.0
3880,245.0
3881,245.0
3882,245.0
3883,245.0
3884,245.0
3885,245.0
3886,245.0
3887,245.0
3888,245.0
3889,246.0
3890,246.0
3891,246.0
3892,246.0
3893,246.0
3894,246.0
3895,246.0
3896,246.0
3897,246.0
3898,246.0
3899,246.0
3900,246.0
3901,246.0
3902,246.0
3903,246.0
3904,246.0
3905,247.0
3906,247.0
3907,247.0
3908,247.0
3909,247.0
3910,247.0
3911,247.0
3912,247.0
3913,247.0
3914,247.0
3915,247.0
3916,247.0
3917,247.0
3918,247.0
3919,247.0
3920,247.0
3921,248.0
3922,248.0
3923,248.0
3924,248.0
3925,248.0
3926,248.0
3927,248.0
3928,248.0
3929,248.0
3930,248.0
3931,248.0
3932,248.0
3933,248.0
3934,248.0
3935,248.0
3936,248.0
3937,249.0
3938,249.0
3939,249.0
3940,249.0
3941,249.0
3942,249.0
3943,249.0
3944,249.0
3945,249.0
3946,249.0
3947,249.0
3948,249.0
3949,249.0
3950,249.0
3951,249.0
3952,249.0
3953,250.0
3954,250.0
3955,250.0
3956,250.0
3957,250.0
3958,250.0
3959,250.0
3960,250.0
3961,250.0
3962,250.0
3963,250.0
3964,250.0
3965,250.0
3966,250.0
3967,250.0
3968,250.0
3969,251.0
3970,251.0
3971,251.0
3972,251.0
3973,251.0
3974,251.0
3975,251.0
3976,251.0
3977,251.0
3978,251.0
3979,251.0
3980,251.0
3981,251.0
3982,251.0
3983,251.0
3984,251.0
3985,252.0
3986,252.0
3987,252.0
3988,252.0
3989,252.0
3990,252.0
3991,252.0
3992,252.0
3993,252.0
3994,252.0
3995,252.0
3996,252.0
3997,252.0
3998,252.0
3999,252.0
4000,252.0
4001,253.0
4002,253.0
4003,253.0
4004,253.0
4005,253.0
4006,253.0
4007,253.0
4008,253.0
4009,253.0
4010,253.0
4011,253.0
4012,253.0
4013,253.0
4014,253.0
4015,253.0
4016,253.0
4017,254.0
4018,254.0
4019,254.0
4020,254.0
4021,254.0
4022,254.0
4023,254.0
4024,254.0
4025,254.0
4026,254.0
4027,254.0
4028,254.0
4029,254.0
4030,254.0
4031,254.0
4032,254.0
4033,255.0
4034,255.0
4035,255.0
4036,255.0
4037,255.0
4038,255.0
4039,255.0
4040,255.0
4041,255.0
4042,255.0
4043,255.0
4044,255.0
4045,255.0
4046,255.0
4047,255.0
4048,255.0
4049,256.0
4050,256.0
4051,256.0
4052,256.0
4053,256.0
4054,256.0
4055,256.0
4056,256.0
4057,256.0
4058,256.0
4059,256.0
4060,256.0
4061,256.0
4062,256.0
4063,256.0
4064,256.0
4065,257.0
4066,257.0
4067,257.0
4068,257.0
4069,257.0
4070,257.0
4071,257.0
4072,257.0
4073,257.0
4074,257.0
4075,257.0
4076,257.0
4077,257.0
4078,257.0
4079,257.0
4080,257.0
4081,258.0
4082,258.0
4083,258.0
4084,258.0
4085,258.0
4086,258.0
4087,258.0
4088,258.0
4089,258.0
4090,258.0
4091,258.0
4092,258.0
4093,258.0
4094,258.0
4095,258.0
4096,258.0
4097,259.0
4098,259.0
4099,259.0
4100,259.0
4101,259.0
4102,259.0
4103,259.0
4104,259.0
4105,259.0
4106,259.0
4107,259.0
4108,259.0
4109,259.0
4110,259.0
4111,259.0
4112,259.0
4113,260.0
4114,260.0
4115,260.0
4116,260.0
4117,260.0
4118,260.0
4119,260.0
4120,260.0
4121,260.0
4122,260.0
4123,260.0
4124,260.0
4125,260.0
4126,260.0
4127,260.0
4128,260.0
4129,261.0
4130,261.0
4131,261.0
4132,261.0
4133,261.0
4134,261.0
4135,261.0
4136,261.0
4137,261.0
4138,261.0
4139,261.0
4140,261.0
4141,261.0
4142,261.0
4143,261.0
4144,261.0
4145,262.0
4146,262.0
4147,262.0
4148,262.0
4149,262.0
4150,262.0
4151,262.0
4152,262.0
4153,262.0
4154,262.0
4155,262.0
4156,262.0
4157,262.0
4158,262.0
4159,262.0
4160,262.0
4161,263.0
4162,263.0
4163,263.0
4164,263.0
4165,263.0
4166,263.0
4167,263.0
4168,263.0
4169,263.0
4170,263.0
4171,263.0
4172,263.0
4173,263.0
4174,263.0
4175,263.0
4176,263.0
4177,264.0
4178,264.0
4179,264.0
4180,264.0
4181,264.0
4182,264.0
4183,264.0
4184,264.0
4185,264.0
4186,264.0
4187,264.0
4188,264.0
4189,264.0
4190,264.0
4191,264.0
4192,264.0
4193,265.0
4194,265.0
4195,265.0
4196,265.0
4197,265.0
4198,265.0
4199,265.0
4200,265.0
4201,265.0
4202,265.0
4203,265.0
4204,265.0
4205,265.0
4206,265.0
4207,265.0
4208,265.0
4209,266.0
4210,266.0
4211,266.0
4212,266.0
4213,266.0
4214,266.0
4215,266.0
4216,266.0
4217,266.0
4218,266.0
4219,266.0
4220,266.0
4221,266.0
4222,266.0
4223,266.0
4224,266.0
4225,267.0
4226,267.0
4227,267.0
4228,267.0
4229,267.0
4230,267.0
4231,267.0
4232,267.0
4233,267.0
4234,267.0
4235,267.0
4236,267.0
4237,267.0
4238,267.0
4239,267.0
4240,267.0
4241,268.0
4242,268.0
4243,268.0
4244,268.0
4245,268.0
4246,268.0
4247,268.0
4248,268.0
4249,268.0
4250,268.0
4251,268.0
4252,268.0
4253,268.0
4254,268.0
4255,268.0
4256,268.0
4257,269.0
4258,269.0
4259,269.0
4260,269.0
4261,269.0
4262,269.0
4263,269.0
4264,269.0
4265,269.0
4266,269.0
4267,269.0
4268,269.0
4269,269.0
4270,269.0
4271,269.0
4272,269.0
4273,270.0
4274,270.0
4275,270.0
4276,270.0
4277,270.0
4278,270.0
4279,270.0
4280,270.0
4281,270.0
4282,270.0
4283,270.0
4284,270.0
4285,270.0
4286,270.0
4287,270.0
4288,270.0
4289,271.0
4290,271.0
4291,271.0
4292,271.0
4293,271.0
4294,271.0
4295,271.0
4296,271.0
4297,271.0
4298,271.0
4299,271.0
4300,271.0
4301,271.0
4302,271.0
4303,271.0
4304,271.0
4305,272.0
4306,272.0
4307,272.0
4308,272.0
4309,272.0
4310,272.0
4311,272.0
4312,272.0
4313,272.0
4314,272.0
4315,272.0
4316,272.0
4317,272.0
4318,272.0
4319,272.0
4320,272.0
4321,273.0
4322,273.0
4323,273.0
4324,273.0
4325,273.0
4326,273.0
4327,273.0
4328,273.0
4329,273.0
4330,273.0
4331,273.0
4332,273.0
4333,273.0
4334,273.0
4335,273.0
4336,273.0
4337,274.0
4338,274.0
4339,274.0
4340,274.0
4341,274.0
4342,274.0
4343,274.0
4344,274.0
4345,274.0
4346,274.0
4347,274.0
4348,274.0
4349,274.0
4350,274.0
4351,274.0
4352,274.0
4353,275.0
4354,275.0
4355,275.0
4356,275.0
4357,275.0
4358,275.0
4359,275.0
4360,275.0
4361,275.0
4362,275.0
4363,275.0
4364,275.0
4365,275.0
4366,275.0
4367,275.0
4368,275.0
4369,276.0
4370,276.0
4371,276.0
4372,276.0
4373,276.0
4374,276.0
4375,276.0
4376,276.0
4377,276.0
4378,276.0
4379,276.0
4380,276.0
4381,276.0
4382,276.0
4383,276.0
4384,276.0
4385,277.0
4386,277.0
4387,277.0
4388,277.0
4389,277.0
4390,277.0
4391,277.0
4392,277.0
4393,277.0
4394,277.0
4395,277.0
4396,277.0
4397,277.0
4398,277.0
4399,277.0
4400,277.0
4401,278.0
4402,278.0
4403,278.0
4404,278.0
4405,278.0
4406,278.0
4407,278.0
4408,278.0
4409,278.0
4410,278.0
4411,278.0
4412,278.0
4413,278.0
4414,278.0
4415,278.0
4416,278.0
4417,279.0
4418,279.0
4419,279.0
4420,279.0
4421,279.0
4422,279.0
4423,279.0
4424,279.0
4425,279.0
4426,279.0
4427,279.0
4428,279.0
4429,279.0
4430,279.0
4431,279.0
4432,279.0
4433,280.0
4434,280.0
4435,280.0
4436,280.0
4437,280.0
4438,280.0
4439,280.0
4440,280.0
4441,280.0
4442,280.0
4443,280.0
4444,280.0
4445,280.0
4446,280.0
4447,280.0
4448,280.0
4449,281.0
4450,281.0
4451,281.0
4452,281.0
4453,281.0
4454,281.0
4455,281.0
4456,281.0
4457,281.0
4458,281.0
4459,281.0
4460,281.0
4461,281.0
4462,281.0
4463,281.0
4464,281.0
4465,282.0
4466,282.0
4467,282.0
4468,282.0
4469,282.0
4470,282.0
4471,282.0
4472,282.0
4473,282.0
4474,282.0
4475,282.0
4476,282.0
4477,282.0
4478,282.0
4479,282.0
4480,282.0
4481,283.0
4482,283.0
4483,283.0
4484,283.0
4485,283.0
4486,283.0
4487,283.0
4488,283.0
4489,283.0
4490,283.0
4491,283.0
4492,283.0
4493,283.0
4494,283.0
4495,283.0
4496,283.0
4497,284.0
4498,284.0
4499,284.0
4500,284.0
4501,284.0
4502,284.0
4503,284.0
4504,284.0
4505,284.0
4506,284.0
4507,284.0
4508,284.0
4509,284.0
4510,284.0
4511,284.0
4512,284.0
4513,285.0
4514,285.0
4515,285.0
4516,285.0
4517,285.0
4518,285.0
4519,285.0
4520,285.0
4521,285.0
4522,285.0
4523,285.0
4524,285.0
4525,285.0
4526,285.0
4527,285.0
4528,285.0
4529,286.0
4530,286.0
4531,286.0
4532,286.0
4533,286.0
4534,286.0
4535,286.0
4536,286.0
4537,286.0
4538,286.0
4539,286.0
4540,286.0
4541,286.0
4542,286.0
4543,286.0
4544,286.0
4545,287.0
4546,287.0
4547,287.0
4548,287.0
4549,287.0
4550,287.0
4551,287.0
4552,287.0
4553,287.0
4554,287.0
4555,287.0
4556,287.0
4557,287.0
4558,287.0
4559,287.0
4560,287.0
4561,288.0
4562,288.0
4563,288.0
4564,288.0
4565,288.0
4566,288.0
4567,288.0
4568,288.0
4569,288.0
4570,288.0
4571,288.0
4572,288.0
4573,288.0
4574,288.0
4575,288.0
4576,288.0
4577,289.0
4578,289.0
4579,289.0
4580,289.0
4581,289.0
4582,289.0
4583,289.0
4584,289.0
4585,289.0
4586,289.0
4587,289.0
4588,289.0
4589,289.0
4590,289.0
4591,289.0
4592,289.0
4593,290.0
4594,290.0
4595,290.0
4596,290.0
4597,290.0
4598,290.0
4599,290.0
4600,290.0
4601,290.0
4602,290.0
4603,290.0
4604,290.0
4605,290.0
4606,290.0
4607,290.0
4608,290.0
4609,291.0
4610,291.0
4611,291.0
4612,291.0
4613,291.0
4614,291.0
4615,291.0
4616,291.0
4617,291.0
4618,291.0
4619,291.0
4620,291.0
4621,291.0
4622,291.0
4623,291.0
4624,291.0
4625,292.0
4626,292.0
4627,292.0
4628,292.0
4629,292.0
4630,292.0
4631,292.0
4632,292.0
4633,292.0
4634,292.0
4635,292.0
4636,292.0
4637,292.0
4638,292.0
4639,292.0
4640,292.0
4641,293.0
4642,293.0
4643,293.0
4644,293.0
4645,293.0
4646,293.0
4647,293.0
4648,293.0
4649,293.0
4650,293.0
4651,293.0
4652,293.0
4653,293.0
4654,293.0
4655,293.0
4656,293.0
4657,294.0
4658,294.0
4659,294.0
4660,294.0
4661,294.0
4662,294.0
4663,294.0
4664,294.0
4665,294.0
4666,294.0
4667,294.0
4668,294.0
4669,294.0
4670,294.0
4671,294.0
4672,294.0
4673,295.0
4674,295.0
4675,295.0
4676,295.0
4677,295.0
4678,295.0
4679,295.0
4680,295.0
4681,295.0
4682,295.0
4683,295.0
4684,295.0
4685,295.0
4686,295.0
4687,295.0
4688,295.0
4689,296.0
4690,296.0
4691,296.0
4692,296.0
4693,296.0
4694,296.0
4695,296.0
4696,296.0
4697,296.0
4698,296.0
4699,296.0
4700,296.0
4701,296.0
4702,296.0
4703,296.0
4704,296.0
4705,297.0
4706,297.0
4707,297.0
4708,297.0
4709,297.0
4710,297.0
4711,297.0
4712,297.0
4713,297.0
4714,297.0
4715,297.0
4716,297.0
4717,297.0
4718,297.0
4719,297.0
4720,297.0
4721,298.0
4722,298.0
4723,298.0
4724,298.0
4725,298.0
4726,298.0
4727,298.0
4728,298.0
4729,298.0
4730,298.0
4731,298.0
4732,298.0
4733,298.0
4734,298.0
4735,298.0
4736,298.0
4737,299.0
4738,299.0
4739,299.0
4740,299.0
4741,299.0
4742,299.0
4743,299.0
4744,299.0
4745,299.0
4746,299.0
4747,299.0
4748,299.0
4749,299.0
4750,299.0
4751,299.0
4752,299.0
4753,300.0
4754,300.0
4755,300.0
4756,300.0
4757,300.0
4758,300.0
4759,300.0
4760,300.0
4761,300.0
4762,300.0
4763,300.0
4764,300.0
4765,300.0
4766,300.0
4767,300.0
4768,300.0
4769,301.0
4770,301.0
4771,301.0
4772,301.0
4773,301.0
4774,301.0
4775,301.0
4776,301.0
4777,301.0
4778,301.0
4779,301.0
4780,301.0
4781,301.0
4782,301.0
4783,301.0
4784,301.0
4785,302.0
4786,302.0
4787,302.0
4788,302.0
4789,302.0
4790,302.0
4791,302.0
4792,302.0
4793,302.0
4794,302.0
4795,302.0
4796,302.0
4797,302.0
4798,302.0
4799,302.0
4800,302.0
4801,303.0
4802,303.0
4803,303.0
4804,303.0
4805,303.0
4806,303.0
4807,303.0
4808,303.0
4809,303.0
4810,303.0
4811,303.0
4812,303.0
4813,303.0
4814,303.0
4815,303.0
4816,303.0
4817,304.0
4818,304.0
4819,304.0
4820,304.0
4821,304.0
4822,304.0
4823,304.0
4824,304.0
4825,304.0
4826,304.0
4827,304.0
4828,304.0
4829,304.0
4830,304.0
4831,304.0
4832,304.0
4833,305.0
4834,305.0
4835,305.0
4836,305.0
4837,305.0
4838,305.0
4839,305.0
4840,305.0
4841,305.0
4842,305.0
4843,305.0
4844,305.0
4845,305.0
4846,305.0
4847,305.0
4848,305.0
4849,306.0
4850,306.0
4851,306.0
4852,306.0
4853,306.0
4854,306.0
4855,306.0
4856,306.0
4857,306.0
4858,306.0
4859,306.0
4860,306.0
4861,306.0
4862,306.0
4863,306.0
4864,306.0
4865,307.0
4866,307.0
4867,307.0
4868,307.0
4869,307.0
4870,307.0
4871,307.0
4872,307.0
4873,307.0
4874,307.0
4875,307.0
4876,307.0
4877,307.0
4878,307.0
4879,307.0
4880,307.0
4881,308.0
4882,308.0
4883,308.0
4884,308.0
4885,308.0
4886,308.0
4887,308.0
4888,308.0
4889,308.0
4890,308.0
4891,308.0
4892,308.0
4893,308.0
4894,308.0
4895,308.0
4896,308.0
4897,309.0
4898,309.0
4899,309.0
4900,309.0
4901,309.0
4902,309.0
4903,309.0
4904,309.0
4905,309.0
4906,309.0
4907,309.0
4908,309.0
4909,309.0
4910,309.0
4911,309.0
4912,309.0
4913,310.0
4914,310.0
4915,310.0
4916,310.0
4917,310.0
4918,310.0
4919,310.0
4920,310.0
4921,310.0
4922,310.0
4923,310.0
4924,310.0
4925,310.0
4926,310.0
4927,310.0
4928,310.0
4929,311.0
4930,311.0
4931,311.0
4932,311.0
4933,311.0
4934,311.0
4935,311.0
4936,311.0
4937,311.0
4938,311.0
4939,311.0
4940,311.0
4941,311.0
4942,311.0
4943,311.0
4944,311.0
4945,312.0
4946,312.0
4947,312.0
4948,312.0
4949,312.0
4950,312.0
4951,312.0
4952,312.0
4953,312.0
4954,312.0
4955,312.0
4956,312.0
4957,312.0
4958,312.0
4959,312.0
4960,312.0
4961,313.0
4962,313.0
4963,313.0
4964,313.0
4965,313.0
4966,313.0
4967,313.0
4968,313.0
4969,313.0
4970,313.0
4971,313.0
4972,313.0
4973,313.0
4974,313.0
4975,313.0
4976,313.0
4977,314.0
4978,314.0
4979,314.0
4980,314.0
4981,314.0
4982,314.0
4983,314.0
4984,314.0
4985,314.0
4986,314.0
4987,314.0
4988,314.0
4989,314.0
4990,314.0
4991,314.0
4992,314.0
4993,315.0
4994,315.0
4995,315.0
4996,315.0
4997,315.0
4998,315.0
4999,315.0
5000,315.0
5001,315.0
5002,315.0
5003,315.0
5004,315.0
5005,315.0
5006,315.0
5007,315.0
5008,315.0
5009,316.0
5010,316.0
5011,316.0
5012,316.0
5013,316.0
5014,316.0
5015,316.0
5016,316.0
5017,316.0
5018,316.0
5019,316.0
5020,316.0
5021,316.0
5022,316.0
5023,316.0
5024,316.0
5025,317.0
5026,317.0
5027,317.0
5028,317.0
5029,317.0
5030,317.0
5031,317.0
5032,317.0
5033,317.0
5034,317.0
5035,317.0
5036,317.0
5037,317.0
5038,317.0
5039,317.0
5040,317.0
5041,318.0
5042,318.0
5043,318.0
5044,318.0
5045,318.0
5046,318.0
5047,318.0
5048,318.0
5049,318.0
5050,318.0
5051,318.0
5052,318.0
5053,318.0
5054,318.0
5055,318.0
5056,318.0
5057,319.0
5058,319.0
5059,319.0
5060,319.0
5061,319.0
5062,319.0
5063,319.0
5064,319.0
5065,319.0
5066,319.0
5067,319.0
5068,319.0
5069,319.0
5070,319.0
5071,319.0
5072,319.0
5073,320.0
5074,320.0
5075,320.0
5076,320.0
5077,320.0
5078,320.0
5079,320.0
5080,320.0
5081,320.0
5082,320.0
5083,320.0
5084,320.0
5085,320.0
5086,320.0
5087,320.0
5088,320.0
5089,321.0
5090,321.0
5091,321.0
5092,321.0
5093,321.0
5094,321.0
5095,321.0
5096,321.0
5097,321.0
5098,321.0
5099,321.0
5100,321.0
5101,321.0
5102,321.0
5103,321.0
5104,321.0
5105,322.0
5106,322.0
5107,322.0
5108,322.0
5109,322.0
5110,322.0
5111,322.0
5112,322.0
5113,322.0
5114,322.0
5115,322.0
5116,322.0
5117,322.0
5118,322.0
5119,322.0
5120,322.0
5121,323.0
5122,323.0
5123,323.0
5124,323.0
5125,323.0
5126,323.0
5127,323.0
5128,323.0
5129,323.0
5130,323.0
5131,323.0
5132,323.0
5133,323.0
5134,323.0
5135,323.0
5136,323.0
5137,324.0
5138,324.0
5139,324.0
5140,324.0
5141,324.0
5142,324.0
5143,324.0
5144,324.0
5145,324.0
5146,324.0
5147,324.0
5148,324.0
5149,324.0
5150,324.0
5151,324.0
5152,324.0
5153,325.0
5154,325.0
5155,325.0
5156,325.0
5157,325.0
5158,325.0
5159,325.0
5160,325.0
5161,325.0
5162,325.0
5163,325.0
5164,325.0
5165,325.0
5166,325.0
5167,325.0
5168,325.0
5169,326.0
5170,326.0
5171,326.0
5172,326.0
5173,326.0
5174,326.0
5175,326.0
5176,326.0
5177,326.0
5178,326.0
5179,326.0
5180,326.0
5181,326.0
5182,326.0
5183,326.0
5184,326.0
5185,327.0
5186,327.0
5187,327.0
5188,327.0
5189,327.0
5190,327.0
5191,327.0
5192,327.0
5193,327.0
5194,327.0
5195,327.0
5196,327.0
5197,327.0
5198,327.0
5199,327.0
5200,327.0
5201,328.0
5202,328.0
5203,328.0
5204,328.0
5205,328.0
5206,328.0
5207,328.0
5208,328.0
5209,328.0
5210,328.0
5211,328.0
5212,328.0
5213,328.0
5214,328.0
5215,328.0
5216,328.0
5217,329.0
5218,329.0
5219,329.0
5220,329.0
5221,329.0
5222,329.0
5223,329.0
5224,329.0
5225,329.0
5226,329.0
5227,329.0
5228,329.0
5229,329.0
5230,329.0
5231,329.0
5232,329.0
5233,330.0
5234,330.0
5235,330.0
5236,330.0
5237,330.0
5238,330.0
5239,330.0
5240,330.0
5241,330.0
5242,330.0
5243,330.0
5244,330.0
5245,330.0
5246,330.0
5247,330.0
5248,330.0
5249,331.0
5250,331.0
5251,331.0
5252,331.0
5253,331.0
5254,331.0
5255,331.0
5256,331.0
5257,331.0
5258,331.0
5259,331.0
5260,331.0
5261,331.0
5262,331.0
5263,331.0
5264,331.0
5265,332.0
5266,332.0
5267,332.0
5268,332.0
5269,332.0
5270,332.0
5271,332.0
5272,332.0
5273,332.0
5274,332.0
5275,332.0
5276,332.0
5277,332.0
5278,332.0
5279,332.0
5280,332.0
5281,333.0
5282,333.0
5283,333.0
5284,333.0
5285,333.0
5286,333.0
5287,333.0
5288,333.0
5289,333.0
5290,333.0
5291,333.0
5292,333.0
5293,333.0
5294,333.0
5295,333.0
5296,333.0
5297,334.0
5298,334.0
5299,334.0
5300,334.0
5301,334.0
5302,334.0
5303,334.0
5304,334.0
5305,334.0
5306,334.0
5307,334.0
5308,334.0
5309,334.0
5310,334.0
5311,334.0
5312,334.0
5313,335.0
5314,335.0
5315,335.0
5316,335.0
5317,335.0
5318,335.0
5319,335.0
5320,335.0
5321,335.0
5322,335.0
5323,335.0
5324,335.0
5325,335.0
5326,335.0
5327,335.0
5328,335.0
5329,336.0
5330,336.0
5331,336.0
5332,336.0
5333,336.0
5334,336.0
5335,336.0
5336,336.0
5337,336.0
5338,336.0
5339,336.0
5340,336.0
5341,336.0
5342,336.0
5343,336.0
5344,336.0
5345,337.0
5346,337.0
5347,337.0
5348,337.0
5349,337.0
5350,337.0
5351,337.0
5352,337.0
5353,337.0
5354,337.0
5355,337.0
5356,337.0
5357,337.0
5358,337.0
5359,337.0
5360,337.0
5361,338.0
5362,338.0
5363,338.0
5364,338.0
5365,338.0
5366,338.0
5367,338.0
5368,338.0
5369,338.0
5370,338.0
5371,338.0
5372,338.0
5373,338.0
5374,338.0
5375,338.0
5376,338.0
5377,339.0
5378,339.0
5379,339.0
5380,339.0
5381,339.0
5382,339.0
5383,339.0
5384,339.0
5385,339.0
5386,339.0
5387,339.0
5388,339.0
5389,339.0
5390,339.0
5391,339.0
5392,339.0
5393,340.0
5394,340.0
5395,340.0
5396,340.0
5397,340.0
5398,340.0
5399,340.0
5400,340.0
5401,0.0
