Final Quaternary Strand Length,3-RLL and Knuth with Skips log2 of possible strands
0,0.0
1,0.0
2,0.0
3,0.0
4,0.0
5,2.0
6,4.0
7,6.0
8,6.0
9,8.0
10,10.0
11,12.0
12,14.0
13,16.0
14,18.0
15,20.0
16,22.0
17,24.0
18,26.0
19,28.0
20,30.0
21,30.0
22,32.0
23,32.0
24,32.0
25,34.0
26,36.0
27,38.0
28,40.0
29,42.0
30,44.0
31,46.0
32,48.0
33,50.0
34,52.0
35,54.0
36,56.0
37,58.0
38,60.0
39,62.0
40,64.0
41,64.0
42,64.0
43,66.0
44,68.0
45,70.0
46,72.0
47,74.0
48,76.0
49,78.0
50,80.0
51,82.0
52,84.0
53,86.0
54,88.0
55,90.0
56,92.0
57,94.0
58,96.0
59,96.0
60,96.0
61,98.0
62,100.0
63,102.0
64,104.0
65,106.0
66,108.0
67,110.0
68,112.0
69,114.0
70,114.0
71,116.0
72,118.0
73,120.0
74,122.0
75,124.0
76,126.0
77,128.0
78,128.0
79,128.0
80,132.0
81,134.0
82,136.0
83,138.0
84,140.0
85,142.0
86,144.0
87,146.0
88,148.0
89,150.0
90,152.0
91,154.0
92,156.0
93,158.0
94,160.0
95,160.0
96,160.0
97,162.0
98,164.0
99,166.0
100,170.0
101,170.0
102,172.0
103,174.0
104,176.0
105,178.0
106,180.0
107,182.0
108,184.0
109,186.0
110,188.0
111,190.0
112,192.0
113,192.0
114,192.0
115,194.0
116,196.0
117,198.0
118,200.0
119,202.0
120,206.0
121,208.0
122,210.0
123,212.0
124,214.0
125,216.0
126,218.0
127,220.0
128,222.0
129,224.0
130,224.0
131,224.0
132,226.0
133,226.0
134,228.0
135,230.0
136,232.0
137,234.0
138,236.0
139,238.0
140,242.0
141,244.0
142,246.0
143,248.0
144,250.0
145,252.0
146,254.0
147,256.0
148,256.0
149,256.0
150,258.0
151,260.0
152,262.0
153,264.0
154,266.0
155,268.0
156,270.0
157,272.0
158,274.0
159,276.0
160,278.0
161,280.0
162,282.0
163,284.0
164,286.0
165,288.0
166,288.0
167,288.0
168,290.0
169,292.0
170,294.0
171,296.0
172,298.0
173,300.0
174,302.0
175,304.0
176,306.0
177,308.0
178,310.0
179,312.0
180,314.0
181,316.0
182,318.0
183,320.0
184,320.0
185,320.0
186,322.0
187,324.0
188,326.0
189,328.0
190,330.0
191,332.0
192,334.0
193,336.0
194,338.0
195,340.0
196,342.0
197,344.0
198,346.0
199,348.0
200,350.0
201,352.0
202,352.0
203,352.0
204,354.0
205,356.0
206,358.0
207,360.0
208,362.0
209,364.0
210,366.0
211,368.0
212,370.0
213,372.0
214,374.0
215,376.0
216,378.0
217,380.0
218,382.0
219,384.0
220,384.0
221,384.0
222,386.0
223,388.0
224,390.0
225,392.0
226,394.0
227,396.0
228,398.0
229,400.0
230,402.0
231,404.0
232,406.0
233,408.0
234,410.0
235,412.0
236,414.0
237,416.0
238,416.0
239,416.0
240,418.0
241,420.0
242,422.0
243,424.0
244,426.0
245,428.0
246,430.0
247,432.0
248,434.0
249,436.0
250,438.0
251,440.0
252,442.0
253,444.0
254,446.0
255,448.0
256,448.0
257,448.0
258,450.0
259,452.0
260,454.0
261,456.0
262,458.0
263,460.0
264,462.0
265,464.0
266,466.0
267,468.0
268,470.0
269,472.0
270,474.0
271,476.0
272,478.0
273,480.0
274,480.0
275,480.0
276,482.0
277,484.0
278,486.0
279,488.0
280,490.0
281,492.0
282,494.0
283,496.0
284,498.0
285,500.0
286,502.0
287,504.0
288,506.0
289,508.0
290,510.0
291,512.0
292,512.0
293,512.0
294,514.0
295,516.0
296,518.0
297,520.0
298,522.0
299,524.0
300,526.0
301,528.0
302,530.0
303,532.0
304,534.0
305,536.0
306,538.0
307,540.0
308,542.0
309,544.0
310,544.0
311,544.0
312,546.0
313,548.0
314,550.0
315,552.0
316,554.0
317,556.0
318,558.0
319,560.0
320,562.0
321,564.0
322,566.0
323,568.0
324,570.0
325,572.0
326,574.0
327,576.0
328,576.0
329,576.0
330,578.0
331,580.0
332,582.0
333,584.0
334,586.0
335,588.0
336,590.0
337,592.0
338,594.0
339,596.0
340,598.0
341,600.0
342,602.0
343,604.0
344,606.0
345,608.0
346,608.0
347,608.0
348,610.0
349,612.0
350,614.0
351,616.0
352,618.0
353,620.0
354,622.0
355,624.0
356,626.0
357,628.0
358,630.0
359,632.0
360,634.0
361,636.0
362,638.0
363,640.0
364,640.0
365,640.0
366,642.0
367,644.0
368,646.0
369,648.0
370,650.0
371,652.0
372,654.0
373,656.0
374,658.0
375,660.0
376,662.0
377,664.0
378,666.0
379,668.0
380,670.0
381,672.0
382,672.0
383,672.0
384,674.0
385,676.0
386,678.0
387,680.0
388,682.0
389,684.0
390,686.0
391,688.0
392,690.0
393,692.0
394,694.0
395,696.0
396,698.0
397,700.0
398,702.0
399,704.0
400,704.0
401,704.0
402,706.0
403,708.0
404,710.0
405,712.0
406,714.0
407,716.0
408,718.0
409,720.0
410,722.0
411,724.0
412,726.0
413,728.0
414,730.0
415,732.0
416,734.0
417,736.0
418,736.0
419,736.0
420,738.0
421,740.0
422,742.0
423,744.0
424,746.0
425,748.0
426,750.0
427,752.0
428,754.0
429,756.0
430,758.0
431,760.0
432,762.0
433,764.0
434,766.0
435,768.0
436,768.0
437,768.0
438,770.0
439,772.0
440,774.0
441,776.0
442,778.0
443,780.0
444,782.0
445,784.0
446,786.0
447,788.0
448,790.0
449,792.0
450,794.0
451,796.0
452,798.0
453,800.0
454,800.0
455,800.0
456,802.0
457,804.0
458,806.0
459,808.0
460,810.0
461,812.0
462,814.0
463,816.0
464,818.0
465,820.0
466,822.0
467,824.0
468,826.0
469,828.0
470,830.0
471,832.0
472,832.0
473,832.0
474,834.0
475,836.0
476,838.0
477,840.0
478,842.0
479,844.0
480,846.0
481,848.0
482,850.0
483,852.0
484,854.0
485,856.0
486,858.0
487,860.0
488,862.0
489,864.0
490,864.0
491,864.0
492,866.0
493,868.0
494,870.0
495,872.0
496,874.0
497,876.0
498,878.0
499,880.0
500,882.0
501,884.0
502,886.0
503,888.0
504,890.0
505,892.0
506,894.0
507,896.0
508,896.0
509,896.0
510,898.0
511,900.0
512,902.0
513,904.0
514,906.0
515,908.0
516,910.0
517,912.0
518,914.0
519,916.0
520,918.0
521,920.0
522,922.0
523,924.0
524,926.0
525,928.0
526,928.0
527,928.0
528,930.0
529,932.0
530,934.0
531,936.0
532,938.0
533,940.0
534,942.0
535,944.0
536,946.0
537,948.0
538,950.0
539,952.0
540,954.0
541,956.0
542,958.0
543,960.0
544,960.0
545,960.0
546,962.0
547,964.0
548,966.0
549,968.0
550,970.0
551,972.0
552,974.0
553,976.0
554,978.0
555,980.0
556,982.0
557,984.0
558,986.0
559,988.0
560,990.0
561,992.0
562,992.0
563,992.0
564,994.0
565,996.0
566,998.0
567,1000.0
568,1002.0
569,1004.0
570,1006.0
571,1008.0
572,1010.0
573,1012.0
574,1014.0
575,1016.0
576,1018.0
577,1020.0
578,1022.0
579,1024.0
580,1024.0
581,1024.0
582,1026.0
583,1028.0
584,1030.0
585,1032.0
586,1034.0
587,1036.0
588,1038.0
589,1040.0
590,1042.0
591,1044.0
592,1046.0
593,1048.0
594,1050.0
595,1052.0
596,1054.0
597,1056.0
598,1056.0
599,1056.0
600,1058.0
601,1060.0
602,1062.0
603,1064.0
604,1066.0
605,1068.0
606,1070.0
607,1072.0
608,1074.0
609,1076.0
610,1078.0
611,1080.0
612,1082.0
613,1084.0
614,1086.0
615,1088.0
616,1088.0
617,1088.0
618,1090.0
619,1092.0
620,1094.0
621,1096.0
622,1098.0
623,1100.0
624,1102.0
625,1104.0
626,1106.0
627,1108.0
628,1110.0
629,1112.0
630,1114.0
631,1116.0
632,1118.0
633,1120.0
634,1120.0
635,1120.0
636,1122.0
637,1124.0
638,1126.0
639,1128.0
640,1130.0
641,1132.0
642,1134.0
643,1136.0
644,1138.0
645,1140.0
646,1142.0
647,1144.0
648,1146.0
649,1148.0
650,1150.0
651,1152.0
652,1152.0
653,1152.0
654,1154.0
655,1156.0
656,1158.0
657,1160.0
658,1162.0
659,1164.0
660,1166.0
661,1168.0
662,1170.0
663,1172.0
664,1174.0
665,1176.0
666,1178.0
667,1180.0
668,1182.0
669,1184.0
670,1184.0
671,1184.0
672,1186.0
673,1188.0
674,1190.0
675,1192.0
676,1194.0
677,1196.0
678,1198.0
679,1200.0
680,1202.0
681,1204.0
682,1206.0
683,1208.0
684,1210.0
685,1212.0
686,1214.0
687,1216.0
688,1216.0
689,1216.0
690,1218.0
691,1220.0
692,1222.0
693,1224.0
694,1226.0
695,1228.0
696,1230.0
697,1232.0
698,1234.0
699,1236.0
700,1238.0
701,1240.0
702,1242.0
703,1244.0
704,1246.0
705,1248.0
706,1248.0
707,1248.0
708,1250.0
709,1252.0
710,1254.0
711,1256.0
712,1258.0
713,1260.0
714,1262.0
715,1264.0
716,1266.0
717,1268.0
718,1270.0
719,1272.0
720,1274.0
721,1276.0
722,1278.0
723,1280.0
724,1280.0
725,1280.0
726,1282.0
727,1284.0
728,1286.0
729,1288.0
730,1290.0
731,1292.0
732,1294.0
733,1296.0
734,1298.0
735,1300.0
736,1302.0
737,1304.0
738,1306.0
739,1308.0
740,1310.0
741,1312.0
742,1312.0
743,1312.0
744,1314.0
745,1316.0
746,1318.0
747,1320.0
748,1322.0
749,1324.0
750,1326.0
751,1328.0
752,1330.0
753,1332.0
754,1334.0
755,1336.0
756,1338.0
757,1340.0
758,1342.0
759,1344.0
760,1344.0
761,1344.0
762,1346.0
763,1348.0
764,1350.0
765,1352.0
766,1354.0
767,1356.0
768,1358.0
769,1360.0
770,1362.0
771,1364.0
772,1366.0
773,1368.0
774,1370.0
775,1372.0
776,1374.0
777,1376.0
778,1376.0
779,1376.0
780,1378.0
781,1380.0
782,1382.0
783,1384.0
784,1386.0
785,1388.0
786,1390.0
787,1392.0
788,1394.0
789,1396.0
790,1398.0
791,1400.0
792,1402.0
793,1404.0
794,1406.0
795,1408.0
796,1408.0
797,1408.0
798,1410.0
799,1412.0
800,1414.0
801,1416.0
802,1418.0
803,1420.0
804,1422.0
805,1424.0
806,1426.0
807,1428.0
808,1430.0
809,1432.0
810,1434.0
811,1436.0
812,1438.0
813,1440.0
814,1440.0
815,1440.0
816,1442.0
817,1444.0
818,1446.0
819,1448.0
820,1450.0
821,1452.0
822,1454.0
823,1456.0
824,1458.0
825,1460.0
826,1462.0
827,1464.0
828,1466.0
829,1468.0
830,1470.0
831,1472.0
832,1472.0
833,1472.0
834,1474.0
835,1476.0
836,1478.0
837,1480.0
838,1482.0
839,1484.0
840,1486.0
841,1488.0
842,1490.0
843,1492.0
844,1494.0
845,1496.0
846,1498.0
847,1500.0
848,1502.0
849,1504.0
850,1504.0
851,1504.0
852,1506.0
853,1508.0
854,1510.0
855,1512.0
856,1514.0
857,1516.0
858,1518.0
859,1520.0
860,1522.0
861,1524.0
862,1526.0
863,1528.0
864,1530.0
865,1532.0
866,1534.0
867,1536.0
868,1536.0
869,1536.0
870,1538.0
871,1540.0
872,1542.0
873,1544.0
874,1546.0
875,1548.0
876,1550.0
877,1552.0
878,1554.0
879,1556.0
880,1558.0
881,1560.0
882,1562.0
883,1564.0
884,1566.0
885,1568.0
886,1568.0
887,1568.0
888,1570.0
889,1572.0
890,1574.0
891,1576.0
892,1578.0
893,1580.0
894,1582.0
895,1584.0
896,1586.0
897,1588.0
898,1590.0
899,1592.0
900,1594.0
901,1596.0
902,1598.0
903,1600.0
904,1600.0
905,1600.0
906,1602.0
907,1604.0
908,1606.0
909,1608.0
910,1610.0
911,1612.0
912,1614.0
913,1616.0
914,1618.0
915,1620.0
916,1622.0
917,1624.0
918,1626.0
919,1628.0
920,1630.0
921,1632.0
922,1632.0
923,1632.0
924,1634.0
925,1636.0
926,1638.0
927,1640.0
928,1642.0
929,1644.0
930,1646.0
931,1648.0
932,1650.0
933,1652.0
934,1654.0
935,1656.0
936,1658.0
937,1660.0
938,1662.0
939,1664.0
940,1664.0
941,1664.0
942,1666.0
943,1668.0
944,1670.0
945,1672.0
946,1674.0
947,1676.0
948,1678.0
949,1680.0
950,1682.0
951,1684.0
952,1686.0
953,1688.0
954,1690.0
955,1692.0
956,1694.0
957,1696.0
958,1696.0
959,1696.0
960,1698.0
961,1700.0
962,1702.0
963,1704.0
964,1706.0
965,1708.0
966,1710.0
967,1712.0
968,1714.0
969,1716.0
970,1718.0
971,1720.0
972,1722.0
973,1724.0
974,1726.0
975,1728.0
976,1728.0
977,1728.0
978,1730.0
979,1732.0
980,1734.0
981,1736.0
982,1738.0
983,1740.0
984,1742.0
985,1744.0
986,1746.0
987,1748.0
988,1750.0
989,1752.0
990,1754.0
991,1756.0
992,1758.0
993,1760.0
994,1760.0
995,1760.0
996,1762.0
997,1764.0
998,1766.0
999,1768.0
1000,1770.0
1001,1772.0
1002,1774.0
1003,1776.0
1004,1778.0
1005,1780.0
1006,1782.0
1007,1784.0
1008,1786.0
1009,1788.0
1010,1790.0
1011,1792.0
1012,1792.0
1013,1792.0
1014,1794.0
1015,1796.0
1016,1798.0
1017,1800.0
1018,1802.0
1019,1804.0
1020,1806.0
1021,1808.0
1022,1810.0
1023,1812.0
1024,1814.0
1025,1816.0
1026,1818.0
1027,1820.0
1028,1822.0
1029,1824.0
1030,1824.0
1031,1824.0
1032,1826.0
1033,1828.0
1034,1830.0
1035,1832.0
1036,1834.0
1037,1836.0
1038,1838.0
1039,1840.0
1040,1842.0
1041,1844.0
1042,1846.0
1043,1848.0
1044,1850.0
1045,1852.0
1046,1854.0
1047,1856.0
1048,1856.0
1049,1856.0
1050,1858.0
1051,1860.0
1052,1862.0
1053,1864.0
1054,1866.0
1055,1868.0
1056,1870.0
1057,1872.0
1058,1874.0
1059,1876.0
1060,1878.0
1061,1880.0
1062,1882.0
1063,1884.0
1064,1886.0
1065,1888.0
1066,1888.0
1067,1888.0
1068,1890.0
1069,1892.0
1070,1894.0
1071,1896.0
1072,1898.0
1073,1900.0
1074,1902.0
1075,1904.0
1076,1906.0
1077,1908.0
1078,1910.0
1079,1912.0
1080,1914.0
1081,1916.0
1082,1918.0
1083,1920.0
1084,1920.0
1085,1920.0
1086,1922.0
1087,1924.0
1088,1926.0
1089,1928.0
1090,1930.0
1091,1932.0
1092,1934.0
1093,1936.0
1094,1938.0
1095,1940.0
1096,1942.0
1097,1944.0
1098,1946.0
1099,1948.0
1100,1950.0
1101,1952.0
1102,1952.0
1103,1952.0
1104,1954.0
1105,1956.0
1106,1958.0
1107,1960.0
1108,1962.0
1109,1964.0
1110,1966.0
1111,1968.0
1112,1970.0
1113,1972.0
1114,1974.0
1115,1976.0
1116,1978.0
1117,1980.0
1118,1982.0
1119,1984.0
1120,1984.0
1121,1984.0
1122,1986.0
1123,1988.0
1124,1990.0
1125,1992.0
1126,1994.0
1127,1996.0
1128,1998.0
1129,2000.0
1130,2002.0
1131,2004.0
1132,2006.0
1133,2008.0
1134,2010.0
1135,2012.0
1136,2014.0
1137,2016.0
1138,2016.0
1139,2016.0
1140,2018.0
1141,2020.0
1142,2022.0
1143,2024.0
1144,2026.0
1145,2028.0
1146,2030.0
1147,2032.0
1148,2034.0
1149,2036.0
1150,2038.0
1151,2040.0
1152,2042.0
1153,2044.0
1154,2046.0
1155,2048.0
1156,2048.0
1157,2048.0
1158,2050.0
1159,2052.0
1160,2054.0
1161,2056.0
1162,2058.0
1163,2060.0
1164,2062.0
1165,2064.0
1166,2066.0
1167,2068.0
1168,2070.0
1169,2072.0
1170,2074.0
1171,2076.0
1172,2078.0
1173,2080.0
1174,2080.0
1175,2080.0
1176,2082.0
1177,2084.0
1178,2086.0
1179,2088.0
1180,2090.0
1181,2092.0
1182,2094.0
1183,2096.0
1184,2098.0
1185,2100.0
1186,2102.0
1187,2104.0
1188,2106.0
1189,2108.0
1190,2110.0
1191,2112.0
1192,2112.0
1193,2112.0
1194,2114.0
1195,2116.0
1196,2118.0
1197,2120.0
1198,2122.0
1199,2124.0
1200,2126.0
1201,2128.0
1202,2130.0
1203,2132.0
1204,2134.0
1205,2136.0
1206,2138.0
1207,2140.0
1208,2142.0
1209,2144.0
1210,2144.0
1211,2144.0
1212,2146.0
1213,2148.0
1214,2150.0
1215,2152.0
1216,2154.0
1217,2156.0
1218,2158.0
1219,2160.0
1220,2162.0
1221,2164.0
1222,2166.0
1223,2168.0
1224,2170.0
1225,2172.0
1226,2174.0
1227,2176.0
1228,2176.0
1229,2176.0
1230,2178.0
1231,2180.0
1232,2182.0
1233,2184.0
1234,2186.0
1235,2188.0
1236,2190.0
1237,2192.0
1238,2194.0
1239,2196.0
1240,2198.0
1241,2200.0
1242,2202.0
1243,2204.0
1244,2206.0
1245,2208.0
1246,2208.0
1247,2208.0
1248,2210.0
1249,2212.0
1250,2214.0
1251,2216.0
1252,2218.0
1253,2220.0
1254,2222.0
1255,2224.0
1256,2226.0
1257,2228.0
1258,2230.0
1259,2232.0
1260,2234.0
1261,2236.0
1262,2238.0
1263,2240.0
1264,2240.0
1265,2240.0
1266,2242.0
1267,2244.0
1268,2246.0
1269,2248.0
1270,2250.0
1271,2252.0
1272,2254.0
1273,2256.0
1274,2258.0
1275,2260.0
1276,2262.0
1277,2264.0
1278,2266.0
1279,2268.0
1280,2270.0
1281,2272.0
1282,2272.0
1283,2272.0
1284,2274.0
1285,2276.0
1286,2278.0
1287,2280.0
1288,2282.0
1289,2284.0
1290,2286.0
1291,2288.0
1292,2290.0
1293,2292.0
1294,2294.0
1295,2296.0
1296,2298.0
1297,2300.0
1298,2302.0
1299,2304.0
1300,2304.0
1301,2304.0
1302,2306.0
1303,2308.0
1304,2310.0
1305,2312.0
1306,2314.0
1307,2316.0
1308,2318.0
1309,2320.0
1310,2322.0
1311,2324.0
1312,2326.0
1313,2328.0
1314,2330.0
1315,2332.0
1316,2334.0
1317,2336.0
1318,2336.0
1319,2336.0
1320,2338.0
1321,2340.0
1322,2342.0
1323,2344.0
1324,2346.0
1325,2348.0
1326,2350.0
1327,2352.0
1328,2354.0
1329,2356.0
1330,2358.0
1331,2360.0
1332,2362.0
1333,2364.0
1334,2366.0
1335,2368.0
1336,2368.0
1337,2368.0
1338,2370.0
1339,2372.0
1340,2374.0
1341,2376.0
1342,2378.0
1343,2380.0
1344,2382.0
1345,2384.0
1346,2386.0
1347,2388.0
1348,2390.0
1349,2392.0
1350,2394.0
1351,2396.0
1352,2398.0
1353,2400.0
1354,2400.0
1355,2400.0
1356,2402.0
1357,2404.0
1358,2406.0
1359,2408.0
1360,2410.0
1361,2412.0
1362,2414.0
1363,2416.0
1364,2418.0
1365,2420.0
1366,2422.0
1367,2424.0
1368,2426.0
1369,2428.0
1370,2430.0
1371,2432.0
1372,2432.0
1373,2432.0
1374,2434.0
1375,2436.0
1376,2438.0
1377,2440.0
1378,2442.0
1379,2444.0
1380,2446.0
1381,2448.0
1382,2450.0
1383,2452.0
1384,2454.0
1385,2456.0
1386,2458.0
1387,2460.0
1388,2462.0
1389,2464.0
1390,2464.0
1391,2464.0
1392,2466.0
1393,2468.0
1394,2470.0
1395,2472.0
1396,2474.0
1397,2476.0
1398,2478.0
1399,2480.0
1400,2482.0
1401,2484.0
1402,2486.0
1403,2488.0
1404,2490.0
1405,2492.0
1406,2494.0
1407,2496.0
1408,2496.0
1409,2496.0
1410,2498.0
1411,2500.0
1412,2502.0
1413,2504.0
1414,2506.0
1415,2508.0
1416,2510.0
1417,2512.0
1418,2514.0
1419,2516.0
1420,2518.0
1421,2520.0
1422,2522.0
1423,2524.0
1424,2526.0
1425,2528.0
1426,2528.0
1427,2528.0
1428,2530.0
1429,2532.0
1430,2534.0
1431,2536.0
1432,2538.0
1433,2540.0
1434,2542.0
1435,2544.0
1436,2546.0
1437,2548.0
1438,2550.0
1439,2552.0
1440,2554.0
1441,2556.0
1442,2558.0
1443,2560.0
1444,2560.0
1445,2560.0
1446,2562.0
1447,2564.0
1448,2566.0
1449,2568.0
1450,2570.0
1451,2572.0
1452,2574.0
1453,2576.0
1454,2578.0
1455,2580.0
1456,2582.0
1457,2584.0
1458,2586.0
1459,2588.0
1460,2590.0
1461,2592.0
1462,2592.0
1463,2592.0
1464,2594.0
1465,2596.0
1466,2598.0
1467,2600.0
1468,2602.0
1469,2604.0
1470,2606.0
1471,2608.0
1472,2610.0
1473,2612.0
1474,2614.0
1475,2616.0
1476,2618.0
1477,2620.0
1478,2622.0
1479,2624.0
1480,2624.0
1481,2624.0
1482,2626.0
1483,2628.0
1484,2630.0
1485,2632.0
1486,2634.0
1487,2636.0
1488,2638.0
1489,2640.0
1490,2642.0
1491,2644.0
1492,2646.0
1493,2648.0
1494,2650.0
1495,2652.0
1496,2654.0
1497,2656.0
1498,2656.0
1499,2656.0
1500,2658.0
1501,2660.0
1502,2662.0
1503,2664.0
1504,2666.0
1505,2668.0
1506,2670.0
1507,2672.0
1508,2674.0
1509,2676.0
1510,2678.0
1511,2680.0
1512,2682.0
1513,2684.0
1514,2686.0
1515,2688.0
1516,2688.0
1517,2688.0
1518,2690.0
1519,2692.0
1520,2694.0
1521,2696.0
1522,2698.0
1523,2700.0
1524,2702.0
1525,2704.0
1526,2706.0
1527,2708.0
1528,2710.0
1529,2712.0
1530,2714.0
1531,2716.0
1532,2718.0
1533,2720.0
1534,2720.0
1535,2720.0
1536,2722.0
1537,2724.0
1538,2726.0
1539,2728.0
1540,2730.0
1541,2732.0
1542,2734.0
1543,2736.0
1544,2738.0
1545,2740.0
1546,2742.0
1547,2744.0
1548,2746.0
1549,2748.0
1550,2750.0
1551,2752.0
1552,2752.0
1553,2752.0
1554,2754.0
1555,2756.0
1556,2758.0
1557,2760.0
1558,2762.0
1559,2764.0
1560,2766.0
1561,2768.0
1562,2770.0
1563,2772.0
1564,2774.0
1565,2776.0
1566,2778.0
1567,2780.0
1568,2782.0
1569,2784.0
1570,2784.0
1571,2784.0
1572,2786.0
1573,2788.0
1574,2790.0
1575,2792.0
1576,2794.0
1577,2796.0
1578,2798.0
1579,2800.0
1580,2802.0
1581,2804.0
1582,2806.0
1583,2808.0
1584,2810.0
1585,2812.0
1586,2814.0
1587,2816.0
1588,2816.0
1589,2816.0
1590,2818.0
1591,2820.0
1592,2822.0
1593,2824.0
1594,2826.0
1595,2828.0
1596,2830.0
1597,2832.0
1598,2834.0
1599,2836.0
1600,2838.0
1601,2840.0
1602,2842.0
1603,2844.0
1604,2846.0
1605,2848.0
1606,2848.0
1607,2848.0
1608,2850.0
1609,2852.0
1610,2854.0
1611,2856.0
1612,2858.0
1613,2860.0
1614,2862.0
1615,2864.0
1616,2866.0
1617,2868.0
1618,2870.0
1619,2872.0
1620,2874.0
1621,2876.0
1622,2878.0
1623,2880.0
1624,2880.0
1625,2880.0
1626,2882.0
1627,2884.0
1628,2886.0
1629,2888.0
1630,2890.0
1631,2892.0
1632,2894.0
1633,2896.0
1634,2898.0
1635,2900.0
1636,2902.0
1637,2904.0
1638,2906.0
1639,2908.0
1640,2910.0
1641,2912.0
1642,2912.0
1643,2912.0
1644,2914.0
1645,2916.0
1646,2918.0
1647,2920.0
1648,2922.0
1649,2924.0
1650,2926.0
1651,2928.0
1652,2930.0
1653,2932.0
1654,2934.0
1655,2936.0
1656,2938.0
1657,2940.0
1658,2942.0
1659,2944.0
1660,2944.0
1661,2944.0
1662,2946.0
1663,2948.0
1664,2950.0
1665,2952.0
1666,2954.0
1667,2956.0
1668,2958.0
1669,2960.0
1670,2962.0
1671,2964.0
1672,2966.0
1673,2968.0
1674,2970.0
1675,2972.0
1676,2974.0
1677,2976.0
1678,2976.0
1679,2976.0
1680,2978.0
1681,2980.0
1682,2982.0
1683,2984.0
1684,2986.0
1685,2988.0
1686,2990.0
1687,2992.0
1688,2994.0
1689,2996.0
1690,2998.0
1691,3000.0
1692,3002.0
1693,3004.0
1694,3006.0
1695,3008.0
1696,3008.0
1697,3008.0
1698,3010.0
1699,3012.0
1700,3014.0
1701,3016.0
1702,3018.0
1703,3020.0
1704,3022.0
1705,3024.0
1706,3026.0
1707,3028.0
1708,3030.0
1709,3032.0
1710,3034.0
1711,3036.0
1712,3038.0
1713,3040.0
1714,3040.0
1715,3040.0
1716,3042.0
1717,3044.0
1718,3046.0
1719,3048.0
1720,3050.0
1721,3052.0
1722,3054.0
1723,3056.0
1724,3058.0
1725,3060.0
1726,3062.0
1727,3064.0
1728,3066.0
1729,3068.0
1730,3070.0
1731,3072.0
1732,3072.0
1733,3072.0
1734,3074.0
1735,3076.0
1736,3078.0
1737,3080.0
1738,3082.0
1739,3084.0
1740,3086.0
1741,3088.0
1742,3090.0
1743,3092.0
1744,3094.0
1745,3096.0
1746,3098.0
1747,3100.0
1748,3102.0
1749,3104.0
1750,3104.0
1751,3104.0
1752,3106.0
1753,3108.0
1754,3110.0
1755,3112.0
1756,3114.0
1757,3116.0
1758,3118.0
1759,3120.0
1760,3122.0
1761,3124.0
1762,3126.0
1763,3128.0
1764,3130.0
1765,3132.0
1766,3134.0
1767,3136.0
1768,3136.0
1769,3136.0
1770,3138.0
1771,3140.0
1772,3142.0
1773,3144.0
1774,3146.0
1775,3148.0
1776,3150.0
1777,3152.0
1778,3154.0
1779,3156.0
1780,3158.0
1781,3160.0
1782,3162.0
1783,3164.0
1784,3166.0
1785,3168.0
1786,3168.0
1787,3168.0
1788,3170.0
1789,3172.0
1790,3174.0
1791,3176.0
1792,3178.0
1793,3180.0
1794,3182.0
1795,3184.0
1796,3186.0
1797,3188.0
1798,3190.0
1799,3192.0
1800,3194.0
1801,3196.0
1802,3198.0
1803,3200.0
1804,3200.0
1805,3200.0
1806,3202.0
1807,3204.0
1808,3206.0
1809,3208.0
1810,3210.0
1811,3212.0
1812,3214.0
1813,3216.0
1814,3218.0
1815,3220.0
1816,3222.0
1817,3224.0
1818,3226.0
1819,3228.0
1820,3230.0
1821,3232.0
1822,3232.0
1823,3232.0
1824,3234.0
1825,3236.0
1826,3238.0
1827,3240.0
1828,3242.0
1829,3244.0
1830,3246.0
1831,3248.0
1832,3250.0
1833,3252.0
1834,3254.0
1835,3256.0
1836,3258.0
1837,3260.0
1838,3262.0
1839,3264.0
1840,3264.0
1841,3264.0
1842,3266.0
1843,3268.0
1844,3270.0
1845,3272.0
1846,3274.0
1847,3276.0
1848,3278.0
1849,3280.0
1850,3282.0
1851,3284.0
1852,3286.0
1853,3288.0
1854,3290.0
1855,3292.0
1856,3294.0
1857,3296.0
1858,3296.0
1859,3296.0
1860,3298.0
1861,3300.0
1862,3302.0
1863,3304.0
1864,3306.0
1865,3308.0
1866,3310.0
1867,3312.0
1868,3314.0
1869,3316.0
1870,3318.0
1871,3320.0
1872,3322.0
1873,3324.0
1874,3326.0
1875,3328.0
1876,3328.0
1877,3328.0
1878,3330.0
1879,3332.0
1880,3334.0
1881,3336.0
1882,3338.0
1883,3340.0
1884,3342.0
1885,3344.0
1886,3346.0
1887,3348.0
1888,3350.0
1889,3352.0
1890,3354.0
1891,3356.0
1892,3358.0
1893,3360.0
1894,3360.0
1895,3360.0
1896,3362.0
1897,3364.0
1898,3366.0
1899,3368.0
1900,3370.0
1901,3372.0
1902,3374.0
1903,3376.0
1904,3378.0
1905,3380.0
1906,3382.0
1907,3384.0
1908,3386.0
1909,3388.0
1910,3390.0
1911,3392.0
1912,3392.0
1913,3392.0
1914,3394.0
1915,3396.0
1916,3398.0
1917,3400.0
1918,3402.0
1919,3404.0
1920,3406.0
1921,3408.0
1922,3410.0
1923,3412.0
1924,3414.0
1925,3416.0
1926,3418.0
1927,3420.0
1928,3422.0
1929,3424.0
1930,3424.0
1931,3424.0
1932,3426.0
1933,3428.0
1934,3430.0
1935,3432.0
1936,3434.0
1937,3436.0
1938,3438.0
1939,3440.0
1940,3442.0
1941,3444.0
1942,3446.0
1943,3448.0
1944,3450.0
1945,3452.0
1946,3454.0
1947,3456.0
1948,3456.0
1949,3456.0
1950,3458.0
1951,3460.0
1952,3462.0
1953,3464.0
1954,3466.0
1955,3468.0
1956,3470.0
1957,3472.0
1958,3474.0
1959,3476.0
1960,3478.0
1961,3480.0
1962,3482.0
1963,3484.0
1964,3486.0
1965,3488.0
1966,3488.0
1967,3488.0
1968,3490.0
1969,3492.0
1970,3494.0
1971,3496.0
1972,3498.0
1973,3500.0
1974,3502.0
1975,3504.0
1976,3506.0
1977,3508.0
1978,3510.0
1979,3512.0
1980,3514.0
1981,3516.0
1982,3518.0
1983,3520.0
1984,3520.0
1985,3520.0
1986,3522.0
1987,3524.0
1988,3526.0
1989,3528.0
1990,3530.0
1991,3532.0
1992,3534.0
1993,3536.0
1994,3538.0
1995,3540.0
1996,3542.0
1997,3544.0
1998,3546.0
1999,3548.0
2000,3550.0
2001,3552.0
2002,3552.0
2003,3552.0
2004,3554.0
2005,3556.0
2006,3558.0
2007,3560.0
2008,3562.0
2009,3564.0
2010,3566.0
2011,3568.0
2012,3570.0
2013,3572.0
2014,3574.0
2015,3576.0
2016,3578.0
2017,3580.0
2018,3582.0
2019,3584.0
2020,3584.0
2021,3584.0
2022,3586.0
2023,3588.0
2024,3590.0
2025,3592.0
2026,3594.0
2027,3596.0
2028,3598.0
2029,3600.0
2030,3602.0
2031,3604.0
2032,3606.0
2033,3608.0
2034,3610.0
2035,3612.0
2036,3614.0
2037,3616.0
2038,3616.0
2039,3616.0
2040,3618.0
2041,3620.0
2042,3622.0
2043,3624.0
2044,3626.0
2045,3628.0
2046,3630.0
2047,3632.0
2048,3634.0
2049,3636.0
2050,3638.0
2051,3640.0
2052,3642.0
2053,3644.0
2054,3646.0
2055,3648.0
2056,3648.0
2057,3648.0
2058,3650.0
2059,3652.0
2060,3654.0
2061,3656.0
2062,3658.0
2063,3660.0
2064,3662.0
2065,3664.0
2066,3666.0
2067,3668.0
2068,3670.0
2069,3672.0
2070,3674.0
2071,3676.0
2072,3678.0
2073,3680.0
2074,3680.0
2075,3680.0
2076,3682.0
2077,3684.0
2078,3686.0
2079,3688.0
2080,3690.0
2081,3692.0
2082,3694.0
2083,3696.0
2084,3698.0
2085,3700.0
2086,3702.0
2087,3704.0
2088,3706.0
2089,3708.0
2090,3710.0
2091,3712.0
2092,3712.0
2093,3712.0
2094,3714.0
2095,3716.0
2096,3718.0
2097,3720.0
2098,3722.0
2099,3724.0
2100,3726.0
2101,3728.0
2102,3730.0
2103,3732.0
2104,3734.0
2105,3736.0
2106,3738.0
2107,3740.0
2108,3742.0
2109,3744.0
2110,3744.0
2111,3744.0
2112,3746.0
2113,3748.0
2114,3750.0
2115,3752.0
2116,3754.0
2117,3756.0
2118,3758.0
2119,3760.0
2120,3762.0
2121,3764.0
2122,3766.0
2123,3768.0
2124,3770.0
2125,3772.0
2126,3774.0
2127,3776.0
2128,3776.0
2129,3776.0
2130,3778.0
2131,3780.0
2132,3782.0
2133,3784.0
2134,3786.0
2135,3788.0
2136,3790.0
2137,3792.0
2138,3794.0
2139,3796.0
2140,3798.0
2141,3800.0
2142,3802.0
2143,3804.0
2144,3806.0
2145,3808.0
2146,3808.0
2147,3808.0
2148,3810.0
2149,3812.0
2150,3814.0
2151,3816.0
2152,3818.0
2153,3820.0
2154,3822.0
2155,3824.0
2156,3826.0
2157,3828.0
2158,3830.0
2159,3832.0
2160,3834.0
2161,3836.0
2162,3838.0
2163,3840.0
2164,3840.0
2165,3840.0
2166,3842.0
2167,3844.0
2168,3846.0
2169,3848.0
2170,3850.0
2171,3852.0
2172,3854.0
2173,3856.0
2174,3858.0
2175,3860.0
2176,3862.0
2177,3864.0
2178,3866.0
2179,3868.0
2180,3870.0
2181,3872.0
2182,3872.0
2183,3872.0
2184,3874.0
2185,3876.0
2186,3878.0
2187,3880.0
2188,3882.0
2189,3884.0
2190,3886.0
2191,3888.0
2192,3890.0
2193,3892.0
2194,3894.0
2195,3896.0
2196,3898.0
2197,3900.0
2198,3902.0
2199,3904.0
2200,3904.0
2201,3904.0
2202,3906.0
2203,3908.0
2204,3910.0
2205,3912.0
2206,3914.0
2207,3916.0
2208,3918.0
2209,3920.0
2210,3922.0
2211,3924.0
2212,3926.0
2213,3928.0
2214,3930.0
2215,3932.0
2216,3934.0
2217,3936.0
2218,3936.0
2219,3936.0
2220,3938.0
2221,3940.0
2222,3942.0
2223,3944.0
2224,3946.0
2225,3948.0
2226,3950.0
2227,3952.0
2228,3954.0
2229,3956.0
2230,3958.0
2231,3960.0
2232,3962.0
2233,3964.0
2234,3966.0
2235,3968.0
2236,3968.0
2237,3968.0
2238,3970.0
2239,3972.0
2240,3974.0
2241,3976.0
2242,3978.0
2243,3980.0
2244,3982.0
2245,3984.0
2246,3986.0
2247,3988.0
2248,3990.0
2249,3992.0
2250,3994.0
2251,3996.0
2252,3998.0
2253,4000.0
2254,4000.0
2255,4000.0
2256,4002.0
2257,4004.0
2258,4006.0
2259,4008.0
2260,4010.0
2261,4012.0
2262,4014.0
2263,4016.0
2264,4018.0
2265,4020.0
2266,4022.0
2267,4024.0
2268,4026.0
2269,4028.0
2270,4030.0
2271,4032.0
2272,4032.0
2273,4032.0
2274,4034.0
2275,4036.0
2276,4038.0
2277,4040.0
2278,4042.0
2279,4044.0
2280,4046.0
2281,4048.0
2282,4050.0
2283,4052.0
2284,4054.0
2285,4056.0
2286,4058.0
2287,4060.0
2288,4062.0
2289,4064.0
2290,4064.0
2291,4064.0
2292,4066.0
2293,4068.0
2294,4070.0
2295,4072.0
2296,4074.0
2297,4076.0
2298,4078.0
2299,4080.0
2300,4082.0
2301,4084.0
2302,4086.0
2303,4088.0
2304,4090.0
2305,4092.0
2306,4094.0
2307,4096.0
2308,4096.0
2309,4096.0
2310,4098.0
2311,4100.0
2312,4102.0
2313,4104.0
2314,4106.0
2315,4108.0
2316,4110.0
2317,4112.0
2318,4114.0
2319,4116.0
2320,4118.0
2321,4120.0
2322,4122.0
2323,4124.0
2324,4126.0
2325,4128.0
2326,4128.0
2327,4128.0
2328,4130.0
2329,4132.0
2330,4134.0
2331,4136.0
2332,4138.0
2333,4140.0
2334,4142.0
2335,4144.0
2336,4146.0
2337,4148.0
2338,4150.0
2339,4152.0
2340,4154.0
2341,4156.0
2342,4158.0
2343,4160.0
2344,4160.0
2345,4160.0
2346,4162.0
2347,4164.0
2348,4166.0
2349,4168.0
2350,4170.0
2351,4172.0
2352,4174.0
2353,4176.0
2354,4178.0
2355,4180.0
2356,4182.0
2357,4184.0
2358,4186.0
2359,4188.0
2360,4190.0
2361,4192.0
2362,4192.0
2363,4192.0
2364,4194.0
2365,4196.0
2366,4198.0
2367,4200.0
2368,4202.0
2369,4204.0
2370,4206.0
2371,4208.0
2372,4210.0
2373,4212.0
2374,4214.0
2375,4216.0
2376,4218.0
2377,4220.0
2378,4222.0
2379,4224.0
2380,4224.0
2381,4224.0
2382,4226.0
2383,4228.0
2384,4230.0
2385,4232.0
2386,4234.0
2387,4236.0
2388,4238.0
2389,4240.0
2390,4242.0
2391,4244.0
2392,4246.0
2393,4248.0
2394,4250.0
2395,4252.0
2396,4254.0
2397,4256.0
2398,4256.0
2399,4256.0
2400,4258.0
2401,4260.0
2402,4262.0
2403,4264.0
2404,4266.0
2405,4268.0
2406,4270.0
2407,4272.0
2408,4274.0
2409,4276.0
2410,4278.0
2411,4280.0
2412,4282.0
2413,4284.0
2414,4286.0
2415,4288.0
2416,4288.0
2417,4288.0
2418,4290.0
2419,4292.0
2420,4294.0
2421,4296.0
2422,4298.0
2423,4300.0
2424,4302.0
2425,4304.0
2426,4306.0
2427,4308.0
2428,4310.0
2429,4312.0
2430,4314.0
2431,4316.0
2432,4318.0
2433,4320.0
2434,4320.0
2435,4320.0
2436,4322.0
2437,4324.0
2438,4326.0
2439,4328.0
2440,4330.0
2441,4332.0
2442,4334.0
2443,4336.0
2444,4338.0
2445,4340.0
2446,4342.0
2447,4344.0
2448,4346.0
2449,4348.0
2450,4350.0
2451,4352.0
2452,4352.0
2453,4352.0
2454,4354.0
2455,4356.0
2456,4358.0
2457,4360.0
2458,4362.0
2459,4364.0
2460,4366.0
2461,4368.0
2462,4370.0
2463,4372.0
2464,4374.0
2465,4376.0
2466,4378.0
2467,4380.0
2468,4382.0
2469,4384.0
2470,4384.0
2471,4384.0
2472,4386.0
2473,4388.0
2474,4390.0
2475,4392.0
2476,4394.0
2477,4396.0
2478,4398.0
2479,4400.0
2480,4402.0
2481,4404.0
2482,4406.0
2483,4408.0
2484,4410.0
2485,4412.0
2486,4414.0
2487,4416.0
2488,4416.0
2489,4416.0
2490,4418.0
2491,4420.0
2492,4422.0
2493,4424.0
2494,4426.0
2495,4428.0
2496,4430.0
2497,4432.0
2498,4434.0
2499,4436.0
2500,4438.0
2501,4440.0
2502,4442.0
2503,4444.0
2504,4446.0
2505,4448.0
2506,4448.0
2507,4448.0
2508,4450.0
2509,4452.0
2510,4454.0
2511,4456.0
2512,4458.0
2513,4460.0
2514,4462.0
2515,4464.0
2516,4466.0
2517,4468.0
2518,4470.0
2519,4472.0
2520,4474.0
2521,4476.0
2522,4478.0
2523,4480.0
2524,4480.0
2525,4480.0
2526,4482.0
2527,4484.0
2528,4486.0
2529,4488.0
2530,4490.0
2531,4492.0
2532,4494.0
2533,4496.0
2534,4498.0
2535,4500.0
2536,4502.0
2537,4504.0
2538,4506.0
2539,4508.0
2540,4510.0
2541,4512.0
2542,4512.0
2543,4512.0
2544,4514.0
2545,4516.0
2546,4518.0
2547,4520.0
2548,4522.0
2549,4524.0
2550,4526.0
2551,4528.0
2552,4530.0
2553,4532.0
2554,4534.0
2555,4536.0
2556,4538.0
2557,4540.0
2558,4542.0
2559,4544.0
2560,4544.0
2561,4544.0
2562,4546.0
2563,4548.0
2564,4550.0
2565,4552.0
2566,4554.0
2567,4556.0
2568,4558.0
2569,4560.0
2570,4562.0
2571,4564.0
2572,4566.0
2573,4568.0
2574,4570.0
2575,4572.0
2576,4574.0
2577,4576.0
2578,4576.0
2579,4576.0
2580,4578.0
2581,4580.0
2582,4582.0
2583,4584.0
2584,4586.0
2585,4588.0
2586,4590.0
2587,4592.0
2588,4594.0
2589,4596.0
2590,4598.0
2591,4600.0
2592,4602.0
2593,4604.0
2594,4606.0
2595,4608.0
2596,4608.0
2597,4608.0
2598,4610.0
2599,4612.0
2600,4614.0
2601,4616.0
2602,4618.0
2603,4620.0
2604,4622.0
2605,4624.0
2606,4626.0
2607,4628.0
2608,4630.0
2609,4632.0
2610,4634.0
2611,4636.0
2612,4638.0
2613,4640.0
2614,4640.0
2615,4640.0
2616,4642.0
2617,4644.0
2618,4646.0
2619,4648.0
2620,4650.0
2621,4652.0
2622,4654.0
2623,4656.0
2624,4658.0
2625,4660.0
2626,4662.0
2627,4664.0
2628,4666.0
2629,4668.0
2630,4670.0
2631,4672.0
2632,4672.0
2633,4672.0
2634,4674.0
2635,4676.0
2636,4678.0
2637,4680.0
2638,4682.0
2639,4684.0
2640,4686.0
2641,4688.0
2642,4690.0
2643,4692.0
2644,4694.0
2645,4696.0
2646,4698.0
2647,4700.0
2648,4702.0
2649,4704.0
2650,4704.0
2651,4704.0
2652,4706.0
2653,4708.0
2654,4710.0
2655,4712.0
2656,4714.0
2657,4716.0
2658,4718.0
2659,4720.0
2660,4722.0
2661,4724.0
2662,4726.0
2663,4728.0
2664,4730.0
2665,4732.0
2666,4734.0
2667,4736.0
2668,4736.0
2669,4736.0
2670,4738.0
2671,4740.0
2672,4742.0
2673,4744.0
2674,4746.0
2675,4748.0
2676,4750.0
2677,4752.0
2678,4754.0
2679,4756.0
2680,4758.0
2681,4760.0
2682,4762.0
2683,4764.0
2684,4766.0
2685,4768.0
2686,4768.0
2687,4768.0
2688,4770.0
2689,4772.0
2690,4774.0
2691,4776.0
2692,4778.0
2693,4780.0
2694,4782.0
2695,4784.0
2696,4786.0
2697,4788.0
2698,4790.0
2699,4792.0
2700,4794.0
2701,4796.0
2702,4798.0
2703,4800.0
2704,4800.0
2705,4800.0
2706,4802.0
2707,4804.0
2708,4806.0
2709,4808.0
2710,4810.0
2711,4812.0
2712,4814.0
2713,4816.0
2714,4818.0
2715,4820.0
2716,4822.0
2717,4824.0
2718,4826.0
2719,4828.0
2720,4830.0
2721,4832.0
2722,4832.0
2723,4832.0
2724,4834.0
2725,4836.0
2726,4838.0
2727,4840.0
2728,4842.0
2729,4844.0
2730,4846.0
2731,4848.0
2732,4850.0
2733,4852.0
2734,4854.0
2735,4856.0
2736,4858.0
2737,4860.0
2738,4862.0
2739,4864.0
2740,4864.0
2741,4864.0
2742,4866.0
2743,4868.0
2744,4870.0
2745,4872.0
2746,4874.0
2747,4876.0
2748,4878.0
2749,4880.0
2750,4882.0
2751,4884.0
2752,4886.0
2753,4888.0
2754,4890.0
2755,4892.0
2756,4894.0
2757,4896.0
2758,4896.0
2759,4896.0
2760,4898.0
2761,4900.0
2762,4902.0
2763,4904.0
2764,4906.0
2765,4908.0
2766,4910.0
2767,4912.0
2768,4914.0
2769,4916.0
2770,4918.0
2771,4920.0
2772,4922.0
2773,4924.0
2774,4926.0
2775,4928.0
2776,4928.0
2777,4928.0
2778,4930.0
2779,4932.0
2780,4934.0
2781,4936.0
2782,4938.0
2783,4940.0
2784,4942.0
2785,4944.0
2786,4946.0
2787,4948.0
2788,4950.0
2789,4952.0
2790,4954.0
2791,4956.0
2792,4958.0
2793,4960.0
2794,4960.0
2795,4960.0
2796,4962.0
2797,4964.0
2798,4966.0
2799,4968.0
2800,4970.0
2801,4972.0
2802,4974.0
2803,4976.0
2804,4978.0
2805,4980.0
2806,4982.0
2807,4984.0
2808,4986.0
2809,4988.0
2810,4990.0
2811,4992.0
2812,4992.0
2813,4992.0
2814,4994.0
2815,4996.0
2816,4998.0
2817,5000.0
2818,5002.0
2819,5004.0
2820,5006.0
2821,5008.0
2822,5010.0
2823,5012.0
2824,5014.0
2825,5016.0
2826,5018.0
2827,5020.0
2828,5022.0
2829,5024.0
2830,5024.0
2831,5024.0
2832,5026.0
2833,5028.0
2834,5030.0
2835,5032.0
2836,5034.0
2837,5036.0
2838,5038.0
2839,5040.0
2840,5042.0
2841,5044.0
2842,5046.0
2843,5048.0
2844,5050.0
2845,5052.0
2846,5054.0
2847,5056.0
2848,5056.0
2849,5056.0
2850,5058.0
2851,5060.0
2852,5062.0
2853,5064.0
2854,5066.0
2855,5068.0
2856,5070.0
2857,5072.0
2858,5074.0
2859,5076.0
2860,5078.0
2861,5080.0
2862,5082.0
2863,5084.0
2864,5086.0
2865,5088.0
2866,5088.0
2867,5088.0
2868,5090.0
2869,5092.0
2870,5094.0
2871,5096.0
2872,5098.0
2873,5100.0
2874,5102.0
2875,5104.0
2876,5106.0
2877,5108.0
2878,5110.0
2879,5112.0
2880,5114.0
2881,5116.0
2882,5118.0
2883,5120.0
2884,5120.0
2885,5120.0
2886,5122.0
2887,5124.0
2888,5126.0
2889,5128.0
2890,5130.0
2891,5132.0
2892,5134.0
2893,5136.0
2894,5138.0
2895,5140.0
2896,5142.0
2897,5144.0
2898,5146.0
2899,5148.0
2900,5150.0
2901,5152.0
2902,5152.0
2903,5152.0
2904,5154.0
2905,5156.0
2906,5158.0
2907,5160.0
2908,5162.0
2909,5164.0
2910,5166.0
2911,5168.0
2912,5170.0
2913,5172.0
2914,5174.0
2915,5176.0
2916,5178.0
2917,5180.0
2918,5182.0
2919,5184.0
2920,5184.0
2921,5184.0
2922,5186.0
2923,5188.0
2924,5190.0
2925,5192.0
2926,5194.0
2927,5196.0
2928,5198.0
2929,5200.0
2930,5202.0
2931,5204.0
2932,5206.0
2933,5208.0
2934,5210.0
2935,5212.0
2936,5214.0
2937,5216.0
2938,5216.0
2939,5216.0
2940,5218.0
2941,5220.0
2942,5222.0
2943,5224.0
2944,5226.0
2945,5228.0
2946,5230.0
2947,5232.0
2948,5234.0
2949,5236.0
2950,5238.0
2951,5240.0
2952,5242.0
2953,5244.0
2954,5246.0
2955,5248.0
2956,5248.0
2957,5248.0
2958,5250.0
2959,5252.0
2960,5254.0
2961,5256.0
2962,5258.0
2963,5260.0
2964,5262.0
2965,5264.0
2966,5266.0
2967,5268.0
2968,5270.0
2969,5272.0
2970,5274.0
2971,5276.0
2972,5278.0
2973,5280.0
2974,5280.0
2975,5280.0
2976,5282.0
2977,5284.0
2978,5286.0
2979,5288.0
2980,5290.0
2981,5292.0
2982,5294.0
2983,5296.0
2984,5298.0
2985,5300.0
2986,5302.0
2987,5304.0
2988,5306.0
2989,5308.0
2990,5310.0
2991,5312.0
2992,5312.0
2993,5312.0
2994,5314.0
2995,5316.0
2996,5318.0
2997,5320.0
2998,5322.0
2999,5324.0
3000,5326.0
3001,5328.0
3002,5330.0
3003,5332.0
3004,5334.0
3005,5336.0
3006,5338.0
3007,5340.0
3008,5342.0
3009,5344.0
3010,5344.0
3011,5344.0
3012,5346.0
3013,5348.0
3014,5350.0
3015,5352.0
3016,5354.0
3017,5356.0
3018,5358.0
3019,5360.0
3020,5362.0
3021,5364.0
3022,5366.0
3023,5368.0
3024,5370.0
3025,5372.0
3026,5374.0
3027,5376.0
3028,5376.0
3029,5376.0
3030,5378.0
3031,5380.0
3032,5382.0
3033,5384.0
3034,5386.0
3035,5388.0
3036,5390.0
3037,5392.0
3038,5394.0
3039,5396.0
3040,5398.0
3041,5400.0
3042,5402.0
3043,5404.0
3044,5406.0
3045,5408.0
3046,5408.0
3047,5408.0
3048,5410.0
3049,5412.0
3050,5414.0
3051,5416.0
3052,5418.0
3053,5420.0
3054,5422.0
3055,5424.0
3056,5426.0
3057,5428.0
3058,5430.0
3059,5432.0
3060,5434.0
3061,5436.0
3062,5438.0
3063,5440.0
3064,5440.0
3065,5440.0
3066,5442.0
3067,5444.0
3068,5446.0
3069,5448.0
3070,5450.0
3071,5452.0
3072,5454.0
3073,5456.0
3074,5458.0
3075,5460.0
3076,5462.0
3077,5464.0
3078,5466.0
3079,5468.0
3080,5470.0
3081,5472.0
3082,5472.0
3083,5472.0
3084,5474.0
3085,5476.0
3086,5478.0
3087,5480.0
3088,5482.0
3089,5484.0
3090,5486.0
3091,5488.0
3092,5490.0
3093,5492.0
3094,5494.0
3095,5496.0
3096,5498.0
3097,5500.0
3098,5502.0
3099,5504.0
3100,5504.0
3101,5504.0
3102,5506.0
3103,5508.0
3104,5510.0
3105,5512.0
3106,5514.0
3107,5516.0
3108,5518.0
3109,5520.0
3110,5522.0
3111,5524.0
3112,5526.0
3113,5528.0
3114,5530.0
3115,5532.0
3116,5534.0
3117,5536.0
3118,5536.0
3119,5536.0
3120,5538.0
3121,5540.0
3122,5542.0
3123,5544.0
3124,5546.0
3125,5548.0
3126,5550.0
3127,5552.0
3128,5554.0
3129,5556.0
3130,5558.0
3131,5560.0
3132,5562.0
3133,5564.0
3134,5566.0
3135,5568.0
3136,5568.0
3137,5568.0
3138,5570.0
3139,5572.0
3140,5574.0
3141,5576.0
3142,5578.0
3143,5580.0
3144,5582.0
3145,5584.0
3146,5586.0
3147,5588.0
3148,5590.0
3149,5592.0
3150,5594.0
3151,5596.0
3152,5598.0
3153,5600.0
3154,5600.0
3155,5600.0
3156,5602.0
3157,5604.0
3158,5606.0
3159,5608.0
3160,5610.0
3161,5612.0
3162,5614.0
3163,5616.0
3164,5618.0
3165,5620.0
3166,5622.0
3167,5624.0
3168,5626.0
3169,5628.0
3170,5630.0
3171,5632.0
3172,5632.0
3173,5632.0
3174,5634.0
3175,5636.0
3176,5638.0
3177,5640.0
3178,5642.0
3179,5644.0
3180,5646.0
3181,5648.0
3182,5650.0
3183,5652.0
3184,5654.0
3185,5656.0
3186,5658.0
3187,5660.0
3188,5662.0
3189,5664.0
3190,5664.0
3191,5664.0
3192,5666.0
3193,5668.0
3194,5670.0
3195,5672.0
3196,5674.0
3197,5676.0
3198,5678.0
3199,5680.0
3200,5682.0
3201,5684.0
3202,5686.0
3203,5688.0
3204,5690.0
3205,5692.0
3206,5694.0
3207,5696.0
3208,5696.0
3209,5696.0
3210,5698.0
3211,5700.0
3212,5702.0
3213,5704.0
3214,5706.0
3215,5708.0
3216,5710.0
3217,5712.0
3218,5714.0
3219,5716.0
3220,5718.0
3221,5720.0
3222,5722.0
3223,5724.0
3224,5726.0
3225,5728.0
3226,5728.0
3227,5728.0
3228,5730.0
3229,5732.0
3230,5734.0
3231,5736.0
3232,5738.0
3233,5740.0
3234,5742.0
3235,5744.0
3236,5746.0
3237,5748.0
3238,5750.0
3239,5752.0
3240,5754.0
3241,5756.0
3242,5758.0
3243,5760.0
3244,5760.0
3245,5760.0
3246,5762.0
3247,5764.0
3248,5766.0
3249,5768.0
3250,5770.0
3251,5772.0
3252,5774.0
3253,5776.0
3254,5778.0
3255,5780.0
3256,5782.0
3257,5784.0
3258,5786.0
3259,5788.0
3260,5790.0
3261,5792.0
3262,5792.0
3263,5792.0
3264,5794.0
3265,5796.0
3266,5798.0
3267,5800.0
3268,5802.0
3269,5804.0
3270,5806.0
3271,5808.0
3272,5810.0
3273,5812.0
3274,5814.0
3275,5816.0
3276,5818.0
3277,5820.0
3278,5822.0
3279,5824.0
3280,5824.0
3281,5824.0
3282,5826.0
3283,5828.0
3284,5830.0
3285,5832.0
3286,5834.0
3287,5836.0
3288,5838.0
3289,5840.0
3290,5842.0
3291,5844.0
3292,5846.0
3293,5848.0
3294,5850.0
3295,5852.0
3296,5854.0
3297,5856.0
3298,5856.0
3299,5856.0
3300,5858.0
3301,5860.0
3302,5862.0
3303,5864.0
3304,5866.0
3305,5868.0
3306,5870.0
3307,5872.0
3308,5874.0
3309,5876.0
3310,5878.0
3311,5880.0
3312,5882.0
3313,5884.0
3314,5886.0
3315,5888.0
3316,5888.0
3317,5888.0
3318,5890.0
3319,5892.0
3320,5894.0
3321,5896.0
3322,5898.0
3323,5900.0
3324,5902.0
3325,5904.0
3326,5906.0
3327,5908.0
3328,5910.0
3329,5912.0
3330,5914.0
3331,5916.0
3332,5918.0
3333,5920.0
3334,5920.0
3335,5920.0
3336,5922.0
3337,5924.0
3338,5926.0
3339,5928.0
3340,5930.0
3341,5932.0
3342,5934.0
3343,5936.0
3344,5938.0
3345,5940.0
3346,5942.0
3347,5944.0
3348,5946.0
3349,5948.0
3350,5950.0
3351,5952.0
3352,5952.0
3353,5952.0
3354,5954.0
3355,5956.0
3356,5958.0
3357,5960.0
3358,5962.0
3359,5964.0
3360,5966.0
3361,5968.0
3362,5970.0
3363,5972.0
3364,5974.0
3365,5976.0
3366,5978.0
3367,5980.0
3368,5982.0
3369,5984.0
3370,5984.0
3371,5984.0
3372,5986.0
3373,5988.0
3374,5990.0
3375,5992.0
3376,5994.0
3377,5996.0
3378,5998.0
3379,6000.0
3380,6002.0
3381,6004.0
3382,6006.0
3383,6008.0
3384,6010.0
3385,6012.0
3386,6014.0
3387,6016.0
3388,6016.0
3389,6016.0
3390,6018.0
3391,6020.0
3392,6022.0
3393,6024.0
3394,6026.0
3395,6028.0
3396,6030.0
3397,6032.0
3398,6034.0
3399,6036.0
3400,6038.0
3401,6040.0
3402,6042.0
3403,6044.0
3404,6046.0
3405,6048.0
3406,6048.0
3407,6048.0
3408,6050.0
3409,6052.0
3410,6054.0
3411,6056.0
3412,6058.0
3413,6060.0
3414,6062.0
3415,6064.0
3416,6066.0
3417,6068.0
3418,6070.0
3419,6072.0
3420,6074.0
3421,6076.0
3422,6078.0
3423,6080.0
3424,6080.0
3425,6080.0
3426,6082.0
3427,6084.0
3428,6086.0
3429,6088.0
3430,6090.0
3431,6092.0
3432,6094.0
3433,6096.0
3434,6098.0
3435,6100.0
3436,6102.0
3437,6104.0
3438,6106.0
3439,6108.0
3440,6110.0
3441,6112.0
3442,6112.0
3443,6112.0
3444,6114.0
3445,6116.0
3446,6118.0
3447,6120.0
3448,6122.0
3449,6124.0
3450,6126.0
3451,6128.0
3452,6130.0
3453,6132.0
3454,6134.0
3455,6136.0
3456,6138.0
3457,6140.0
3458,6142.0
3459,6144.0
3460,6144.0
3461,6144.0
3462,6146.0
3463,6148.0
3464,6150.0
3465,6152.0
3466,6154.0
3467,6156.0
3468,6158.0
3469,6160.0
3470,6162.0
3471,6164.0
3472,6166.0
3473,6168.0
3474,6170.0
3475,6172.0
3476,6174.0
3477,6176.0
3478,6176.0
3479,6176.0
3480,6178.0
3481,6180.0
3482,6182.0
3483,6184.0
3484,6186.0
3485,6188.0
3486,6190.0
3487,6192.0
3488,6194.0
3489,6196.0
3490,6198.0
3491,6200.0
3492,6202.0
3493,6204.0
3494,6206.0
3495,6208.0
3496,6208.0
3497,6208.0
3498,6210.0
3499,6212.0
3500,6214.0
3501,6216.0
3502,6218.0
3503,6220.0
3504,6222.0
3505,6224.0
3506,6226.0
3507,6228.0
3508,6230.0
3509,6232.0
3510,6234.0
3511,6236.0
3512,6238.0
3513,6240.0
3514,6240.0
3515,6240.0
3516,6242.0
3517,6244.0
3518,6246.0
3519,6248.0
3520,6250.0
3521,6252.0
3522,6254.0
3523,6256.0
3524,6258.0
3525,6260.0
3526,6262.0
3527,6264.0
3528,6266.0
3529,6268.0
3530,6270.0
3531,6272.0
3532,6272.0
3533,6272.0
3534,6274.0
3535,6276.0
3536,6278.0
3537,6280.0
3538,6282.0
3539,6284.0
3540,6286.0
3541,6288.0
3542,6290.0
3543,6292.0
3544,6294.0
3545,6296.0
3546,6298.0
3547,6300.0
3548,6302.0
3549,6304.0
3550,6304.0
3551,6304.0
3552,6306.0
3553,6308.0
3554,6310.0
3555,6312.0
3556,6314.0
3557,6316.0
3558,6318.0
3559,6320.0
3560,6322.0
3561,6324.0
3562,6326.0
3563,6328.0
3564,6330.0
3565,6332.0
3566,6334.0
3567,6336.0
3568,6336.0
3569,6336.0
3570,6338.0
3571,6340.0
3572,6342.0
3573,6344.0
3574,6346.0
3575,6348.0
3576,6350.0
3577,6352.0
3578,6354.0
3579,6356.0
3580,6358.0
3581,6360.0
3582,6362.0
3583,6364.0
3584,6366.0
3585,6368.0
3586,6368.0
3587,6368.0
3588,6370.0
3589,6372.0
3590,6374.0
3591,6376.0
3592,6378.0
3593,6380.0
3594,6382.0
3595,6384.0
3596,6386.0
3597,6388.0
3598,6390.0
3599,6392.0
3600,6394.0
3601,6396.0
3602,6398.0
3603,6400.0
3604,6400.0
3605,6400.0
3606,6402.0
3607,6404.0
3608,6406.0
3609,6408.0
3610,6410.0
3611,6412.0
3612,6414.0
3613,6416.0
3614,6418.0
3615,6420.0
3616,6422.0
3617,6424.0
3618,6426.0
3619,6428.0
3620,6430.0
3621,6432.0
3622,6432.0
3623,6432.0
3624,6434.0
3625,6436.0
3626,6438.0
3627,6440.0
3628,6442.0
3629,6444.0
3630,6446.0
3631,6448.0
3632,6450.0
3633,6452.0
3634,6454.0
3635,6456.0
3636,6458.0
3637,6460.0
3638,6462.0
3639,6464.0
3640,6464.0
3641,6464.0
3642,6466.0
3643,6468.0
3644,6470.0
3645,6472.0
3646,6474.0
3647,6476.0
3648,6478.0
3649,6480.0
3650,6482.0
3651,6484.0
3652,6486.0
3653,6488.0
3654,6490.0
3655,6492.0
3656,6494.0
3657,6496.0
3658,6496.0
3659,6496.0
3660,6498.0
3661,6500.0
3662,6502.0
3663,6504.0
3664,6506.0
3665,6508.0
3666,6510.0
3667,6512.0
3668,6514.0
3669,6516.0
3670,6518.0
3671,6520.0
3672,6522.0
3673,6524.0
3674,6526.0
3675,6528.0
3676,6528.0
3677,6528.0
3678,6530.0
3679,6532.0
3680,6534.0
3681,6536.0
3682,6538.0
3683,6540.0
3684,6542.0
3685,6544.0
3686,6546.0
3687,6548.0
3688,6550.0
3689,6552.0
3690,6554.0
3691,6556.0
3692,6558.0
3693,6560.0
3694,6560.0
3695,6560.0
3696,6562.0
3697,6564.0
3698,6566.0
3699,6568.0
3700,6570.0
3701,6572.0
3702,6574.0
3703,6576.0
3704,6578.0
3705,6580.0
3706,6582.0
3707,6584.0
3708,6586.0
3709,6588.0
3710,6590.0
3711,6592.0
3712,6592.0
3713,6592.0
3714,6594.0
3715,6596.0
3716,6598.0
3717,6600.0
3718,6602.0
3719,6604.0
3720,6606.0
3721,6608.0
3722,6610.0
3723,6612.0
3724,6614.0
3725,6616.0
3726,6618.0
3727,6620.0
3728,6622.0
3729,6624.0
3730,6624.0
3731,6624.0
3732,6626.0
3733,6628.0
3734,6630.0
3735,6632.0
3736,6634.0
3737,6636.0
3738,6638.0
3739,6640.0
3740,6642.0
3741,6644.0
3742,6646.0
3743,6648.0
3744,6650.0
3745,6652.0
3746,6654.0
3747,6656.0
3748,6656.0
3749,6656.0
3750,6658.0
3751,6660.0
3752,6662.0
3753,6664.0
3754,6666.0
3755,6668.0
3756,6670.0
3757,6672.0
3758,6674.0
3759,6676.0
3760,6678.0
3761,6680.0
3762,6682.0
3763,6684.0
3764,6686.0
3765,6688.0
3766,6688.0
3767,6688.0
3768,6690.0
3769,6692.0
3770,6694.0
3771,6696.0
3772,6698.0
3773,6700.0
3774,6702.0
3775,6704.0
3776,6706.0
3777,6708.0
3778,6710.0
3779,6712.0
3780,6714.0
3781,6716.0
3782,6718.0
3783,6720.0
3784,6720.0
3785,6720.0
3786,6722.0
3787,6724.0
3788,6726.0
3789,6728.0
3790,6730.0
3791,6732.0
3792,6734.0
3793,6736.0
3794,6738.0
3795,6740.0
3796,6742.0
3797,6744.0
3798,6746.0
3799,6748.0
3800,6750.0
3801,6752.0
3802,6752.0
3803,6752.0
3804,6754.0
3805,6756.0
3806,6758.0
3807,6760.0
3808,6762.0
3809,6764.0
3810,6766.0
3811,6768.0
3812,6770.0
3813,6772.0
3814,6774.0
3815,6776.0
3816,6778.0
3817,6780.0
3818,6782.0
3819,6784.0
3820,6784.0
3821,6784.0
3822,6786.0
3823,6788.0
3824,6790.0
3825,6792.0
3826,6794.0
3827,6796.0
3828,6798.0
3829,6800.0
3830,6802.0
3831,6804.0
3832,6806.0
3833,6808.0
3834,6810.0
3835,6812.0
3836,6814.0
3837,6816.0
3838,6816.0
3839,6816.0
3840,6818.0
3841,6820.0
3842,6822.0
3843,6824.0
3844,6826.0
3845,6828.0
3846,6830.0
3847,6832.0
3848,6834.0
3849,6836.0
3850,6838.0
3851,6840.0
3852,6842.0
3853,6844.0
3854,6846.0
3855,6848.0
3856,6848.0
3857,6848.0
3858,6850.0
3859,6852.0
3860,6854.0
3861,6856.0
3862,6858.0
3863,6860.0
3864,6862.0
3865,6864.0
3866,6866.0
3867,6868.0
3868,6870.0
3869,6872.0
3870,6874.0
3871,6876.0
3872,6878.0
3873,6880.0
3874,6880.0
3875,6880.0
3876,6882.0
3877,6884.0
3878,6886.0
3879,6888.0
3880,6890.0
3881,6892.0
3882,6894.0
3883,6896.0
3884,6898.0
3885,6900.0
3886,6902.0
3887,6904.0
3888,6906.0
3889,6908.0
3890,6910.0
3891,6912.0
3892,6912.0
3893,6912.0
3894,6914.0
3895,6916.0
3896,6918.0
3897,6920.0
3898,6922.0
3899,6924.0
3900,6926.0
3901,6928.0
3902,6930.0
3903,6932.0
3904,6934.0
3905,6936.0
3906,6938.0
3907,6940.0
3908,6942.0
3909,6944.0
3910,6944.0
3911,6944.0
3912,6946.0
3913,6948.0
3914,6950.0
3915,6952.0
3916,6954.0
3917,6956.0
3918,6958.0
3919,6960.0
3920,6962.0
3921,6964.0
3922,6966.0
3923,6968.0
3924,6970.0
3925,6972.0
3926,6974.0
3927,6976.0
3928,6976.0
3929,6976.0
3930,6978.0
3931,6980.0
3932,6982.0
3933,6984.0
3934,6986.0
3935,6988.0
3936,6990.0
3937,6992.0
3938,6994.0
3939,6996.0
3940,6998.0
3941,7000.0
3942,7002.0
3943,7004.0
3944,7006.0
3945,7008.0
3946,7008.0
3947,7008.0
3948,7010.0
3949,7012.0
3950,7014.0
3951,7016.0
3952,7018.0
3953,7020.0
3954,7022.0
3955,7024.0
3956,7026.0
3957,7028.0
3958,7030.0
3959,7032.0
3960,7034.0
3961,7036.0
3962,7038.0
3963,7040.0
3964,7040.0
3965,7040.0
3966,7042.0
3967,7044.0
3968,7046.0
3969,7048.0
3970,7050.0
3971,7052.0
3972,7054.0
3973,7056.0
3974,7058.0
3975,7060.0
3976,7062.0
3977,7064.0
3978,7066.0
3979,7068.0
3980,7070.0
3981,7072.0
3982,7072.0
3983,7072.0
3984,7074.0
3985,7076.0
3986,7078.0
3987,7080.0
3988,7082.0
3989,7084.0
3990,7086.0
3991,7088.0
3992,7090.0
3993,7092.0
3994,7094.0
3995,7096.0
3996,7098.0
3997,7100.0
3998,7102.0
3999,7104.0
4000,7104.0
4001,7104.0
4002,7106.0
4003,7108.0
4004,7110.0
4005,7112.0
4006,7114.0
4007,7116.0
4008,7118.0
4009,7120.0
4010,7122.0
4011,7124.0
4012,7126.0
4013,7128.0
4014,7130.0
4015,7132.0
4016,7134.0
4017,7136.0
4018,7136.0
4019,7136.0
4020,7138.0
4021,7140.0
4022,7142.0
4023,7144.0
4024,7146.0
4025,7148.0
4026,7150.0
4027,7152.0
4028,7154.0
4029,7156.0
4030,7158.0
4031,7160.0
4032,7162.0
4033,7164.0
4034,7166.0
4035,7168.0
4036,7168.0
4037,7168.0
4038,7170.0
4039,7172.0
4040,7174.0
4041,7176.0
4042,7178.0
4043,7180.0
4044,7182.0
4045,7184.0
4046,7186.0
4047,7188.0
4048,7190.0
4049,7192.0
4050,7194.0
4051,7196.0
4052,7198.0
4053,7200.0
4054,7200.0
4055,7200.0
4056,7202.0
4057,7204.0
4058,7206.0
4059,7208.0
4060,7210.0
4061,7212.0
4062,7214.0
4063,7216.0
4064,7218.0
4065,7220.0
4066,7222.0
4067,7224.0
4068,7226.0
4069,7228.0
4070,7230.0
4071,7232.0
4072,7232.0
4073,7232.0
4074,7234.0
4075,7236.0
4076,7238.0
4077,7240.0
4078,7242.0
4079,7244.0
4080,7246.0
4081,7248.0
4082,7250.0
4083,7252.0
4084,7254.0
4085,7256.0
4086,7258.0
4087,7260.0
4088,7262.0
4089,7264.0
4090,7264.0
4091,7264.0
4092,7266.0
4093,7268.0
4094,7270.0
4095,7272.0
4096,7274.0
4097,7276.0
4098,7278.0
4099,7280.0
4100,7282.0
4101,7284.0
4102,7286.0
4103,7288.0
4104,7290.0
4105,7292.0
4106,7294.0
4107,7296.0
4108,7296.0
4109,7296.0
4110,7298.0
4111,7300.0
4112,7302.0
4113,7304.0
4114,7306.0
4115,7308.0
4116,7310.0
4117,7312.0
4118,7314.0
4119,7316.0
4120,7318.0
4121,7320.0
4122,7322.0
4123,7324.0
4124,7326.0
4125,7328.0
4126,7328.0
4127,7328.0
4128,7330.0
4129,7332.0
4130,7334.0
4131,7336.0
4132,7338.0
4133,7340.0
4134,7342.0
4135,7344.0
4136,7346.0
4137,7348.0
4138,7350.0
4139,7352.0
4140,7354.0
4141,7356.0
4142,7358.0
4143,7360.0
4144,7360.0
4145,7360.0
4146,7362.0
4147,7364.0
4148,7366.0
4149,7368.0
4150,7370.0
4151,7372.0
4152,7374.0
4153,7376.0
4154,7378.0
4155,7380.0
4156,7382.0
4157,7384.0
4158,7386.0
4159,7388.0
4160,7390.0
4161,7392.0
4162,7392.0
4163,7392.0
4164,7394.0
4165,7396.0
4166,7398.0
4167,7400.0
4168,7402.0
4169,7404.0
4170,7406.0
4171,7408.0
4172,7410.0
4173,7412.0
4174,7414.0
4175,7416.0
4176,7418.0
4177,7420.0
4178,7422.0
4179,7424.0
4180,7424.0
4181,7424.0
4182,7426.0
4183,7428.0
4184,7430.0
4185,7432.0
4186,7434.0
4187,7436.0
4188,7438.0
4189,7440.0
4190,7442.0
4191,7444.0
4192,7446.0
4193,7448.0
4194,7450.0
4195,7452.0
4196,7454.0
4197,7456.0
4198,7456.0
4199,7456.0
4200,7458.0
4201,7460.0
4202,7462.0
4203,7464.0
4204,7466.0
4205,7468.0
4206,7470.0
4207,7472.0
4208,7474.0
4209,7476.0
4210,7478.0
4211,7480.0
4212,7482.0
4213,7484.0
4214,7486.0
4215,7488.0
4216,7488.0
4217,7488.0
4218,7490.0
4219,7492.0
4220,7494.0
4221,7496.0
4222,7498.0
4223,7500.0
4224,7502.0
4225,7504.0
4226,7506.0
4227,7508.0
4228,7510.0
4229,7512.0
4230,7514.0
4231,7516.0
4232,7518.0
4233,7520.0
4234,7520.0
4235,7520.0
4236,7522.0
4237,7524.0
4238,7526.0
4239,7528.0
4240,7530.0
4241,7532.0
4242,7534.0
4243,7536.0
4244,7538.0
4245,7540.0
4246,7542.0
4247,7544.0
4248,7546.0
4249,7548.0
4250,7550.0
4251,7552.0
4252,7552.0
4253,7552.0
4254,7554.0
4255,7556.0
4256,7558.0
4257,7560.0
4258,7562.0
4259,7564.0
4260,7566.0
4261,7568.0
4262,7570.0
4263,7572.0
4264,7574.0
4265,7576.0
4266,7578.0
4267,7580.0
4268,7582.0
4269,7584.0
4270,7584.0
4271,7584.0
4272,7586.0
4273,7588.0
4274,7590.0
4275,7592.0
4276,7594.0
4277,7596.0
4278,7598.0
4279,7600.0
4280,7602.0
4281,7604.0
4282,7606.0
4283,7608.0
4284,7610.0
4285,7612.0
4286,7614.0
4287,7616.0
4288,7616.0
4289,7616.0
4290,7618.0
4291,7620.0
4292,7622.0
4293,7624.0
4294,7626.0
4295,7628.0
4296,7630.0
4297,7632.0
4298,7634.0
4299,7636.0
4300,7638.0
4301,7640.0
4302,7642.0
4303,7644.0
4304,7646.0
4305,7648.0
4306,7648.0
4307,7648.0
4308,7650.0
4309,7652.0
4310,7654.0
4311,7656.0
4312,7658.0
4313,7660.0
4314,7662.0
4315,7664.0
4316,7666.0
4317,7668.0
4318,7670.0
4319,7672.0
4320,7674.0
4321,7676.0
4322,7678.0
4323,7680.0
4324,7680.0
4325,7680.0
4326,7682.0
4327,7684.0
4328,7686.0
4329,7688.0
4330,7690.0
4331,7692.0
4332,7694.0
4333,7696.0
4334,7698.0
4335,7700.0
4336,7702.0
4337,7704.0
4338,7706.0
4339,7708.0
4340,7710.0
4341,7712.0
4342,7712.0
4343,7712.0
4344,7714.0
4345,7716.0
4346,7718.0
4347,7720.0
4348,7722.0
4349,7724.0
4350,7726.0
4351,7728.0
4352,7730.0
4353,7732.0
4354,7734.0
4355,7736.0
4356,7738.0
4357,7740.0
4358,7742.0
4359,7744.0
4360,7744.0
4361,7744.0
4362,7746.0
4363,7748.0
4364,7750.0
4365,7752.0
4366,7754.0
4367,7756.0
4368,7758.0
4369,7760.0
4370,7762.0
4371,7764.0
4372,7766.0
4373,7768.0
4374,7770.0
4375,7772.0
4376,7774.0
4377,7776.0
4378,7776.0
4379,7776.0
4380,7778.0
4381,7780.0
4382,7782.0
4383,7784.0
4384,7786.0
4385,7788.0
4386,7790.0
4387,7792.0
4388,7794.0
4389,7796.0
4390,7798.0
4391,7800.0
4392,7802.0
4393,7804.0
4394,7806.0
4395,7808.0
4396,7808.0
4397,7808.0
4398,7810.0
4399,7812.0
4400,7814.0
4401,7816.0
4402,7818.0
4403,7820.0
4404,7822.0
4405,7824.0
4406,7826.0
4407,7828.0
4408,7830.0
4409,7832.0
4410,7834.0
4411,7836.0
4412,7838.0
4413,7840.0
4414,7840.0
4415,7840.0
4416,7842.0
4417,7844.0
4418,7846.0
4419,7848.0
4420,7850.0
4421,7852.0
4422,7854.0
4423,7856.0
4424,7858.0
4425,7860.0
4426,7862.0
4427,7864.0
4428,7866.0
4429,7868.0
4430,7870.0
4431,7872.0
4432,7872.0
4433,7872.0
4434,7874.0
4435,7876.0
4436,7878.0
4437,7880.0
4438,7882.0
4439,7884.0
4440,7886.0
4441,7888.0
4442,7890.0
4443,7892.0
4444,7894.0
4445,7896.0
4446,7898.0
4447,7900.0
4448,7902.0
4449,7904.0
4450,7904.0
4451,7904.0
4452,7906.0
4453,7908.0
4454,7910.0
4455,7912.0
4456,7914.0
4457,7916.0
4458,7918.0
4459,7920.0
4460,7922.0
4461,7924.0
4462,7926.0
4463,7928.0
4464,7930.0
4465,7932.0
4466,7934.0
4467,7936.0
4468,7936.0
4469,7936.0
4470,7938.0
4471,7940.0
4472,7942.0
4473,7944.0
4474,7946.0
4475,7948.0
4476,7950.0
4477,7952.0
4478,7954.0
4479,7956.0
4480,7958.0
4481,7960.0
4482,7962.0
4483,7964.0
4484,7966.0
4485,7968.0
4486,7968.0
4487,7968.0
4488,7970.0
4489,7972.0
4490,7974.0
4491,7976.0
4492,7978.0
4493,7980.0
4494,7982.0
4495,7984.0
4496,7986.0
4497,7988.0
4498,7990.0
4499,7992.0
4500,7994.0
4501,7996.0
4502,7998.0
4503,8000.0
4504,8000.0
4505,8000.0
4506,8002.0
4507,8004.0
4508,8006.0
4509,8008.0
4510,8010.0
4511,8012.0
4512,8014.0
4513,8016.0
4514,8018.0
4515,8020.0
4516,8022.0
4517,8024.0
4518,8026.0
4519,8028.0
4520,8030.0
4521,8032.0
4522,8032.0
4523,8032.0
4524,8034.0
4525,8036.0
4526,8038.0
4527,8040.0
4528,8042.0
4529,8044.0
4530,8046.0
4531,8048.0
4532,8050.0
4533,8052.0
4534,8054.0
4535,8056.0
4536,8058.0
4537,8060.0
4538,8062.0
4539,8064.0
4540,8064.0
4541,8064.0
4542,8066.0
4543,8068.0
4544,8070.0
4545,8072.0
4546,8074.0
4547,8076.0
4548,8078.0
4549,8080.0
4550,8082.0
4551,8084.0
4552,8086.0
4553,8088.0
4554,8090.0
4555,8092.0
4556,8094.0
4557,8096.0
4558,8096.0
4559,8096.0
4560,8098.0
4561,8100.0
4562,8102.0
4563,8104.0
4564,8106.0
4565,8108.0
4566,8110.0
4567,8112.0
4568,8114.0
4569,8116.0
4570,8118.0
4571,8120.0
4572,8122.0
4573,8124.0
4574,8126.0
4575,8128.0
4576,8128.0
4577,8128.0
4578,8130.0
4579,8132.0
4580,8134.0
4581,8136.0
4582,8138.0
4583,8140.0
4584,8142.0
4585,8144.0
4586,8146.0
4587,8148.0
4588,8150.0
4589,8152.0
4590,8154.0
4591,8156.0
4592,8158.0
4593,8160.0
4594,8160.0
4595,8160.0
4596,8162.0
4597,8164.0
4598,8166.0
4599,8168.0
4600,8170.0
4601,8172.0
4602,8174.0
4603,8176.0
4604,8178.0
4605,8180.0
4606,8182.0
4607,8184.0
4608,8186.0
4609,8188.0
4610,8190.0
4611,8192.0
4612,8192.0
4613,8192.0
4614,8194.0
4615,8196.0
4616,8198.0
4617,8200.0
4618,8202.0
4619,8204.0
4620,8206.0
4621,8208.0
4622,8210.0
4623,8212.0
4624,8214.0
4625,8216.0
4626,8218.0
4627,8220.0
4628,8222.0
4629,8224.0
4630,8224.0
4631,8224.0
4632,8226.0
4633,8228.0
4634,8230.0
4635,8232.0
4636,8234.0
4637,8236.0
4638,8238.0
4639,8240.0
4640,8242.0
4641,8244.0
4642,8246.0
4643,8248.0
4644,8250.0
4645,8252.0
4646,8254.0
4647,8256.0
4648,8256.0
4649,8256.0
4650,8258.0
4651,8260.0
4652,8262.0
4653,8264.0
4654,8266.0
4655,8268.0
4656,8270.0
4657,8272.0
4658,8274.0
4659,8276.0
4660,8278.0
4661,8280.0
4662,8282.0
4663,8284.0
4664,8286.0
4665,8288.0
4666,8288.0
4667,8288.0
4668,8290.0
4669,8292.0
4670,8294.0
4671,8296.0
4672,8298.0
4673,8300.0
4674,8302.0
4675,8304.0
4676,8306.0
4677,8308.0
4678,8310.0
4679,8312.0
4680,8314.0
4681,8316.0
4682,8318.0
4683,8320.0
4684,8320.0
4685,8320.0
4686,8322.0
4687,8324.0
4688,8326.0
4689,8328.0
4690,8330.0
4691,8332.0
4692,8334.0
4693,8336.0
4694,8338.0
4695,8340.0
4696,8342.0
4697,8344.0
4698,8346.0
4699,8348.0
4700,8350.0
4701,8352.0
4702,8352.0
4703,8352.0
4704,8354.0
4705,8356.0
4706,8358.0
4707,8360.0
4708,8362.0
4709,8364.0
4710,8366.0
4711,8368.0
4712,8370.0
4713,8372.0
4714,8374.0
4715,8376.0
4716,8378.0
4717,8380.0
4718,8382.0
4719,8384.0
4720,8384.0
4721,8384.0
4722,8386.0
4723,8388.0
4724,8390.0
4725,8392.0
4726,8394.0
4727,8396.0
4728,8398.0
4729,8400.0
4730,8402.0
4731,8404.0
4732,8406.0
4733,8408.0
4734,8410.0
4735,8412.0
4736,8414.0
4737,8416.0
4738,8416.0
4739,8416.0
4740,8418.0
4741,8420.0
4742,8422.0
4743,8424.0
4744,8426.0
4745,8428.0
4746,8430.0
4747,8432.0
4748,8434.0
4749,8436.0
4750,8438.0
4751,8440.0
4752,8442.0
4753,8444.0
4754,8446.0
4755,8448.0
4756,8448.0
4757,8448.0
4758,8450.0
4759,8452.0
4760,8454.0
4761,8456.0
4762,8458.0
4763,8460.0
4764,8462.0
4765,8464.0
4766,8466.0
4767,8468.0
4768,8470.0
4769,8472.0
4770,8474.0
4771,8476.0
4772,8478.0
4773,8480.0
4774,8480.0
4775,8480.0
4776,8482.0
4777,8484.0
4778,8486.0
4779,8488.0
4780,8490.0
4781,8492.0
4782,8494.0
4783,8496.0
4784,8498.0
4785,8500.0
4786,8502.0
4787,8504.0
4788,8506.0
4789,8508.0
4790,8510.0
4791,8512.0
4792,8512.0
4793,8512.0
4794,8514.0
4795,8516.0
4796,8518.0
4797,8520.0
4798,8522.0
4799,8524.0
4800,8526.0
4801,8528.0
4802,8530.0
4803,8532.0
4804,8534.0
4805,8536.0
4806,8538.0
4807,8540.0
4808,8542.0
4809,8544.0
4810,8544.0
4811,8544.0
4812,8546.0
4813,8548.0
4814,8550.0
4815,8552.0
4816,8554.0
4817,8556.0
4818,8558.0
4819,8560.0
4820,8562.0
4821,8564.0
4822,8566.0
4823,8568.0
4824,8570.0
4825,8572.0
4826,8574.0
4827,8576.0
4828,8576.0
4829,8576.0
4830,8578.0
4831,8580.0
4832,8582.0
4833,8584.0
4834,8586.0
4835,8588.0
4836,8590.0
4837,8592.0
4838,8594.0
4839,8596.0
4840,8598.0
4841,8600.0
4842,8602.0
4843,8604.0
4844,8606.0
4845,8608.0
4846,8608.0
4847,8608.0
4848,8610.0
4849,8612.0
4850,8614.0
4851,8616.0
4852,8618.0
4853,8620.0
4854,8622.0
4855,8624.0
4856,8626.0
4857,8628.0
4858,8630.0
4859,8632.0
4860,8634.0
4861,8636.0
4862,8638.0
4863,8640.0
4864,8640.0
4865,8640.0
4866,8642.0
4867,8644.0
4868,8646.0
4869,8648.0
4870,8650.0
4871,8652.0
4872,8654.0
4873,8656.0
4874,8658.0
4875,8660.0
4876,8662.0
4877,8664.0
4878,8666.0
4879,8668.0
4880,8670.0
4881,8672.0
4882,8672.0
4883,8672.0
4884,8674.0
4885,8676.0
4886,8678.0
4887,8680.0
4888,8682.0
4889,8684.0
4890,8686.0
4891,8688.0
4892,8690.0
4893,8692.0
4894,8694.0
4895,8696.0
4896,8698.0
4897,8700.0
4898,8702.0
4899,8704.0
4900,8704.0
4901,8704.0
4902,8706.0
4903,8708.0
4904,8710.0
4905,8712.0
4906,8714.0
4907,8716.0
4908,8718.0
4909,8720.0
4910,8722.0
4911,8724.0
4912,8726.0
4913,8728.0
4914,8730.0
4915,8732.0
4916,8734.0
4917,8736.0
4918,8736.0
4919,8736.0
4920,8738.0
4921,8740.0
4922,8742.0
4923,8744.0
4924,8746.0
4925,8748.0
4926,8750.0
4927,8752.0
4928,8754.0
4929,8756.0
4930,8758.0
4931,8760.0
4932,8762.0
4933,8764.0
4934,8766.0
4935,8768.0
4936,8768.0
4937,8768.0
4938,8770.0
4939,8772.0
4940,8774.0
4941,8776.0
4942,8778.0
4943,8780.0
4944,8782.0
4945,8784.0
4946,8786.0
4947,8788.0
4948,8790.0
4949,8792.0
4950,8794.0
4951,8796.0
4952,8798.0
4953,8800.0
4954,8800.0
4955,8800.0
4956,8802.0
4957,8804.0
4958,8806.0
4959,8808.0
4960,8810.0
4961,8812.0
4962,8814.0
4963,8816.0
4964,8818.0
4965,8820.0
4966,8822.0
4967,8824.0
4968,8826.0
4969,8828.0
4970,8830.0
4971,8832.0
4972,8832.0
4973,8832.0
4974,8834.0
4975,8836.0
4976,8838.0
4977,8840.0
4978,8842.0
4979,8844.0
4980,8846.0
4981,8848.0
4982,8850.0
4983,8852.0
4984,8854.0
4985,8856.0
4986,8858.0
4987,8860.0
4988,8862.0
4989,8864.0
4990,8864.0
4991,8864.0
4992,8866.0
4993,8868.0
4994,8870.0
4995,8872.0
4996,8874.0
4997,8876.0
4998,8878.0
4999,8880.0
5000,8882.0
5001,8884.0
5002,8886.0
5003,8888.0
5004,8890.0
5005,8892.0
5006,8894.0
5007,8896.0
5008,8896.0
5009,8896.0
5010,8898.0
5011,8900.0
5012,8902.0
5013,8904.0
5014,8906.0
5015,8908.0
5016,8910.0
5017,8912.0
5018,8914.0
5019,8916.0
5020,8918.0
5021,8920.0
5022,8922.0
5023,8924.0
5024,8926.0
5025,8928.0
5026,8928.0
5027,8928.0
5028,8930.0
5029,8932.0
5030,8934.0
5031,8936.0
5032,8938.0
5033,8940.0
5034,8942.0
5035,8944.0
5036,8946.0
5037,8948.0
5038,8950.0
5039,8952.0
5040,8954.0
5041,8956.0
5042,8958.0
5043,8960.0
5044,8960.0
5045,8960.0
5046,8962.0
5047,8964.0
5048,8966.0
5049,8968.0
5050,8970.0
5051,8972.0
5052,8974.0
5053,8976.0
5054,8978.0
5055,8980.0
5056,8982.0
5057,8984.0
5058,8986.0
5059,8988.0
5060,8990.0
5061,8992.0
5062,8992.0
5063,8992.0
5064,8994.0
5065,8996.0
5066,8998.0
5067,9000.0
5068,9002.0
5069,9004.0
5070,9006.0
5071,9008.0
5072,9010.0
5073,9012.0
5074,9014.0
5075,9016.0
5076,9018.0
5077,9020.0
5078,9022.0
5079,9024.0
5080,9024.0
5081,9024.0
5082,9026.0
5083,9028.0
5084,9030.0
5085,9032.0
5086,9034.0
5087,9036.0
5088,9038.0
5089,9040.0
5090,9042.0
5091,9044.0
5092,9046.0
5093,9048.0
5094,9050.0
5095,9052.0
5096,9054.0
5097,9056.0
5098,9056.0
5099,9056.0
5100,9058.0
5101,9060.0
5102,9062.0
5103,9064.0
5104,9066.0
5105,9068.0
5106,9070.0
5107,9072.0
5108,9074.0
5109,9076.0
5110,9078.0
5111,9080.0
5112,9082.0
5113,9084.0
5114,9086.0
5115,9088.0
5116,9088.0
5117,9088.0
5118,9090.0
5119,9092.0
5120,9094.0
5121,9096.0
5122,9098.0
5123,9100.0
5124,9102.0
5125,9104.0
5126,9106.0
5127,9108.0
5128,9110.0
5129,9112.0
5130,9114.0
5131,9116.0
5132,9118.0
5133,9120.0
5134,9120.0
5135,9120.0
5136,9122.0
5137,9124.0
5138,9126.0
5139,9128.0
5140,9130.0
5141,9132.0
5142,9134.0
5143,9136.0
5144,9138.0
5145,9140.0
5146,9142.0
5147,9144.0
5148,9146.0
5149,9148.0
5150,9150.0
5151,9152.0
5152,9152.0
5153,9152.0
5154,9154.0
5155,9156.0
5156,9158.0
5157,9160.0
5158,9162.0
5159,9164.0
5160,9166.0
5161,9168.0
5162,9170.0
5163,9172.0
5164,9174.0
5165,9176.0
5166,9178.0
5167,9180.0
5168,9182.0
5169,9184.0
5170,9184.0
5171,9184.0
5172,9186.0
5173,9188.0
5174,9190.0
5175,9192.0
5176,9194.0
5177,9196.0
5178,9198.0
5179,9200.0
5180,9202.0
5181,9204.0
5182,9206.0
5183,9208.0
5184,9210.0
5185,9212.0
5186,9214.0
5187,9216.0
5188,9216.0
5189,9216.0
5190,9218.0
5191,9220.0
5192,9222.0
5193,9224.0
5194,9226.0
5195,9228.0
5196,9230.0
5197,9232.0
5198,9234.0
5199,9236.0
5200,9238.0
5201,9240.0
5202,9242.0
5203,9244.0
5204,9246.0
5205,9248.0
5206,9248.0
5207,9248.0
5208,9250.0
5209,9252.0
5210,9254.0
5211,9256.0
5212,9258.0
5213,9260.0
5214,9262.0
5215,9264.0
5216,9266.0
5217,9268.0
5218,9270.0
5219,9272.0
5220,9274.0
5221,9276.0
5222,9278.0
5223,9280.0
5224,9280.0
5225,9280.0
5226,9282.0
5227,9284.0
5228,9286.0
5229,9288.0
5230,9290.0
5231,9292.0
5232,9294.0
5233,9296.0
5234,9298.0
5235,9300.0
5236,9302.0
5237,9304.0
5238,9306.0
5239,9308.0
5240,9310.0
5241,9312.0
5242,9312.0
5243,9312.0
5244,9314.0
5245,9316.0
5246,9318.0
5247,9320.0
5248,9322.0
5249,9324.0
5250,9326.0
5251,9328.0
5252,9330.0
5253,9332.0
5254,9334.0
5255,9336.0
5256,9338.0
5257,9340.0
5258,9342.0
5259,9344.0
5260,9344.0
5261,9344.0
5262,9346.0
5263,9348.0
5264,9350.0
5265,9352.0
5266,9354.0
5267,9356.0
5268,9358.0
5269,9360.0
5270,9362.0
5271,9364.0
5272,9366.0
5273,9368.0
5274,9370.0
5275,9372.0
5276,9374.0
5277,9376.0
5278,9376.0
5279,9376.0
5280,9378.0
5281,9380.0
5282,9382.0
5283,9384.0
5284,9386.0
5285,9388.0
5286,9390.0
5287,9392.0
5288,9394.0
5289,9396.0
5290,9398.0
5291,9400.0
5292,9402.0
5293,9404.0
5294,9406.0
5295,9408.0
5296,9408.0
5297,9408.0
5298,9410.0
5299,9412.0
5300,9414.0
5301,9416.0
5302,9418.0
5303,9420.0
5304,9422.0
5305,9424.0
5306,9426.0
5307,9428.0
5308,9430.0
5309,9432.0
5310,9434.0
5311,9436.0
5312,9438.0
5313,9440.0
5314,9440.0
5315,9440.0
5316,9442.0
5317,9444.0
5318,9446.0
5319,9448.0
5320,9450.0
5321,9452.0
5322,9454.0
5323,9456.0
5324,9458.0
5325,9460.0
5326,9462.0
5327,9464.0
5328,9466.0
5329,9468.0
5330,9470.0
5331,9472.0
5332,9472.0
5333,9472.0
5334,9474.0
5335,9476.0
5336,9478.0
5337,9480.0
5338,9482.0
5339,9484.0
5340,9486.0
5341,9488.0
5342,9490.0
5343,9492.0
5344,9494.0
5345,9496.0
5346,9498.0
5347,9500.0
5348,9502.0
5349,9504.0
5350,9504.0
5351,9504.0
5352,9506.0
5353,9508.0
5354,9510.0
5355,9512.0
5356,9514.0
5357,9516.0
5358,9518.0
5359,9520.0
5360,9522.0
5361,9524.0
5362,9526.0
5363,9528.0
5364,9530.0
5365,9532.0
5366,9534.0
5367,9536.0
5368,9536.0
5369,9536.0
5370,9538.0
5371,9540.0
5372,9542.0
5373,9544.0
5374,9546.0
5375,9548.0
5376,9550.0
5377,9552.0
5378,9554.0
5379,9556.0
5380,9558.0
5381,9560.0
5382,9562.0
5383,9564.0
5384,9566.0
5385,9568.0
5386,9568.0
5387,9568.0
5388,9570.0
5389,9572.0
5390,9574.0
5391,9576.0
5392,9578.0
5393,9580.0
5394,9582.0
5395,9584.0
5396,9586.0
5397,9588.0
5398,9590.0
5399,9592.0
5400,9594.0
5401,0.0
