Final Quaternary Strand Length,3-RLL and Knuth by blocks log2 of possible strands
0,0.0
1,0.0
2,0.0
3,0.0
4,0.0
5,2.0
6,4.0
7,6.0
8,8.0
9,10.0
10,12.0
11,14.0
12,16.0
13,18.0
14,20.0
15,22.0
16,24.0
17,26.0
18,28.0
19,30.0
20,32.0
21,32.0
22,34.0
23,36.0
24,38.0
25,40.0
26,42.0
27,44.0
28,46.0
29,48.0
30,50.0
31,52.0
32,54.0
33,56.0
34,58.0
35,60.0
36,62.0
37,64.0
38,64.0
39,66.0
40,68.0
41,70.0
42,72.0
43,74.0
44,76.0
45,78.0
46,80.0
47,82.0
48,84.0
49,86.0
50,88.0
51,90.0
52,92.0
53,94.0
54,96.0
55,96.0
56,98.0
57,100.0
58,102.0
59,104.0
60,106.0
61,108.0
62,110.0
63,112.0
64,114.0
65,116.0
66,118.0
67,120.0
68,122.0
69,124.0
70,126.0
71,128.0
72,128.0
73,130.0
74,132.0
75,134.0
76,136.0
77,138.0
78,140.0
79,142.0
80,144.0
81,146.0
82,148.0
83,150.0
84,152.0
85,154.0
86,156.0
87,158.0
88,160.0
89,160.0
90,162.0
91,164.0
92,166.0
93,168.0
94,170.0
95,172.0
96,174.0
97,176.0
98,178.0
99,180.0
100,182.0
101,184.0
102,186.0
103,188.0
104,190.0
105,192.0
106,192.0
107,194.0
108,196.0
109,198.0
110,200.0
111,202.0
112,204.0
113,206.0
114,208.0
115,210.0
116,212.0
117,214.0
118,216.0
119,218.0
120,220.0
121,222.0
122,224.0
123,224.0
124,226.0
125,228.0
126,230.0
127,232.0
128,234.0
129,236.0
130,238.0
131,240.0
132,242.0
133,244.0
134,246.0
135,248.0
136,250.0
137,252.0
138,254.0
139,256.0
140,256.0
141,258.0
142,260.0
143,262.0
144,264.0
145,266.0
146,268.0
147,270.0
148,272.0
149,274.0
150,276.0
151,278.0
152,280.0
153,282.0
154,284.0
155,286.0
156,288.0
157,288.0
158,290.0
159,292.0
160,294.0
161,296.0
162,298.0
163,300.0
164,302.0
165,304.0
166,306.0
167,308.0
168,310.0
169,312.0
170,314.0
171,316.0
172,318.0
173,320.0
174,320.0
175,322.0
176,324.0
177,326.0
178,328.0
179,330.0
180,332.0
181,334.0
182,336.0
183,338.0
184,340.0
185,342.0
186,344.0
187,346.0
188,348.0
189,350.0
190,352.0
191,352.0
192,354.0
193,356.0
194,358.0
195,360.0
196,362.0
197,364.0
198,366.0
199,368.0
200,372.0
201,374.0
202,376.0
203,378.0
204,380.0
205,382.0
206,384.0
207,384.0
208,386.0
209,388.0
210,390.0
211,392.0
212,394.0
213,396.0
214,398.0
215,400.0
216,402.0
217,404.0
218,406.0
219,408.0
220,410.0
221,412.0
222,414.0
223,416.0
224,416.0
225,418.0
226,420.0
227,422.0
228,424.0
229,426.0
230,428.0
231,430.0
232,432.0
233,434.0
234,436.0
235,438.0
236,440.0
237,442.0
238,444.0
239,446.0
240,448.0
241,448.0
242,450.0
243,452.0
244,454.0
245,456.0
246,458.0
247,460.0
248,462.0
249,464.0
250,466.0
251,468.0
252,470.0
253,472.0
254,474.0
255,476.0
256,478.0
257,480.0
258,480.0
259,482.0
260,484.0
261,486.0
262,488.0
263,490.0
264,492.0
265,494.0
266,496.0
267,498.0
268,500.0
269,502.0
270,504.0
271,506.0
272,508.0
273,510.0
274,512.0
275,512.0
276,514.0
277,516.0
278,518.0
279,520.0
280,522.0
281,524.0
282,526.0
283,528.0
284,530.0
285,532.0
286,534.0
287,536.0
288,538.0
289,540.0
290,542.0
291,544.0
292,544.0
293,546.0
294,548.0
295,550.0
296,552.0
297,554.0
298,556.0
299,558.0
300,560.0
301,562.0
302,564.0
303,566.0
304,568.0
305,570.0
306,572.0
307,574.0
308,576.0
309,576.0
310,578.0
311,580.0
312,582.0
313,584.0
314,586.0
315,588.0
316,590.0
317,592.0
318,594.0
319,596.0
320,598.0
321,600.0
322,602.0
323,604.0
324,606.0
325,608.0
326,608.0
327,610.0
328,612.0
329,614.0
330,616.0
331,618.0
332,620.0
333,622.0
334,624.0
335,626.0
336,628.0
337,630.0
338,632.0
339,634.0
340,636.0
341,638.0
342,640.0
343,640.0
344,642.0
345,644.0
346,646.0
347,648.0
348,650.0
349,652.0
350,654.0
351,656.0
352,658.0
353,660.0
354,662.0
355,664.0
356,666.0
357,668.0
358,670.0
359,672.0
360,672.0
361,674.0
362,676.0
363,678.0
364,680.0
365,682.0
366,684.0
367,686.0
368,688.0
369,690.0
370,692.0
371,694.0
372,696.0
373,698.0
374,700.0
375,702.0
376,704.0
377,704.0
378,706.0
379,708.0
380,710.0
381,712.0
382,714.0
383,716.0
384,718.0
385,720.0
386,722.0
387,724.0
388,726.0
389,728.0
390,730.0
391,732.0
392,734.0
393,736.0
394,736.0
395,738.0
396,740.0
397,742.0
398,744.0
399,746.0
400,748.0
401,750.0
402,752.0
403,754.0
404,756.0
405,758.0
406,760.0
407,762.0
408,764.0
409,766.0
410,768.0
411,768.0
412,770.0
413,772.0
414,774.0
415,776.0
416,778.0
417,780.0
418,782.0
419,784.0
420,786.0
421,788.0
422,790.0
423,792.0
424,794.0
425,796.0
426,798.0
427,800.0
428,800.0
429,802.0
430,804.0
431,806.0
432,808.0
433,810.0
434,812.0
435,814.0
436,816.0
437,818.0
438,820.0
439,822.0
440,824.0
441,826.0
442,828.0
443,830.0
444,832.0
445,832.0
446,834.0
447,836.0
448,838.0
449,840.0
450,842.0
451,844.0
452,846.0
453,848.0
454,850.0
455,852.0
456,854.0
457,856.0
458,858.0
459,860.0
460,862.0
461,864.0
462,864.0
463,866.0
464,868.0
465,870.0
466,872.0
467,874.0
468,876.0
469,878.0
470,880.0
471,882.0
472,884.0
473,886.0
474,888.0
475,890.0
476,892.0
477,894.0
478,896.0
479,896.0
480,898.0
481,900.0
482,902.0
483,904.0
484,906.0
485,908.0
486,910.0
487,912.0
488,914.0
489,916.0
490,918.0
491,920.0
492,922.0
493,924.0
494,926.0
495,928.0
496,928.0
497,930.0
498,932.0
499,934.0
500,936.0
501,938.0
502,940.0
503,942.0
504,944.0
505,946.0
506,948.0
507,950.0
508,952.0
509,954.0
510,956.0
511,958.0
512,960.0
513,960.0
514,962.0
515,964.0
516,966.0
517,968.0
518,970.0
519,972.0
520,974.0
521,976.0
522,978.0
523,980.0
524,982.0
525,984.0
526,986.0
527,988.0
528,990.0
529,992.0
530,992.0
531,994.0
532,996.0
533,998.0
534,1000.0
535,1002.0
536,1004.0
537,1006.0
538,1008.0
539,1010.0
540,1012.0
541,1014.0
542,1016.0
543,1018.0
544,1020.0
545,1022.0
546,1024.0
547,1024.0
548,1026.0
549,1028.0
550,1030.0
551,1032.0
552,1034.0
553,1036.0
554,1038.0
555,1040.0
556,1042.0
557,1044.0
558,1046.0
559,1048.0
560,1050.0
561,1052.0
562,1054.0
563,1056.0
564,1056.0
565,1058.0
566,1060.0
567,1062.0
568,1064.0
569,1066.0
570,1068.0
571,1070.0
572,1072.0
573,1074.0
574,1076.0
575,1078.0
576,1080.0
577,1082.0
578,1084.0
579,1086.0
580,1088.0
581,1088.0
582,1090.0
583,1092.0
584,1094.0
585,1096.0
586,1098.0
587,1100.0
588,1102.0
589,1104.0
590,1106.0
591,1108.0
592,1110.0
593,1112.0
594,1114.0
595,1116.0
596,1118.0
597,1120.0
598,1120.0
599,1122.0
600,1124.0
601,1126.0
602,1128.0
603,1130.0
604,1132.0
605,1134.0
606,1136.0
607,1138.0
608,1140.0
609,1142.0
610,1144.0
611,1146.0
612,1148.0
613,1150.0
614,1152.0
615,1152.0
616,1154.0
617,1156.0
618,1158.0
619,1160.0
620,1162.0
621,1164.0
622,1166.0
623,1168.0
624,1170.0
625,1172.0
626,1174.0
627,1176.0
628,1178.0
629,1180.0
630,1182.0
631,1184.0
632,1184.0
633,1186.0
634,1188.0
635,1190.0
636,1192.0
637,1194.0
638,1196.0
639,1198.0
640,1200.0
641,1202.0
642,1204.0
643,1206.0
644,1208.0
645,1210.0
646,1212.0
647,1214.0
648,1216.0
649,1216.0
650,1218.0
651,1220.0
652,1222.0
653,1224.0
654,1226.0
655,1228.0
656,1230.0
657,1232.0
658,1234.0
659,1236.0
660,1238.0
661,1240.0
662,1242.0
663,1244.0
664,1246.0
665,1248.0
666,1248.0
667,1250.0
668,1252.0
669,1254.0
670,1256.0
671,1258.0
672,1260.0
673,1262.0
674,1264.0
675,1266.0
676,1268.0
677,1270.0
678,1272.0
679,1274.0
680,1276.0
681,1278.0
682,1280.0
683,1280.0
684,1282.0
685,1284.0
686,1286.0
687,1288.0
688,1290.0
689,1292.0
690,1294.0
691,1296.0
692,1298.0
693,1300.0
694,1302.0
695,1304.0
696,1306.0
697,1308.0
698,1310.0
699,1312.0
700,1312.0
701,1314.0
702,1316.0
703,1318.0
704,1320.0
705,1322.0
706,1324.0
707,1326.0
708,1328.0
709,1330.0
710,1332.0
711,1334.0
712,1336.0
713,1338.0
714,1340.0
715,1342.0
716,1344.0
717,1344.0
718,1346.0
719,1348.0
720,1350.0
721,1352.0
722,1354.0
723,1356.0
724,1358.0
725,1360.0
726,1362.0
727,1364.0
728,1366.0
729,1368.0
730,1370.0
731,1372.0
732,1374.0
733,1376.0
734,1376.0
735,1378.0
736,1380.0
737,1382.0
738,1384.0
739,1386.0
740,1388.0
741,1390.0
742,1392.0
743,1394.0
744,1396.0
745,1398.0
746,1400.0
747,1402.0
748,1404.0
749,1406.0
750,1408.0
751,1408.0
752,1410.0
753,1412.0
754,1414.0
755,1416.0
756,1418.0
757,1420.0
758,1422.0
759,1424.0
760,1426.0
761,1428.0
762,1430.0
763,1432.0
764,1434.0
765,1436.0
766,1438.0
767,1440.0
768,1440.0
769,1442.0
770,1444.0
771,1446.0
772,1448.0
773,1450.0
774,1452.0
775,1454.0
776,1456.0
777,1458.0
778,1460.0
779,1462.0
780,1464.0
781,1466.0
782,1468.0
783,1470.0
784,1472.0
785,1472.0
786,1474.0
787,1476.0
788,1478.0
789,1480.0
790,1482.0
791,1484.0
792,1486.0
793,1488.0
794,1490.0
795,1492.0
796,1494.0
797,1496.0
798,1498.0
799,1500.0
800,1502.0
801,1504.0
802,1504.0
803,1506.0
804,1508.0
805,1510.0
806,1512.0
807,1514.0
808,1516.0
809,1518.0
810,1520.0
811,1522.0
812,1524.0
813,1526.0
814,1528.0
815,1530.0
816,1532.0
817,1534.0
818,1536.0
819,1536.0
820,1538.0
821,1540.0
822,1542.0
823,1544.0
824,1546.0
825,1548.0
826,1550.0
827,1552.0
828,1554.0
829,1556.0
830,1558.0
831,1560.0
832,1562.0
833,1564.0
834,1566.0
835,1568.0
836,1568.0
837,1570.0
838,1572.0
839,1574.0
840,1576.0
841,1578.0
842,1580.0
843,1582.0
844,1584.0
845,1586.0
846,1588.0
847,1590.0
848,1592.0
849,1594.0
850,1596.0
851,1598.0
852,1600.0
853,1600.0
854,1602.0
855,1604.0
856,1606.0
857,1608.0
858,1610.0
859,1612.0
860,1614.0
861,1616.0
862,1618.0
863,1620.0
864,1622.0
865,1624.0
866,1626.0
867,1628.0
868,1630.0
869,1632.0
870,1632.0
871,1634.0
872,1636.0
873,1638.0
874,1640.0
875,1642.0
876,1644.0
877,1646.0
878,1648.0
879,1650.0
880,1652.0
881,1654.0
882,1656.0
883,1658.0
884,1660.0
885,1662.0
886,1664.0
887,1664.0
888,1666.0
889,1668.0
890,1670.0
891,1672.0
892,1674.0
893,1676.0
894,1678.0
895,1680.0
896,1682.0
897,1684.0
898,1686.0
899,1688.0
900,1690.0
901,1692.0
902,1694.0
903,1696.0
904,1696.0
905,1698.0
906,1700.0
907,1702.0
908,1704.0
909,1706.0
910,1708.0
911,1710.0
912,1712.0
913,1714.0
914,1716.0
915,1718.0
916,1720.0
917,1722.0
918,1724.0
919,1726.0
920,1728.0
921,1728.0
922,1730.0
923,1732.0
924,1734.0
925,1736.0
926,1738.0
927,1740.0
928,1742.0
929,1744.0
930,1746.0
931,1748.0
932,1750.0
933,1752.0
934,1754.0
935,1756.0
936,1758.0
937,1760.0
938,1760.0
939,1762.0
940,1764.0
941,1766.0
942,1768.0
943,1770.0
944,1772.0
945,1774.0
946,1776.0
947,1778.0
948,1780.0
949,1782.0
950,1784.0
951,1786.0
952,1788.0
953,1790.0
954,1792.0
955,1792.0
956,1794.0
957,1796.0
958,1798.0
959,1800.0
960,1802.0
961,1804.0
962,1806.0
963,1808.0
964,1810.0
965,1812.0
966,1814.0
967,1816.0
968,1818.0
969,1820.0
970,1822.0
971,1824.0
972,1824.0
973,1826.0
974,1828.0
975,1830.0
976,1832.0
977,1834.0
978,1836.0
979,1838.0
980,1840.0
981,1842.0
982,1844.0
983,1846.0
984,1848.0
985,1850.0
986,1852.0
987,1854.0
988,1856.0
989,1856.0
990,1858.0
991,1860.0
992,1862.0
993,1864.0
994,1866.0
995,1868.0
996,1870.0
997,1872.0
998,1874.0
999,1876.0
1000,1878.0
1001,1880.0
1002,1882.0
1003,1884.0
1004,1886.0
1005,1888.0
1006,1888.0
1007,1890.0
1008,1892.0
1009,1894.0
1010,1896.0
1011,1898.0
1012,1900.0
1013,1902.0
1014,1904.0
1015,1906.0
1016,1908.0
1017,1910.0
1018,1912.0
1019,1914.0
1020,1916.0
1021,1918.0
1022,1920.0
1023,1920.0
1024,1922.0
1025,1924.0
1026,1926.0
1027,1928.0
1028,1930.0
1029,1932.0
1030,1934.0
1031,1936.0
1032,1938.0
1033,1940.0
1034,1942.0
1035,1944.0
1036,1946.0
1037,1948.0
1038,1950.0
1039,1952.0
1040,1952.0
1041,1954.0
1042,1956.0
1043,1958.0
1044,1960.0
1045,1962.0
1046,1964.0
1047,1966.0
1048,1968.0
1049,1970.0
1050,1972.0
1051,1974.0
1052,1976.0
1053,1978.0
1054,1980.0
1055,1982.0
1056,1984.0
1057,1984.0
1058,1986.0
1059,1988.0
1060,1990.0
1061,1992.0
1062,1994.0
1063,1996.0
1064,1998.0
1065,2000.0
1066,2002.0
1067,2004.0
1068,2006.0
1069,2008.0
1070,2010.0
1071,2012.0
1072,2014.0
1073,2016.0
1074,2016.0
1075,2018.0
1076,2020.0
1077,2022.0
1078,2024.0
1079,2026.0
1080,2028.0
1081,2030.0
1082,2032.0
1083,2034.0
1084,2036.0
1085,2038.0
1086,2040.0
1087,2042.0
1088,2044.0
1089,2046.0
1090,2048.0
1091,2048.0
1092,2050.0
1093,2052.0
1094,2054.0
1095,2056.0
1096,2058.0
1097,2060.0
1098,2062.0
1099,2064.0
1100,2066.0
1101,2068.0
1102,2070.0
1103,2072.0
1104,2074.0
1105,2076.0
1106,2078.0
1107,2080.0
1108,2080.0
1109,2082.0
1110,2084.0
1111,2086.0
1112,2088.0
1113,2090.0
1114,2092.0
1115,2094.0
1116,2096.0
1117,2098.0
1118,2100.0
1119,2102.0
1120,2104.0
1121,2106.0
1122,2108.0
1123,2110.0
1124,2112.0
1125,2112.0
1126,2114.0
1127,2116.0
1128,2118.0
1129,2120.0
1130,2122.0
1131,2124.0
1132,2126.0
1133,2128.0
1134,2130.0
1135,2132.0
1136,2134.0
1137,2136.0
1138,2138.0
1139,2140.0
1140,2142.0
1141,2144.0
1142,2144.0
1143,2146.0
1144,2148.0
1145,2150.0
1146,2152.0
1147,2154.0
1148,2156.0
1149,2158.0
1150,2160.0
1151,2162.0
1152,2164.0
1153,2166.0
1154,2168.0
1155,2170.0
1156,2172.0
1157,2174.0
1158,2176.0
1159,2176.0
1160,2178.0
1161,2180.0
1162,2182.0
1163,2184.0
1164,2186.0
1165,2188.0
1166,2190.0
1167,2192.0
1168,2194.0
1169,2196.0
1170,2198.0
1171,2200.0
1172,2202.0
1173,2204.0
1174,2206.0
1175,2208.0
1176,2208.0
1177,2210.0
1178,2212.0
1179,2214.0
1180,2216.0
1181,2218.0
1182,2220.0
1183,2222.0
1184,2224.0
1185,2226.0
1186,2228.0
1187,2230.0
1188,2232.0
1189,2234.0
1190,2236.0
1191,2238.0
1192,2240.0
1193,2240.0
1194,2242.0
1195,2244.0
1196,2246.0
1197,2248.0
1198,2250.0
1199,2252.0
1200,2254.0
1201,2256.0
1202,2258.0
1203,2260.0
1204,2262.0
1205,2264.0
1206,2266.0
1207,2268.0
1208,2270.0
1209,2272.0
1210,2272.0
1211,2274.0
1212,2276.0
1213,2278.0
1214,2280.0
1215,2282.0
1216,2284.0
1217,2286.0
1218,2288.0
1219,2290.0
1220,2292.0
1221,2294.0
1222,2296.0
1223,2298.0
1224,2300.0
1225,2302.0
1226,2304.0
1227,2304.0
1228,2306.0
1229,2308.0
1230,2310.0
1231,2312.0
1232,2314.0
1233,2316.0
1234,2318.0
1235,2320.0
1236,2322.0
1237,2324.0
1238,2326.0
1239,2328.0
1240,2330.0
1241,2332.0
1242,2334.0
1243,2336.0
1244,2336.0
1245,2338.0
1246,2340.0
1247,2342.0
1248,2344.0
1249,2346.0
1250,2348.0
1251,2350.0
1252,2352.0
1253,2354.0
1254,2356.0
1255,2358.0
1256,2360.0
1257,2362.0
1258,2364.0
1259,2366.0
1260,2368.0
1261,2368.0
1262,2370.0
1263,2372.0
1264,2374.0
1265,2376.0
1266,2378.0
1267,2380.0
1268,2382.0
1269,2384.0
1270,2386.0
1271,2388.0
1272,2390.0
1273,2392.0
1274,2394.0
1275,2396.0
1276,2398.0
1277,2400.0
1278,2400.0
1279,2402.0
1280,2404.0
1281,2406.0
1282,2408.0
1283,2410.0
1284,2412.0
1285,2414.0
1286,2416.0
1287,2418.0
1288,2420.0
1289,2422.0
1290,2424.0
1291,2426.0
1292,2428.0
1293,2430.0
1294,2432.0
1295,2432.0
1296,2434.0
1297,2436.0
1298,2438.0
1299,2440.0
1300,2442.0
1301,2444.0
1302,2446.0
1303,2448.0
1304,2450.0
1305,2452.0
1306,2454.0
1307,2456.0
1308,2458.0
1309,2460.0
1310,2462.0
1311,2464.0
1312,2464.0
1313,2466.0
1314,2468.0
1315,2470.0
1316,2472.0
1317,2474.0
1318,2476.0
1319,2478.0
1320,2480.0
1321,2482.0
1322,2484.0
1323,2486.0
1324,2488.0
1325,2490.0
1326,2492.0
1327,2494.0
1328,2496.0
1329,2496.0
1330,2498.0
1331,2500.0
1332,2502.0
1333,2504.0
1334,2506.0
1335,2508.0
1336,2510.0
1337,2512.0
1338,2514.0
1339,2516.0
1340,2518.0
1341,2520.0
1342,2522.0
1343,2524.0
1344,2526.0
1345,2528.0
1346,2528.0
1347,2530.0
1348,2532.0
1349,2534.0
1350,2536.0
1351,2538.0
1352,2540.0
1353,2542.0
1354,2544.0
1355,2546.0
1356,2548.0
1357,2550.0
1358,2552.0
1359,2554.0
1360,2556.0
1361,2558.0
1362,2560.0
1363,2560.0
1364,2562.0
1365,2564.0
1366,2566.0
1367,2568.0
1368,2570.0
1369,2572.0
1370,2574.0
1371,2576.0
1372,2578.0
1373,2580.0
1374,2582.0
1375,2584.0
1376,2586.0
1377,2588.0
1378,2590.0
1379,2592.0
1380,2592.0
1381,2594.0
1382,2596.0
1383,2598.0
1384,2600.0
1385,2602.0
1386,2604.0
1387,2606.0
1388,2608.0
1389,2610.0
1390,2612.0
1391,2614.0
1392,2616.0
1393,2618.0
1394,2620.0
1395,2622.0
1396,2624.0
1397,2624.0
1398,2626.0
1399,2628.0
1400,2630.0
1401,2632.0
1402,2634.0
1403,2636.0
1404,2638.0
1405,2640.0
1406,2642.0
1407,2644.0
1408,2646.0
1409,2648.0
1410,2650.0
1411,2652.0
1412,2654.0
1413,2656.0
1414,2656.0
1415,2658.0
1416,2660.0
1417,2662.0
1418,2664.0
1419,2666.0
1420,2668.0
1421,2670.0
1422,2672.0
1423,2674.0
1424,2676.0
1425,2678.0
1426,2680.0
1427,2682.0
1428,2684.0
1429,2686.0
1430,2688.0
1431,2688.0
1432,2690.0
1433,2692.0
1434,2694.0
1435,2696.0
1436,2698.0
1437,2700.0
1438,2702.0
1439,2704.0
1440,2706.0
1441,2708.0
1442,2710.0
1443,2712.0
1444,2714.0
1445,2716.0
1446,2718.0
1447,2720.0
1448,2720.0
1449,2722.0
1450,2724.0
1451,2726.0
1452,2728.0
1453,2730.0
1454,2732.0
1455,2734.0
1456,2736.0
1457,2738.0
1458,2740.0
1459,2742.0
1460,2744.0
1461,2746.0
1462,2748.0
1463,2750.0
1464,2752.0
1465,2752.0
1466,2754.0
1467,2756.0
1468,2758.0
1469,2760.0
1470,2762.0
1471,2764.0
1472,2766.0
1473,2768.0
1474,2770.0
1475,2772.0
1476,2774.0
1477,2776.0
1478,2778.0
1479,2780.0
1480,2782.0
1481,2784.0
1482,2784.0
1483,2786.0
1484,2788.0
1485,2790.0
1486,2792.0
1487,2794.0
1488,2796.0
1489,2798.0
1490,2800.0
1491,2802.0
1492,2804.0
1493,2806.0
1494,2808.0
1495,2810.0
1496,2812.0
1497,2814.0
1498,2816.0
1499,2816.0
1500,2818.0
1501,2820.0
1502,2822.0
1503,2824.0
1504,2826.0
1505,2828.0
1506,2830.0
1507,2832.0
1508,2834.0
1509,2836.0
1510,2838.0
1511,2840.0
1512,2842.0
1513,2844.0
1514,2846.0
1515,2848.0
1516,2848.0
1517,2850.0
1518,2852.0
1519,2854.0
1520,2856.0
1521,2858.0
1522,2860.0
1523,2862.0
1524,2864.0
1525,2866.0
1526,2868.0
1527,2870.0
1528,2872.0
1529,2874.0
1530,2876.0
1531,2878.0
1532,2880.0
1533,2880.0
1534,2882.0
1535,2884.0
1536,2886.0
1537,2888.0
1538,2890.0
1539,2892.0
1540,2894.0
1541,2896.0
1542,2898.0
1543,2900.0
1544,2902.0
1545,2904.0
1546,2906.0
1547,2908.0
1548,2910.0
1549,2912.0
1550,2912.0
1551,2914.0
1552,2916.0
1553,2918.0
1554,2920.0
1555,2922.0
1556,2924.0
1557,2926.0
1558,2928.0
1559,2930.0
1560,2932.0
1561,2934.0
1562,2936.0
1563,2938.0
1564,2940.0
1565,2942.0
1566,2944.0
1567,2944.0
1568,2946.0
1569,2948.0
1570,2950.0
1571,2952.0
1572,2954.0
1573,2956.0
1574,2958.0
1575,2960.0
1576,2962.0
1577,2964.0
1578,2966.0
1579,2968.0
1580,2970.0
1581,2972.0
1582,2974.0
1583,2976.0
1584,2976.0
1585,2978.0
1586,2980.0
1587,2982.0
1588,2984.0
1589,2986.0
1590,2988.0
1591,2990.0
1592,2992.0
1593,2994.0
1594,2996.0
1595,2998.0
1596,3000.0
1597,3002.0
1598,3004.0
1599,3006.0
1600,3008.0
1601,3008.0
1602,3010.0
1603,3012.0
1604,3014.0
1605,3016.0
1606,3018.0
1607,3020.0
1608,3022.0
1609,3024.0
1610,3026.0
1611,3028.0
1612,3030.0
1613,3032.0
1614,3034.0
1615,3036.0
1616,3038.0
1617,3040.0
1618,3040.0
1619,3042.0
1620,3044.0
1621,3046.0
1622,3048.0
1623,3050.0
1624,3052.0
1625,3054.0
1626,3056.0
1627,3058.0
1628,3060.0
1629,3062.0
1630,3064.0
1631,3066.0
1632,3068.0
1633,3070.0
1634,3072.0
1635,3072.0
1636,3074.0
1637,3076.0
1638,3078.0
1639,3080.0
1640,3082.0
1641,3084.0
1642,3086.0
1643,3088.0
1644,3090.0
1645,3092.0
1646,3094.0
1647,3096.0
1648,3098.0
1649,3100.0
1650,3102.0
1651,3104.0
1652,3104.0
1653,3106.0
1654,3108.0
1655,3110.0
1656,3112.0
1657,3114.0
1658,3116.0
1659,3118.0
1660,3120.0
1661,3122.0
1662,3124.0
1663,3126.0
1664,3128.0
1665,3130.0
1666,3132.0
1667,3134.0
1668,3136.0
1669,3136.0
1670,3138.0
1671,3140.0
1672,3142.0
1673,3144.0
1674,3146.0
1675,3148.0
1676,3150.0
1677,3152.0
1678,3154.0
1679,3156.0
1680,3158.0
1681,3160.0
1682,3162.0
1683,3164.0
1684,3166.0
1685,3168.0
1686,3168.0
1687,3170.0
1688,3172.0
1689,3174.0
1690,3176.0
1691,3178.0
1692,3180.0
1693,3182.0
1694,3184.0
1695,3186.0
1696,3188.0
1697,3190.0
1698,3192.0
1699,3194.0
1700,3196.0
1701,3198.0
1702,3200.0
1703,3200.0
1704,3202.0
1705,3204.0
1706,3206.0
1707,3208.0
1708,3210.0
1709,3212.0
1710,3214.0
1711,3216.0
1712,3218.0
1713,3220.0
1714,3222.0
1715,3224.0
1716,3226.0
1717,3228.0
1718,3230.0
1719,3232.0
1720,3232.0
1721,3234.0
1722,3236.0
1723,3238.0
1724,3240.0
1725,3242.0
1726,3244.0
1727,3246.0
1728,3248.0
1729,3250.0
1730,3252.0
1731,3254.0
1732,3256.0
1733,3258.0
1734,3260.0
1735,3262.0
1736,3264.0
1737,3264.0
1738,3266.0
1739,3268.0
1740,3270.0
1741,3272.0
1742,3274.0
1743,3276.0
1744,3278.0
1745,3280.0
1746,3282.0
1747,3284.0
1748,3286.0
1749,3288.0
1750,3290.0
1751,3292.0
1752,3294.0
1753,3296.0
1754,3296.0
1755,3298.0
1756,3300.0
1757,3302.0
1758,3304.0
1759,3306.0
1760,3308.0
1761,3310.0
1762,3312.0
1763,3314.0
1764,3316.0
1765,3318.0
1766,3320.0
1767,3322.0
1768,3324.0
1769,3326.0
1770,3328.0
1771,3328.0
1772,3330.0
1773,3332.0
1774,3334.0
1775,3336.0
1776,3338.0
1777,3340.0
1778,3342.0
1779,3344.0
1780,3346.0
1781,3348.0
1782,3350.0
1783,3352.0
1784,3354.0
1785,3356.0
1786,3358.0
1787,3360.0
1788,3360.0
1789,3362.0
1790,3364.0
1791,3366.0
1792,3368.0
1793,3370.0
1794,3372.0
1795,3374.0
1796,3376.0
1797,3378.0
1798,3380.0
1799,3382.0
1800,3384.0
1801,3386.0
1802,3388.0
1803,3390.0
1804,3392.0
1805,3392.0
1806,3394.0
1807,3396.0
1808,3398.0
1809,3400.0
1810,3402.0
1811,3404.0
1812,3406.0
1813,3408.0
1814,3410.0
1815,3412.0
1816,3414.0
1817,3416.0
1818,3418.0
1819,3420.0
1820,3422.0
1821,3424.0
1822,3424.0
1823,3426.0
1824,3428.0
1825,3430.0
1826,3432.0
1827,3434.0
1828,3436.0
1829,3438.0
1830,3440.0
1831,3442.0
1832,3444.0
1833,3446.0
1834,3448.0
1835,3450.0
1836,3452.0
1837,3454.0
1838,3456.0
1839,3456.0
1840,3458.0
1841,3460.0
1842,3462.0
1843,3464.0
1844,3466.0
1845,3468.0
1846,3470.0
1847,3472.0
1848,3474.0
1849,3476.0
1850,3478.0
1851,3480.0
1852,3482.0
1853,3484.0
1854,3486.0
1855,3488.0
1856,3488.0
1857,3490.0
1858,3492.0
1859,3494.0
1860,3496.0
1861,3498.0
1862,3500.0
1863,3502.0
1864,3504.0
1865,3506.0
1866,3508.0
1867,3510.0
1868,3512.0
1869,3514.0
1870,3516.0
1871,3518.0
1872,3520.0
1873,3520.0
1874,3522.0
1875,3524.0
1876,3526.0
1877,3528.0
1878,3530.0
1879,3532.0
1880,3534.0
1881,3536.0
1882,3538.0
1883,3540.0
1884,3542.0
1885,3544.0
1886,3546.0
1887,3548.0
1888,3550.0
1889,3552.0
1890,3552.0
1891,3554.0
1892,3556.0
1893,3558.0
1894,3560.0
1895,3562.0
1896,3564.0
1897,3566.0
1898,3568.0
1899,3570.0
1900,3572.0
1901,3574.0
1902,3576.0
1903,3578.0
1904,3580.0
1905,3582.0
1906,3584.0
1907,3584.0
1908,3586.0
1909,3588.0
1910,3590.0
1911,3592.0
1912,3594.0
1913,3596.0
1914,3598.0
1915,3600.0
1916,3602.0
1917,3604.0
1918,3606.0
1919,3608.0
1920,3610.0
1921,3612.0
1922,3614.0
1923,3616.0
1924,3616.0
1925,3618.0
1926,3620.0
1927,3622.0
1928,3624.0
1929,3626.0
1930,3628.0
1931,3630.0
1932,3632.0
1933,3634.0
1934,3636.0
1935,3638.0
1936,3640.0
1937,3642.0
1938,3644.0
1939,3646.0
1940,3648.0
1941,3648.0
1942,3650.0
1943,3652.0
1944,3654.0
1945,3656.0
1946,3658.0
1947,3660.0
1948,3662.0
1949,3664.0
1950,3666.0
1951,3668.0
1952,3670.0
1953,3672.0
1954,3674.0
1955,3676.0
1956,3678.0
1957,3680.0
1958,3680.0
1959,3682.0
1960,3684.0
1961,3686.0
1962,3688.0
1963,3690.0
1964,3692.0
1965,3694.0
1966,3696.0
1967,3698.0
1968,3700.0
1969,3702.0
1970,3704.0
1971,3706.0
1972,3708.0
1973,3710.0
1974,3712.0
1975,3712.0
1976,3714.0
1977,3716.0
1978,3718.0
1979,3720.0
1980,3722.0
1981,3724.0
1982,3726.0
1983,3728.0
1984,3730.0
1985,3732.0
1986,3734.0
1987,3736.0
1988,3738.0
1989,3740.0
1990,3742.0
1991,3744.0
1992,3744.0
1993,3746.0
1994,3748.0
1995,3750.0
1996,3752.0
1997,3754.0
1998,3756.0
1999,3758.0
2000,3760.0
2001,3762.0
2002,3764.0
2003,3766.0
2004,3768.0
2005,3770.0
2006,3772.0
2007,3774.0
2008,3776.0
2009,3776.0
2010,3778.0
2011,3780.0
2012,3782.0
2013,3784.0
2014,3786.0
2015,3788.0
2016,3790.0
2017,3792.0
2018,3794.0
2019,3796.0
2020,3798.0
2021,3800.0
2022,3802.0
2023,3804.0
2024,3806.0
2025,3808.0
2026,3808.0
2027,3810.0
2028,3812.0
2029,3814.0
2030,3816.0
2031,3818.0
2032,3820.0
2033,3822.0
2034,3824.0
2035,3826.0
2036,3828.0
2037,3830.0
2038,3832.0
2039,3834.0
2040,3836.0
2041,3838.0
2042,3840.0
2043,3840.0
2044,3842.0
2045,3844.0
2046,3846.0
2047,3848.0
2048,3850.0
2049,3852.0
2050,3854.0
2051,3856.0
2052,3858.0
2053,3860.0
2054,3862.0
2055,3864.0
2056,3866.0
2057,3868.0
2058,3870.0
2059,3872.0
2060,3872.0
2061,3874.0
2062,3876.0
2063,3878.0
2064,3880.0
2065,3882.0
2066,3884.0
2067,3886.0
2068,3888.0
2069,3890.0
2070,3892.0
2071,3894.0
2072,3896.0
2073,3898.0
2074,3900.0
2075,3902.0
2076,3904.0
2077,3904.0
2078,3906.0
2079,3908.0
2080,3910.0
2081,3912.0
2082,3914.0
2083,3916.0
2084,3918.0
2085,3920.0
2086,3922.0
2087,3924.0
2088,3926.0
2089,3928.0
2090,3930.0
2091,3932.0
2092,3934.0
2093,3936.0
2094,3936.0
2095,3938.0
2096,3940.0
2097,3942.0
2098,3944.0
2099,3946.0
2100,3948.0
2101,3950.0
2102,3952.0
2103,3954.0
2104,3956.0
2105,3958.0
2106,3960.0
2107,3962.0
2108,3964.0
2109,3966.0
2110,3968.0
2111,3968.0
2112,3970.0
2113,3972.0
2114,3974.0
2115,3976.0
2116,3978.0
2117,3980.0
2118,3982.0
2119,3984.0
2120,3986.0
2121,3988.0
2122,3990.0
2123,3992.0
2124,3994.0
2125,3996.0
2126,3998.0
2127,4000.0
2128,4000.0
2129,4002.0
2130,4004.0
2131,4006.0
2132,4008.0
2133,4010.0
2134,4012.0
2135,4014.0
2136,4016.0
2137,4018.0
2138,4020.0
2139,4022.0
2140,4024.0
2141,4026.0
2142,4028.0
2143,4030.0
2144,4032.0
2145,4032.0
2146,4034.0
2147,4036.0
2148,4038.0
2149,4040.0
2150,4042.0
2151,4044.0
2152,4046.0
2153,4048.0
2154,4050.0
2155,4052.0
2156,4054.0
2157,4056.0
2158,4058.0
2159,4060.0
2160,4062.0
2161,4064.0
2162,4064.0
2163,4066.0
2164,4068.0
2165,4070.0
2166,4072.0
2167,4074.0
2168,4076.0
2169,4078.0
2170,4080.0
2171,4082.0
2172,4084.0
2173,4086.0
2174,4088.0
2175,4090.0
2176,4092.0
2177,4094.0
2178,4096.0
2179,4096.0
2180,4098.0
2181,4100.0
2182,4102.0
2183,4104.0
2184,4106.0
2185,4108.0
2186,4110.0
2187,4112.0
2188,4114.0
2189,4116.0
2190,4118.0
2191,4120.0
2192,4122.0
2193,4124.0
2194,4126.0
2195,4128.0
2196,4128.0
2197,4130.0
2198,4132.0
2199,4134.0
2200,4136.0
2201,4138.0
2202,4140.0
2203,4142.0
2204,4144.0
2205,4146.0
2206,4148.0
2207,4150.0
2208,4152.0
2209,4154.0
2210,4156.0
2211,4158.0
2212,4160.0
2213,4160.0
2214,4162.0
2215,4164.0
2216,4166.0
2217,4168.0
2218,4170.0
2219,4172.0
2220,4174.0
2221,4176.0
2222,4178.0
2223,4180.0
2224,4182.0
2225,4184.0
2226,4186.0
2227,4188.0
2228,4190.0
2229,4192.0
2230,4192.0
2231,4194.0
2232,4196.0
2233,4198.0
2234,4200.0
2235,4202.0
2236,4204.0
2237,4206.0
2238,4208.0
2239,4210.0
2240,4212.0
2241,4214.0
2242,4216.0
2243,4218.0
2244,4220.0
2245,4222.0
2246,4224.0
2247,4224.0
2248,4226.0
2249,4228.0
2250,4230.0
2251,4232.0
2252,4234.0
2253,4236.0
2254,4238.0
2255,4240.0
2256,4242.0
2257,4244.0
2258,4246.0
2259,4248.0
2260,4250.0
2261,4252.0
2262,4254.0
2263,4256.0
2264,4256.0
2265,4258.0
2266,4260.0
2267,4262.0
2268,4264.0
2269,4266.0
2270,4268.0
2271,4270.0
2272,4272.0
2273,4274.0
2274,4276.0
2275,4278.0
2276,4280.0
2277,4282.0
2278,4284.0
2279,4286.0
2280,4288.0
2281,4288.0
2282,4290.0
2283,4292.0
2284,4294.0
2285,4296.0
2286,4298.0
2287,4300.0
2288,4302.0
2289,4304.0
2290,4306.0
2291,4308.0
2292,4310.0
2293,4312.0
2294,4314.0
2295,4316.0
2296,4318.0
2297,4320.0
2298,4320.0
2299,4322.0
2300,4324.0
2301,4326.0
2302,4328.0
2303,4330.0
2304,4332.0
2305,4334.0
2306,4336.0
2307,4338.0
2308,4340.0
2309,4342.0
2310,4344.0
2311,4346.0
2312,4348.0
2313,4350.0
2314,4352.0
2315,4352.0
2316,4354.0
2317,4356.0
2318,4358.0
2319,4360.0
2320,4362.0
2321,4364.0
2322,4366.0
2323,4368.0
2324,4370.0
2325,4372.0
2326,4374.0
2327,4376.0
2328,4378.0
2329,4380.0
2330,4382.0
2331,4384.0
2332,4384.0
2333,4386.0
2334,4388.0
2335,4390.0
2336,4392.0
2337,4394.0
2338,4396.0
2339,4398.0
2340,4400.0
2341,4402.0
2342,4404.0
2343,4406.0
2344,4408.0
2345,4410.0
2346,4412.0
2347,4414.0
2348,4416.0
2349,4416.0
2350,4418.0
2351,4420.0
2352,4422.0
2353,4424.0
2354,4426.0
2355,4428.0
2356,4430.0
2357,4432.0
2358,4434.0
2359,4436.0
2360,4438.0
2361,4440.0
2362,4442.0
2363,4444.0
2364,4446.0
2365,4448.0
2366,4448.0
2367,4450.0
2368,4452.0
2369,4454.0
2370,4456.0
2371,4458.0
2372,4460.0
2373,4462.0
2374,4464.0
2375,4466.0
2376,4468.0
2377,4470.0
2378,4472.0
2379,4474.0
2380,4476.0
2381,4478.0
2382,4480.0
2383,4480.0
2384,4482.0
2385,4484.0
2386,4486.0
2387,4488.0
2388,4490.0
2389,4492.0
2390,4494.0
2391,4496.0
2392,4498.0
2393,4500.0
2394,4502.0
2395,4504.0
2396,4506.0
2397,4508.0
2398,4510.0
2399,4512.0
2400,4512.0
2401,4514.0
2402,4516.0
2403,4518.0
2404,4520.0
2405,4522.0
2406,4524.0
2407,4526.0
2408,4528.0
2409,4530.0
2410,4532.0
2411,4534.0
2412,4536.0
2413,4538.0
2414,4540.0
2415,4542.0
2416,4544.0
2417,4544.0
2418,4546.0
2419,4548.0
2420,4550.0
2421,4552.0
2422,4554.0
2423,4556.0
2424,4558.0
2425,4560.0
2426,4562.0
2427,4564.0
2428,4566.0
2429,4568.0
2430,4570.0
2431,4572.0
2432,4574.0
2433,4576.0
2434,4576.0
2435,4578.0
2436,4580.0
2437,4582.0
2438,4584.0
2439,4586.0
2440,4588.0
2441,4590.0
2442,4592.0
2443,4594.0
2444,4596.0
2445,4598.0
2446,4600.0
2447,4602.0
2448,4604.0
2449,4606.0
2450,4608.0
2451,4608.0
2452,4610.0
2453,4612.0
2454,4614.0
2455,4616.0
2456,4618.0
2457,4620.0
2458,4622.0
2459,4624.0
2460,4626.0
2461,4628.0
2462,4630.0
2463,4632.0
2464,4634.0
2465,4636.0
2466,4638.0
2467,4640.0
2468,4640.0
2469,4642.0
2470,4644.0
2471,4646.0
2472,4648.0
2473,4650.0
2474,4652.0
2475,4654.0
2476,4656.0
2477,4658.0
2478,4660.0
2479,4662.0
2480,4664.0
2481,4666.0
2482,4668.0
2483,4670.0
2484,4672.0
2485,4672.0
2486,4674.0
2487,4676.0
2488,4678.0
2489,4680.0
2490,4682.0
2491,4684.0
2492,4686.0
2493,4688.0
2494,4690.0
2495,4692.0
2496,4694.0
2497,4696.0
2498,4698.0
2499,4700.0
2500,4702.0
2501,4704.0
2502,4704.0
2503,4706.0
2504,4708.0
2505,4710.0
2506,4712.0
2507,4714.0
2508,4716.0
2509,4718.0
2510,4720.0
2511,4722.0
2512,4724.0
2513,4726.0
2514,4728.0
2515,4730.0
2516,4732.0
2517,4734.0
2518,4736.0
2519,4736.0
2520,4738.0
2521,4740.0
2522,4742.0
2523,4744.0
2524,4746.0
2525,4748.0
2526,4750.0
2527,4752.0
2528,4754.0
2529,4756.0
2530,4758.0
2531,4760.0
2532,4762.0
2533,4764.0
2534,4766.0
2535,4768.0
2536,4768.0
2537,4770.0
2538,4772.0
2539,4774.0
2540,4776.0
2541,4778.0
2542,4780.0
2543,4782.0
2544,4784.0
2545,4786.0
2546,4788.0
2547,4790.0
2548,4792.0
2549,4794.0
2550,4796.0
2551,4798.0
2552,4800.0
2553,4800.0
2554,4802.0
2555,4804.0
2556,4806.0
2557,4808.0
2558,4810.0
2559,4812.0
2560,4814.0
2561,4816.0
2562,4818.0
2563,4820.0
2564,4822.0
2565,4824.0
2566,4826.0
2567,4828.0
2568,4830.0
2569,4832.0
2570,4832.0
2571,4834.0
2572,4836.0
2573,4838.0
2574,4840.0
2575,4842.0
2576,4844.0
2577,4846.0
2578,4848.0
2579,4850.0
2580,4852.0
2581,4854.0
2582,4856.0
2583,4858.0
2584,4860.0
2585,4862.0
2586,4864.0
2587,4864.0
2588,4866.0
2589,4868.0
2590,4870.0
2591,4872.0
2592,4874.0
2593,4876.0
2594,4878.0
2595,4880.0
2596,4882.0
2597,4884.0
2598,4886.0
2599,4888.0
2600,4890.0
2601,4892.0
2602,4894.0
2603,4896.0
2604,4896.0
2605,4898.0
2606,4900.0
2607,4902.0
2608,4904.0
2609,4906.0
2610,4908.0
2611,4910.0
2612,4912.0
2613,4914.0
2614,4916.0
2615,4918.0
2616,4920.0
2617,4922.0
2618,4924.0
2619,4926.0
2620,4928.0
2621,4928.0
2622,4930.0
2623,4932.0
2624,4934.0
2625,4936.0
2626,4938.0
2627,4940.0
2628,4942.0
2629,4944.0
2630,4946.0
2631,4948.0
2632,4950.0
2633,4952.0
2634,4954.0
2635,4956.0
2636,4958.0
2637,4960.0
2638,4960.0
2639,4962.0
2640,4964.0
2641,4966.0
2642,4968.0
2643,4970.0
2644,4972.0
2645,4974.0
2646,4976.0
2647,4978.0
2648,4980.0
2649,4982.0
2650,4984.0
2651,4986.0
2652,4988.0
2653,4990.0
2654,4992.0
2655,4992.0
2656,4994.0
2657,4996.0
2658,4998.0
2659,5000.0
2660,5002.0
2661,5004.0
2662,5006.0
2663,5008.0
2664,5010.0
2665,5012.0
2666,5014.0
2667,5016.0
2668,5018.0
2669,5020.0
2670,5022.0
2671,5024.0
2672,5024.0
2673,5026.0
2674,5028.0
2675,5030.0
2676,5032.0
2677,5034.0
2678,5036.0
2679,5038.0
2680,5040.0
2681,5042.0
2682,5044.0
2683,5046.0
2684,5048.0
2685,5050.0
2686,5052.0
2687,5054.0
2688,5056.0
2689,5056.0
2690,5058.0
2691,5060.0
2692,5062.0
2693,5064.0
2694,5066.0
2695,5068.0
2696,5070.0
2697,5072.0
2698,5074.0
2699,5076.0
2700,5078.0
2701,5080.0
2702,5082.0
2703,5084.0
2704,5086.0
2705,5088.0
2706,5088.0
2707,5090.0
2708,5092.0
2709,5094.0
2710,5096.0
2711,5098.0
2712,5100.0
2713,5102.0
2714,5104.0
2715,5106.0
2716,5108.0
2717,5110.0
2718,5112.0
2719,5114.0
2720,5116.0
2721,5118.0
2722,5120.0
2723,5120.0
2724,5122.0
2725,5124.0
2726,5126.0
2727,5128.0
2728,5130.0
2729,5132.0
2730,5134.0
2731,5136.0
2732,5138.0
2733,5140.0
2734,5142.0
2735,5144.0
2736,5146.0
2737,5148.0
2738,5150.0
2739,5152.0
2740,5152.0
2741,5154.0
2742,5156.0
2743,5158.0
2744,5160.0
2745,5162.0
2746,5164.0
2747,5166.0
2748,5168.0
2749,5170.0
2750,5172.0
2751,5174.0
2752,5176.0
2753,5178.0
2754,5180.0
2755,5182.0
2756,5184.0
2757,5184.0
2758,5186.0
2759,5188.0
2760,5190.0
2761,5192.0
2762,5194.0
2763,5196.0
2764,5198.0
2765,5200.0
2766,5202.0
2767,5204.0
2768,5206.0
2769,5208.0
2770,5210.0
2771,5212.0
2772,5214.0
2773,5216.0
2774,5216.0
2775,5218.0
2776,5220.0
2777,5222.0
2778,5224.0
2779,5226.0
2780,5228.0
2781,5230.0
2782,5232.0
2783,5234.0
2784,5236.0
2785,5238.0
2786,5240.0
2787,5242.0
2788,5244.0
2789,5246.0
2790,5248.0
2791,5248.0
2792,5250.0
2793,5252.0
2794,5254.0
2795,5256.0
2796,5258.0
2797,5260.0
2798,5262.0
2799,5264.0
2800,5266.0
2801,5268.0
2802,5270.0
2803,5272.0
2804,5274.0
2805,5276.0
2806,5278.0
2807,5280.0
2808,5280.0
2809,5282.0
2810,5284.0
2811,5286.0
2812,5288.0
2813,5290.0
2814,5292.0
2815,5294.0
2816,5296.0
2817,5298.0
2818,5300.0
2819,5302.0
2820,5304.0
2821,5306.0
2822,5308.0
2823,5310.0
2824,5312.0
2825,5312.0
2826,5314.0
2827,5316.0
2828,5318.0
2829,5320.0
2830,5322.0
2831,5324.0
2832,5326.0
2833,5328.0
2834,5330.0
2835,5332.0
2836,5334.0
2837,5336.0
2838,5338.0
2839,5340.0
2840,5342.0
2841,5344.0
2842,5344.0
2843,5346.0
2844,5348.0
2845,5350.0
2846,5352.0
2847,5354.0
2848,5356.0
2849,5358.0
2850,5360.0
2851,5362.0
2852,5364.0
2853,5366.0
2854,5368.0
2855,5370.0
2856,5372.0
2857,5374.0
2858,5376.0
2859,5376.0
2860,5378.0
2861,5380.0
2862,5382.0
2863,5384.0
2864,5386.0
2865,5388.0
2866,5390.0
2867,5392.0
2868,5394.0
2869,5396.0
2870,5398.0
2871,5400.0
2872,5402.0
2873,5404.0
2874,5406.0
2875,5408.0
2876,5408.0
2877,5410.0
2878,5412.0
2879,5414.0
2880,5416.0
2881,5418.0
2882,5420.0
2883,5422.0
2884,5424.0
2885,5426.0
2886,5428.0
2887,5430.0
2888,5432.0
2889,5434.0
2890,5436.0
2891,5438.0
2892,5440.0
2893,5440.0
2894,5442.0
2895,5444.0
2896,5446.0
2897,5448.0
2898,5450.0
2899,5452.0
2900,5454.0
2901,5456.0
2902,5458.0
2903,5460.0
2904,5462.0
2905,5464.0
2906,5466.0
2907,5468.0
2908,5470.0
2909,5472.0
2910,5472.0
2911,5474.0
2912,5476.0
2913,5478.0
2914,5480.0
2915,5482.0
2916,5484.0
2917,5486.0
2918,5488.0
2919,5490.0
2920,5492.0
2921,5494.0
2922,5496.0
2923,5498.0
2924,5500.0
2925,5502.0
2926,5504.0
2927,5504.0
2928,5506.0
2929,5508.0
2930,5510.0
2931,5512.0
2932,5514.0
2933,5516.0
2934,5518.0
2935,5520.0
2936,5522.0
2937,5524.0
2938,5526.0
2939,5528.0
2940,5530.0
2941,5532.0
2942,5534.0
2943,5536.0
2944,5536.0
2945,5538.0
2946,5540.0
2947,5542.0
2948,5544.0
2949,5546.0
2950,5548.0
2951,5550.0
2952,5552.0
2953,5554.0
2954,5556.0
2955,5558.0
2956,5560.0
2957,5562.0
2958,5564.0
2959,5566.0
2960,5568.0
2961,5568.0
2962,5570.0
2963,5572.0
2964,5574.0
2965,5576.0
2966,5578.0
2967,5580.0
2968,5582.0
2969,5584.0
2970,5586.0
2971,5588.0
2972,5590.0
2973,5592.0
2974,5594.0
2975,5596.0
2976,5598.0
2977,5600.0
2978,5600.0
2979,5602.0
2980,5604.0
2981,5606.0
2982,5608.0
2983,5610.0
2984,5612.0
2985,5614.0
2986,5616.0
2987,5618.0
2988,5620.0
2989,5622.0
2990,5624.0
2991,5626.0
2992,5628.0
2993,5630.0
2994,5632.0
2995,5632.0
2996,5634.0
2997,5636.0
2998,5638.0
2999,5640.0
3000,5642.0
3001,5644.0
3002,5646.0
3003,5648.0
3004,5650.0
3005,5652.0
3006,5654.0
3007,5656.0
3008,5658.0
3009,5660.0
3010,5662.0
3011,5664.0
3012,5664.0
3013,5666.0
3014,5668.0
3015,5670.0
3016,5672.0
3017,5674.0
3018,5676.0
3019,5678.0
3020,5680.0
3021,5682.0
3022,5684.0
3023,5686.0
3024,5688.0
3025,5690.0
3026,5692.0
3027,5694.0
3028,5696.0
3029,5696.0
3030,5698.0
3031,5700.0
3032,5702.0
3033,5704.0
3034,5706.0
3035,5708.0
3036,5710.0
3037,5712.0
3038,5714.0
3039,5716.0
3040,5718.0
3041,5720.0
3042,5722.0
3043,5724.0
3044,5726.0
3045,5728.0
3046,5728.0
3047,5730.0
3048,5732.0
3049,5734.0
3050,5736.0
3051,5738.0
3052,5740.0
3053,5742.0
3054,5744.0
3055,5746.0
3056,5748.0
3057,5750.0
3058,5752.0
3059,5754.0
3060,5756.0
3061,5758.0
3062,5760.0
3063,5760.0
3064,5762.0
3065,5764.0
3066,5766.0
3067,5768.0
3068,5770.0
3069,5772.0
3070,5774.0
3071,5776.0
3072,5778.0
3073,5780.0
3074,5782.0
3075,5784.0
3076,5786.0
3077,5788.0
3078,5790.0
3079,5792.0
3080,5792.0
3081,5794.0
3082,5796.0
3083,5798.0
3084,5800.0
3085,5802.0
3086,5804.0
3087,5806.0
3088,5808.0
3089,5810.0
3090,5812.0
3091,5814.0
3092,5816.0
3093,5818.0
3094,5820.0
3095,5822.0
3096,5824.0
3097,5824.0
3098,5826.0
3099,5828.0
3100,5830.0
3101,5832.0
3102,5834.0
3103,5836.0
3104,5838.0
3105,5840.0
3106,5842.0
3107,5844.0
3108,5846.0
3109,5848.0
3110,5850.0
3111,5852.0
3112,5854.0
3113,5856.0
3114,5856.0
3115,5858.0
3116,5860.0
3117,5862.0
3118,5864.0
3119,5866.0
3120,5868.0
3121,5870.0
3122,5872.0
3123,5874.0
3124,5876.0
3125,5878.0
3126,5880.0
3127,5882.0
3128,5884.0
3129,5886.0
3130,5888.0
3131,5888.0
3132,5890.0
3133,5892.0
3134,5894.0
3135,5896.0
3136,5898.0
3137,5900.0
3138,5902.0
3139,5904.0
3140,5906.0
3141,5908.0
3142,5910.0
3143,5912.0
3144,5914.0
3145,5916.0
3146,5918.0
3147,5920.0
3148,5920.0
3149,5922.0
3150,5924.0
3151,5926.0
3152,5928.0
3153,5930.0
3154,5932.0
3155,5934.0
3156,5936.0
3157,5938.0
3158,5940.0
3159,5942.0
3160,5944.0
3161,5946.0
3162,5948.0
3163,5950.0
3164,5952.0
3165,5952.0
3166,5954.0
3167,5956.0
3168,5958.0
3169,5960.0
3170,5962.0
3171,5964.0
3172,5966.0
3173,5968.0
3174,5970.0
3175,5972.0
3176,5974.0
3177,5976.0
3178,5978.0
3179,5980.0
3180,5982.0
3181,5984.0
3182,5984.0
3183,5986.0
3184,5988.0
3185,5990.0
3186,5992.0
3187,5994.0
3188,5996.0
3189,5998.0
3190,6000.0
3191,6002.0
3192,6004.0
3193,6006.0
3194,6008.0
3195,6010.0
3196,6012.0
3197,6014.0
3198,6016.0
3199,6016.0
3200,6018.0
3201,6020.0
3202,6022.0
3203,6024.0
3204,6026.0
3205,6028.0
3206,6030.0
3207,6032.0
3208,6034.0
3209,6036.0
3210,6038.0
3211,6040.0
3212,6042.0
3213,6044.0
3214,6046.0
3215,6048.0
3216,6048.0
3217,6050.0
3218,6052.0
3219,6054.0
3220,6056.0
3221,6058.0
3222,6060.0
3223,6062.0
3224,6064.0
3225,6066.0
3226,6068.0
3227,6070.0
3228,6072.0
3229,6074.0
3230,6076.0
3231,6078.0
3232,6080.0
3233,6080.0
3234,6082.0
3235,6084.0
3236,6086.0
3237,6088.0
3238,6090.0
3239,6092.0
3240,6094.0
3241,6096.0
3242,6098.0
3243,6100.0
3244,6102.0
3245,6104.0
3246,6106.0
3247,6108.0
3248,6110.0
3249,6112.0
3250,6112.0
3251,6114.0
3252,6116.0
3253,6118.0
3254,6120.0
3255,6122.0
3256,6124.0
3257,6126.0
3258,6128.0
3259,6130.0
3260,6132.0
3261,6134.0
3262,6136.0
3263,6138.0
3264,6140.0
3265,6142.0
3266,6144.0
3267,6144.0
3268,6146.0
3269,6148.0
3270,6150.0
3271,6152.0
3272,6154.0
3273,6156.0
3274,6158.0
3275,6160.0
3276,6162.0
3277,6164.0
3278,6166.0
3279,6168.0
3280,6170.0
3281,6172.0
3282,6174.0
3283,6176.0
3284,6176.0
3285,6178.0
3286,6180.0
3287,6182.0
3288,6184.0
3289,6186.0
3290,6188.0
3291,6190.0
3292,6192.0
3293,6194.0
3294,6196.0
3295,6198.0
3296,6200.0
3297,6202.0
3298,6204.0
3299,6206.0
3300,6208.0
3301,6208.0
3302,6210.0
3303,6212.0
3304,6214.0
3305,6216.0
3306,6218.0
3307,6220.0
3308,6222.0
3309,6224.0
3310,6226.0
3311,6228.0
3312,6230.0
3313,6232.0
3314,6234.0
3315,6236.0
3316,6238.0
3317,6240.0
3318,6240.0
3319,6242.0
3320,6244.0
3321,6246.0
3322,6248.0
3323,6250.0
3324,6252.0
3325,6254.0
3326,6256.0
3327,6258.0
3328,6260.0
3329,6262.0
3330,6264.0
3331,6266.0
3332,6268.0
3333,6270.0
3334,6272.0
3335,6272.0
3336,6274.0
3337,6276.0
3338,6278.0
3339,6280.0
3340,6282.0
3341,6284.0
3342,6286.0
3343,6288.0
3344,6290.0
3345,6292.0
3346,6294.0
3347,6296.0
3348,6298.0
3349,6300.0
3350,6302.0
3351,6304.0
3352,6304.0
3353,6306.0
3354,6308.0
3355,6310.0
3356,6312.0
3357,6314.0
3358,6316.0
3359,6318.0
3360,6320.0
3361,6322.0
3362,6324.0
3363,6326.0
3364,6328.0
3365,6330.0
3366,6332.0
3367,6334.0
3368,6336.0
3369,6336.0
3370,6338.0
3371,6340.0
3372,6342.0
3373,6344.0
3374,6346.0
3375,6348.0
3376,6350.0
3377,6352.0
3378,6354.0
3379,6356.0
3380,6358.0
3381,6360.0
3382,6362.0
3383,6364.0
3384,6366.0
3385,6368.0
3386,6368.0
3387,6370.0
3388,6372.0
3389,6374.0
3390,6376.0
3391,6378.0
3392,6380.0
3393,6382.0
3394,6384.0
3395,6386.0
3396,6388.0
3397,6390.0
3398,6392.0
3399,6394.0
3400,6396.0
3401,6398.0
3402,6400.0
3403,6400.0
3404,6402.0
3405,6404.0
3406,6406.0
3407,6408.0
3408,6410.0
3409,6412.0
3410,6414.0
3411,6416.0
3412,6418.0
3413,6420.0
3414,6422.0
3415,6424.0
3416,6426.0
3417,6428.0
3418,6430.0
3419,6432.0
3420,6432.0
3421,6434.0
3422,6436.0
3423,6438.0
3424,6440.0
3425,6442.0
3426,6444.0
3427,6446.0
3428,6448.0
3429,6450.0
3430,6452.0
3431,6454.0
3432,6456.0
3433,6458.0
3434,6460.0
3435,6462.0
3436,6464.0
3437,6464.0
3438,6466.0
3439,6468.0
3440,6470.0
3441,6472.0
3442,6474.0
3443,6476.0
3444,6478.0
3445,6480.0
3446,6482.0
3447,6484.0
3448,6486.0
3449,6488.0
3450,6490.0
3451,6492.0
3452,6494.0
3453,6496.0
3454,6496.0
3455,6498.0
3456,6500.0
3457,6502.0
3458,6504.0
3459,6506.0
3460,6508.0
3461,6510.0
3462,6512.0
3463,6514.0
3464,6516.0
3465,6518.0
3466,6520.0
3467,6522.0
3468,6524.0
3469,6526.0
3470,6528.0
3471,6528.0
3472,6530.0
3473,6532.0
3474,6534.0
3475,6536.0
3476,6538.0
3477,6540.0
3478,6542.0
3479,6544.0
3480,6546.0
3481,6548.0
3482,6550.0
3483,6552.0
3484,6554.0
3485,6556.0
3486,6558.0
3487,6560.0
3488,6560.0
3489,6562.0
3490,6564.0
3491,6566.0
3492,6568.0
3493,6570.0
3494,6572.0
3495,6574.0
3496,6576.0
3497,6578.0
3498,6580.0
3499,6582.0
3500,6584.0
3501,6586.0
3502,6588.0
3503,6590.0
3504,6592.0
3505,6592.0
3506,6594.0
3507,6596.0
3508,6598.0
3509,6600.0
3510,6602.0
3511,6604.0
3512,6606.0
3513,6608.0
3514,6610.0
3515,6612.0
3516,6614.0
3517,6616.0
3518,6618.0
3519,6620.0
3520,6622.0
3521,6624.0
3522,6624.0
3523,6626.0
3524,6628.0
3525,6630.0
3526,6632.0
3527,6634.0
3528,6636.0
3529,6638.0
3530,6640.0
3531,6642.0
3532,6644.0
3533,6646.0
3534,6648.0
3535,6650.0
3536,6652.0
3537,6654.0
3538,6656.0
3539,6656.0
3540,6658.0
3541,6660.0
3542,6662.0
3543,6664.0
3544,6666.0
3545,6668.0
3546,6670.0
3547,6672.0
3548,6674.0
3549,6676.0
3550,6678.0
3551,6680.0
3552,6682.0
3553,6684.0
3554,6686.0
3555,6688.0
3556,6688.0
3557,6690.0
3558,6692.0
3559,6694.0
3560,6696.0
3561,6698.0
3562,6700.0
3563,6702.0
3564,6704.0
3565,6706.0
3566,6708.0
3567,6710.0
3568,6712.0
3569,6714.0
3570,6716.0
3571,6718.0
3572,6720.0
3573,6720.0
3574,6722.0
3575,6724.0
3576,6726.0
3577,6728.0
3578,6730.0
3579,6732.0
3580,6734.0
3581,6736.0
3582,6738.0
3583,6740.0
3584,6742.0
3585,6744.0
3586,6746.0
3587,6748.0
3588,6750.0
3589,6752.0
3590,6752.0
3591,6754.0
3592,6756.0
3593,6758.0
3594,6760.0
3595,6762.0
3596,6764.0
3597,6766.0
3598,6768.0
3599,6770.0
3600,6772.0
3601,6774.0
3602,6776.0
3603,6778.0
3604,6780.0
3605,6782.0
3606,6784.0
3607,6784.0
3608,6786.0
3609,6788.0
3610,6790.0
3611,6792.0
3612,6794.0
3613,6796.0
3614,6798.0
3615,6800.0
3616,6802.0
3617,6804.0
3618,6806.0
3619,6808.0
3620,6810.0
3621,6812.0
3622,6814.0
3623,6816.0
3624,6816.0
3625,6818.0
3626,6820.0
3627,6822.0
3628,6824.0
3629,6826.0
3630,6828.0
3631,6830.0
3632,6832.0
3633,6834.0
3634,6836.0
3635,6838.0
3636,6840.0
3637,6842.0
3638,6844.0
3639,6846.0
3640,6848.0
3641,6848.0
3642,6850.0
3643,6852.0
3644,6854.0
3645,6856.0
3646,6858.0
3647,6860.0
3648,6862.0
3649,6864.0
3650,6866.0
3651,6868.0
3652,6870.0
3653,6872.0
3654,6874.0
3655,6876.0
3656,6878.0
3657,6880.0
3658,6880.0
3659,6882.0
3660,6884.0
3661,6886.0
3662,6888.0
3663,6890.0
3664,6892.0
3665,6894.0
3666,6896.0
3667,6898.0
3668,6900.0
3669,6902.0
3670,6904.0
3671,6906.0
3672,6908.0
3673,6910.0
3674,6912.0
3675,6912.0
3676,6914.0
3677,6916.0
3678,6918.0
3679,6920.0
3680,6922.0
3681,6924.0
3682,6926.0
3683,6928.0
3684,6930.0
3685,6932.0
3686,6934.0
3687,6936.0
3688,6938.0
3689,6940.0
3690,6942.0
3691,6944.0
3692,6944.0
3693,6946.0
3694,6948.0
3695,6950.0
3696,6952.0
3697,6954.0
3698,6956.0
3699,6958.0
3700,6960.0
3701,6962.0
3702,6964.0
3703,6966.0
3704,6968.0
3705,6970.0
3706,6972.0
3707,6974.0
3708,6976.0
3709,6976.0
3710,6978.0
3711,6980.0
3712,6982.0
3713,6984.0
3714,6986.0
3715,6988.0
3716,6990.0
3717,6992.0
3718,6994.0
3719,6996.0
3720,6998.0
3721,7000.0
3722,7002.0
3723,7004.0
3724,7006.0
3725,7008.0
3726,7008.0
3727,7010.0
3728,7012.0
3729,7014.0
3730,7016.0
3731,7018.0
3732,7020.0
3733,7022.0
3734,7024.0
3735,7026.0
3736,7028.0
3737,7030.0
3738,7032.0
3739,7034.0
3740,7036.0
3741,7038.0
3742,7040.0
3743,7040.0
3744,7042.0
3745,7044.0
3746,7046.0
3747,7048.0
3748,7050.0
3749,7052.0
3750,7054.0
3751,7056.0
3752,7058.0
3753,7060.0
3754,7062.0
3755,7064.0
3756,7066.0
3757,7068.0
3758,7070.0
3759,7072.0
3760,7072.0
3761,7074.0
3762,7076.0
3763,7078.0
3764,7080.0
3765,7082.0
3766,7084.0
3767,7086.0
3768,7088.0
3769,7090.0
3770,7092.0
3771,7094.0
3772,7096.0
3773,7098.0
3774,7100.0
3775,7102.0
3776,7104.0
3777,7104.0
3778,7106.0
3779,7108.0
3780,7110.0
3781,7112.0
3782,7114.0
3783,7116.0
3784,7118.0
3785,7120.0
3786,7122.0
3787,7124.0
3788,7126.0
3789,7128.0
3790,7130.0
3791,7132.0
3792,7134.0
3793,7136.0
3794,7136.0
3795,7138.0
3796,7140.0
3797,7142.0
3798,7144.0
3799,7146.0
3800,7148.0
3801,7150.0
3802,7152.0
3803,7154.0
3804,7156.0
3805,7158.0
3806,7160.0
3807,7162.0
3808,7164.0
3809,7166.0
3810,7168.0
3811,7168.0
3812,7170.0
3813,7172.0
3814,7174.0
3815,7176.0
3816,7178.0
3817,7180.0
3818,7182.0
3819,7184.0
3820,7186.0
3821,7188.0
3822,7190.0
3823,7192.0
3824,7194.0
3825,7196.0
3826,7198.0
3827,7200.0
3828,7200.0
3829,7202.0
3830,7204.0
3831,7206.0
3832,7208.0
3833,7210.0
3834,7212.0
3835,7214.0
3836,7216.0
3837,7218.0
3838,7220.0
3839,7222.0
3840,7224.0
3841,7226.0
3842,7228.0
3843,7230.0
3844,7232.0
3845,7232.0
3846,7234.0
3847,7236.0
3848,7238.0
3849,7240.0
3850,7242.0
3851,7244.0
3852,7246.0
3853,7248.0
3854,7250.0
3855,7252.0
3856,7254.0
3857,7256.0
3858,7258.0
3859,7260.0
3860,7262.0
3861,7264.0
3862,7264.0
3863,7266.0
3864,7268.0
3865,7270.0
3866,7272.0
3867,7274.0
3868,7276.0
3869,7278.0
3870,7280.0
3871,7282.0
3872,7284.0
3873,7286.0
3874,7288.0
3875,7290.0
3876,7292.0
3877,7294.0
3878,7296.0
3879,7296.0
3880,7298.0
3881,7300.0
3882,7302.0
3883,7304.0
3884,7306.0
3885,7308.0
3886,7310.0
3887,7312.0
3888,7314.0
3889,7316.0
3890,7318.0
3891,7320.0
3892,7322.0
3893,7324.0
3894,7326.0
3895,7328.0
3896,7328.0
3897,7330.0
3898,7332.0
3899,7334.0
3900,7336.0
3901,7338.0
3902,7340.0
3903,7342.0
3904,7344.0
3905,7346.0
3906,7348.0
3907,7350.0
3908,7352.0
3909,7354.0
3910,7356.0
3911,7358.0
3912,7360.0
3913,7360.0
3914,7362.0
3915,7364.0
3916,7366.0
3917,7368.0
3918,7370.0
3919,7372.0
3920,7374.0
3921,7376.0
3922,7378.0
3923,7380.0
3924,7382.0
3925,7384.0
3926,7386.0
3927,7388.0
3928,7390.0
3929,7392.0
3930,7392.0
3931,7394.0
3932,7396.0
3933,7398.0
3934,7400.0
3935,7402.0
3936,7404.0
3937,7406.0
3938,7408.0
3939,7410.0
3940,7412.0
3941,7414.0
3942,7416.0
3943,7418.0
3944,7420.0
3945,7422.0
3946,7424.0
3947,7424.0
3948,7426.0
3949,7428.0
3950,7430.0
3951,7432.0
3952,7434.0
3953,7436.0
3954,7438.0
3955,7440.0
3956,7442.0
3957,7444.0
3958,7446.0
3959,7448.0
3960,7450.0
3961,7452.0
3962,7454.0
3963,7456.0
3964,7456.0
3965,7458.0
3966,7460.0
3967,7462.0
3968,7464.0
3969,7466.0
3970,7468.0
3971,7470.0
3972,7472.0
3973,7474.0
3974,7476.0
3975,7478.0
3976,7480.0
3977,7482.0
3978,7484.0
3979,7486.0
3980,7488.0
3981,7488.0
3982,7490.0
3983,7492.0
3984,7494.0
3985,7496.0
3986,7498.0
3987,7500.0
3988,7502.0
3989,7504.0
3990,7506.0
3991,7508.0
3992,7510.0
3993,7512.0
3994,7514.0
3995,7516.0
3996,7518.0
3997,7520.0
3998,7520.0
3999,7522.0
4000,7524.0
4001,7526.0
4002,7528.0
4003,7530.0
4004,7532.0
4005,7534.0
4006,7536.0
4007,7538.0
4008,7540.0
4009,7542.0
4010,7544.0
4011,7546.0
4012,7548.0
4013,7550.0
4014,7552.0
4015,7552.0
4016,7554.0
4017,7556.0
4018,7558.0
4019,7560.0
4020,7562.0
4021,7564.0
4022,7566.0
4023,7568.0
4024,7570.0
4025,7572.0
4026,7574.0
4027,7576.0
4028,7578.0
4029,7580.0
4030,7582.0
4031,7584.0
4032,7584.0
4033,7586.0
4034,7588.0
4035,7590.0
4036,7592.0
4037,7594.0
4038,7596.0
4039,7598.0
4040,7600.0
4041,7602.0
4042,7604.0
4043,7606.0
4044,7608.0
4045,7610.0
4046,7612.0
4047,7614.0
4048,7616.0
4049,7616.0
4050,7618.0
4051,7620.0
4052,7622.0
4053,7624.0
4054,7626.0
4055,7628.0
4056,7630.0
4057,7632.0
4058,7634.0
4059,7636.0
4060,7638.0
4061,7640.0
4062,7642.0
4063,7644.0
4064,7646.0
4065,7648.0
4066,7648.0
4067,7650.0
4068,7652.0
4069,7654.0
4070,7656.0
4071,7658.0
4072,7660.0
4073,7662.0
4074,7664.0
4075,7666.0
4076,7668.0
4077,7670.0
4078,7672.0
4079,7674.0
4080,7676.0
4081,7678.0
4082,7680.0
4083,7680.0
4084,7682.0
4085,7684.0
4086,7686.0
4087,7688.0
4088,7690.0
4089,7692.0
4090,7694.0
4091,7696.0
4092,7698.0
4093,7700.0
4094,7702.0
4095,7704.0
4096,7706.0
4097,7708.0
4098,7710.0
4099,7712.0
4100,7712.0
4101,7714.0
4102,7716.0
4103,7718.0
4104,7720.0
4105,7722.0
4106,7724.0
4107,7726.0
4108,7728.0
4109,7730.0
4110,7732.0
4111,7734.0
4112,7736.0
4113,7738.0
4114,7740.0
4115,7742.0
4116,7744.0
4117,7744.0
4118,7746.0
4119,7748.0
4120,7750.0
4121,7752.0
4122,7754.0
4123,7756.0
4124,7758.0
4125,7760.0
4126,7762.0
4127,7764.0
4128,7766.0
4129,7768.0
4130,7770.0
4131,7772.0
4132,7774.0
4133,7776.0
4134,7776.0
4135,7778.0
4136,7780.0
4137,7782.0
4138,7784.0
4139,7786.0
4140,7788.0
4141,7790.0
4142,7792.0
4143,7794.0
4144,7796.0
4145,7798.0
4146,7800.0
4147,7802.0
4148,7804.0
4149,7806.0
4150,7808.0
4151,7808.0
4152,7810.0
4153,7812.0
4154,7814.0
4155,7816.0
4156,7818.0
4157,7820.0
4158,7822.0
4159,7824.0
4160,7826.0
4161,7828.0
4162,7830.0
4163,7832.0
4164,7834.0
4165,7836.0
4166,7838.0
4167,7840.0
4168,7840.0
4169,7842.0
4170,7844.0
4171,7846.0
4172,7848.0
4173,7850.0
4174,7852.0
4175,7854.0
4176,7856.0
4177,7858.0
4178,7860.0
4179,7862.0
4180,7864.0
4181,7866.0
4182,7868.0
4183,7870.0
4184,7872.0
4185,7872.0
4186,7874.0
4187,7876.0
4188,7878.0
4189,7880.0
4190,7882.0
4191,7884.0
4192,7886.0
4193,7888.0
4194,7890.0
4195,7892.0
4196,7894.0
4197,7896.0
4198,7898.0
4199,7900.0
4200,7902.0
4201,7904.0
4202,7904.0
4203,7906.0
4204,7908.0
4205,7910.0
4206,7912.0
4207,7914.0
4208,7916.0
4209,7918.0
4210,7920.0
4211,7922.0
4212,7924.0
4213,7926.0
4214,7928.0
4215,7930.0
4216,7932.0
4217,7934.0
4218,7936.0
4219,7936.0
4220,7938.0
4221,7940.0
4222,7942.0
4223,7944.0
4224,7946.0
4225,7948.0
4226,7950.0
4227,7952.0
4228,7954.0
4229,7956.0
4230,7958.0
4231,7960.0
4232,7962.0
4233,7964.0
4234,7966.0
4235,7968.0
4236,7968.0
4237,7970.0
4238,7972.0
4239,7974.0
4240,7976.0
4241,7978.0
4242,7980.0
4243,7982.0
4244,7984.0
4245,7986.0
4246,7988.0
4247,7990.0
4248,7992.0
4249,7994.0
4250,7996.0
4251,7998.0
4252,8000.0
4253,8000.0
4254,8002.0
4255,8004.0
4256,8006.0
4257,8008.0
4258,8010.0
4259,8012.0
4260,8014.0
4261,8016.0
4262,8018.0
4263,8020.0
4264,8022.0
4265,8024.0
4266,8026.0
4267,8028.0
4268,8030.0
4269,8032.0
4270,8032.0
4271,8034.0
4272,8036.0
4273,8038.0
4274,8040.0
4275,8042.0
4276,8044.0
4277,8046.0
4278,8048.0
4279,8050.0
4280,8052.0
4281,8054.0
4282,8056.0
4283,8058.0
4284,8060.0
4285,8062.0
4286,8064.0
4287,8064.0
4288,8066.0
4289,8068.0
4290,8070.0
4291,8072.0
4292,8074.0
4293,8076.0
4294,8078.0
4295,8080.0
4296,8082.0
4297,8084.0
4298,8086.0
4299,8088.0
4300,8090.0
4301,8092.0
4302,8094.0
4303,8096.0
4304,8096.0
4305,8098.0
4306,8100.0
4307,8102.0
4308,8104.0
4309,8106.0
4310,8108.0
4311,8110.0
4312,8112.0
4313,8114.0
4314,8116.0
4315,8118.0
4316,8120.0
4317,8122.0
4318,8124.0
4319,8126.0
4320,8128.0
4321,8128.0
4322,8130.0
4323,8132.0
4324,8134.0
4325,8136.0
4326,8138.0
4327,8140.0
4328,8142.0
4329,8144.0
4330,8146.0
4331,8148.0
4332,8150.0
4333,8152.0
4334,8154.0
4335,8156.0
4336,8158.0
4337,8160.0
4338,8160.0
4339,8162.0
4340,8164.0
4341,8166.0
4342,8168.0
4343,8170.0
4344,8172.0
4345,8174.0
4346,8176.0
4347,8178.0
4348,8180.0
4349,8182.0
4350,8184.0
4351,8186.0
4352,8188.0
4353,8190.0
4354,8192.0
4355,8192.0
4356,8194.0
4357,8196.0
4358,8198.0
4359,8200.0
4360,8202.0
4361,8204.0
4362,8206.0
4363,8208.0
4364,8210.0
4365,8212.0
4366,8214.0
4367,8216.0
4368,8218.0
4369,8220.0
4370,8222.0
4371,8224.0
4372,8224.0
4373,8226.0
4374,8228.0
4375,8230.0
4376,8232.0
4377,8234.0
4378,8236.0
4379,8238.0
4380,8240.0
4381,8242.0
4382,8244.0
4383,8246.0
4384,8248.0
4385,8250.0
4386,8252.0
4387,8254.0
4388,8256.0
4389,8256.0
4390,8258.0
4391,8260.0
4392,8262.0
4393,8264.0
4394,8266.0
4395,8268.0
4396,8270.0
4397,8272.0
4398,8274.0
4399,8276.0
4400,8278.0
4401,8280.0
4402,8282.0
4403,8284.0
4404,8286.0
4405,8288.0
4406,8288.0
4407,8290.0
4408,8292.0
4409,8294.0
4410,8296.0
4411,8298.0
4412,8300.0
4413,8302.0
4414,8304.0
4415,8306.0
4416,8308.0
4417,8310.0
4418,8312.0
4419,8314.0
4420,8316.0
4421,8318.0
4422,8320.0
4423,8320.0
4424,8322.0
4425,8324.0
4426,8326.0
4427,8328.0
4428,8330.0
4429,8332.0
4430,8334.0
4431,8336.0
4432,8338.0
4433,8340.0
4434,8342.0
4435,8344.0
4436,8346.0
4437,8348.0
4438,8350.0
4439,8352.0
4440,8352.0
4441,8354.0
4442,8356.0
4443,8358.0
4444,8360.0
4445,8362.0
4446,8364.0
4447,8366.0
4448,8368.0
4449,8370.0
4450,8372.0
4451,8374.0
4452,8376.0
4453,8378.0
4454,8380.0
4455,8382.0
4456,8384.0
4457,8384.0
4458,8386.0
4459,8388.0
4460,8390.0
4461,8392.0
4462,8394.0
4463,8396.0
4464,8398.0
4465,8400.0
4466,8402.0
4467,8404.0
4468,8406.0
4469,8408.0
4470,8410.0
4471,8412.0
4472,8414.0
4473,8416.0
4474,8416.0
4475,8418.0
4476,8420.0
4477,8422.0
4478,8424.0
4479,8426.0
4480,8428.0
4481,8430.0
4482,8432.0
4483,8434.0
4484,8436.0
4485,8438.0
4486,8440.0
4487,8442.0
4488,8444.0
4489,8446.0
4490,8448.0
4491,8448.0
4492,8450.0
4493,8452.0
4494,8454.0
4495,8456.0
4496,8458.0
4497,8460.0
4498,8462.0
4499,8464.0
4500,8466.0
4501,8468.0
4502,8470.0
4503,8472.0
4504,8474.0
4505,8476.0
4506,8478.0
4507,8480.0
4508,8480.0
4509,8482.0
4510,8484.0
4511,8486.0
4512,8488.0
4513,8490.0
4514,8492.0
4515,8494.0
4516,8496.0
4517,8498.0
4518,8500.0
4519,8502.0
4520,8504.0
4521,8506.0
4522,8508.0
4523,8510.0
4524,8512.0
4525,8512.0
4526,8514.0
4527,8516.0
4528,8518.0
4529,8520.0
4530,8522.0
4531,8524.0
4532,8526.0
4533,8528.0
4534,8530.0
4535,8532.0
4536,8534.0
4537,8536.0
4538,8538.0
4539,8540.0
4540,8542.0
4541,8544.0
4542,8544.0
4543,8546.0
4544,8548.0
4545,8550.0
4546,8552.0
4547,8554.0
4548,8556.0
4549,8558.0
4550,8560.0
4551,8562.0
4552,8564.0
4553,8566.0
4554,8568.0
4555,8570.0
4556,8572.0
4557,8574.0
4558,8576.0
4559,8576.0
4560,8578.0
4561,8580.0
4562,8582.0
4563,8584.0
4564,8586.0
4565,8588.0
4566,8590.0
4567,8592.0
4568,8594.0
4569,8596.0
4570,8598.0
4571,8600.0
4572,8602.0
4573,8604.0
4574,8606.0
4575,8608.0
4576,8608.0
4577,8610.0
4578,8612.0
4579,8614.0
4580,8616.0
4581,8618.0
4582,8620.0
4583,8622.0
4584,8624.0
4585,8626.0
4586,8628.0
4587,8630.0
4588,8632.0
4589,8634.0
4590,8636.0
4591,8638.0
4592,8640.0
4593,8640.0
4594,8642.0
4595,8644.0
4596,8646.0
4597,8648.0
4598,8650.0
4599,8652.0
4600,8654.0
4601,8656.0
4602,8658.0
4603,8660.0
4604,8662.0
4605,8664.0
4606,8666.0
4607,8668.0
4608,8670.0
4609,8672.0
4610,8672.0
4611,8674.0
4612,8676.0
4613,8678.0
4614,8680.0
4615,8682.0
4616,8684.0
4617,8686.0
4618,8688.0
4619,8690.0
4620,8692.0
4621,8694.0
4622,8696.0
4623,8698.0
4624,8700.0
4625,8702.0
4626,8704.0
4627,8704.0
4628,8706.0
4629,8708.0
4630,8710.0
4631,8712.0
4632,8714.0
4633,8716.0
4634,8718.0
4635,8720.0
4636,8722.0
4637,8724.0
4638,8726.0
4639,8728.0
4640,8730.0
4641,8732.0
4642,8734.0
4643,8736.0
4644,8736.0
4645,8738.0
4646,8740.0
4647,8742.0
4648,8744.0
4649,8746.0
4650,8748.0
4651,8750.0
4652,8752.0
4653,8754.0
4654,8756.0
4655,8758.0
4656,8760.0
4657,8762.0
4658,8764.0
4659,8766.0
4660,8768.0
4661,8768.0
4662,8770.0
4663,8772.0
4664,8774.0
4665,8776.0
4666,8778.0
4667,8780.0
4668,8782.0
4669,8784.0
4670,8786.0
4671,8788.0
4672,8790.0
4673,8792.0
4674,8794.0
4675,8796.0
4676,8798.0
4677,8800.0
4678,8800.0
4679,8802.0
4680,8804.0
4681,8806.0
4682,8808.0
4683,8810.0
4684,8812.0
4685,8814.0
4686,8816.0
4687,8818.0
4688,8820.0
4689,8822.0
4690,8824.0
4691,8826.0
4692,8828.0
4693,8830.0
4694,8832.0
4695,8832.0
4696,8834.0
4697,8836.0
4698,8838.0
4699,8840.0
4700,8842.0
4701,8844.0
4702,8846.0
4703,8848.0
4704,8850.0
4705,8852.0
4706,8854.0
4707,8856.0
4708,8858.0
4709,8860.0
4710,8862.0
4711,8864.0
4712,8864.0
4713,8866.0
4714,8868.0
4715,8870.0
4716,8872.0
4717,8874.0
4718,8876.0
4719,8878.0
4720,8880.0
4721,8882.0
4722,8884.0
4723,8886.0
4724,8888.0
4725,8890.0
4726,8892.0
4727,8894.0
4728,8896.0
4729,8896.0
4730,8898.0
4731,8900.0
4732,8902.0
4733,8904.0
4734,8906.0
4735,8908.0
4736,8910.0
4737,8912.0
4738,8914.0
4739,8916.0
4740,8918.0
4741,8920.0
4742,8922.0
4743,8924.0
4744,8926.0
4745,8928.0
4746,8928.0
4747,8930.0
4748,8932.0
4749,8934.0
4750,8936.0
4751,8938.0
4752,8940.0
4753,8942.0
4754,8944.0
4755,8946.0
4756,8948.0
4757,8950.0
4758,8952.0
4759,8954.0
4760,8956.0
4761,8958.0
4762,8960.0
4763,8960.0
4764,8962.0
4765,8964.0
4766,8966.0
4767,8968.0
4768,8970.0
4769,8972.0
4770,8974.0
4771,8976.0
4772,8978.0
4773,8980.0
4774,8982.0
4775,8984.0
4776,8986.0
4777,8988.0
4778,8990.0
4779,8992.0
4780,8992.0
4781,8994.0
4782,8996.0
4783,8998.0
4784,9000.0
4785,9002.0
4786,9004.0
4787,9006.0
4788,9008.0
4789,9010.0
4790,9012.0
4791,9014.0
4792,9016.0
4793,9018.0
4794,9020.0
4795,9022.0
4796,9024.0
4797,9024.0
4798,9026.0
4799,9028.0
4800,9030.0
4801,9032.0
4802,9034.0
4803,9036.0
4804,9038.0
4805,9040.0
4806,9042.0
4807,9044.0
4808,9046.0
4809,9048.0
4810,9050.0
4811,9052.0
4812,9054.0
4813,9056.0
4814,9056.0
4815,9058.0
4816,9060.0
4817,9062.0
4818,9064.0
4819,9066.0
4820,9068.0
4821,9070.0
4822,9072.0
4823,9074.0
4824,9076.0
4825,9078.0
4826,9080.0
4827,9082.0
4828,9084.0
4829,9086.0
4830,9088.0
4831,9088.0
4832,9090.0
4833,9092.0
4834,9094.0
4835,9096.0
4836,9098.0
4837,9100.0
4838,9102.0
4839,9104.0
4840,9106.0
4841,9108.0
4842,9110.0
4843,9112.0
4844,9114.0
4845,9116.0
4846,9118.0
4847,9120.0
4848,9120.0
4849,9122.0
4850,9124.0
4851,9126.0
4852,9128.0
4853,9130.0
4854,9132.0
4855,9134.0
4856,9136.0
4857,9138.0
4858,9140.0
4859,9142.0
4860,9144.0
4861,9146.0
4862,9148.0
4863,9150.0
4864,9152.0
4865,9152.0
4866,9154.0
4867,9156.0
4868,9158.0
4869,9160.0
4870,9162.0
4871,9164.0
4872,9166.0
4873,9168.0
4874,9170.0
4875,9172.0
4876,9174.0
4877,9176.0
4878,9178.0
4879,9180.0
4880,9182.0
4881,9184.0
4882,9184.0
4883,9186.0
4884,9188.0
4885,9190.0
4886,9192.0
4887,9194.0
4888,9196.0
4889,9198.0
4890,9200.0
4891,9202.0
4892,9204.0
4893,9206.0
4894,9208.0
4895,9210.0
4896,9212.0
4897,9214.0
4898,9216.0
4899,9216.0
4900,9218.0
4901,9220.0
4902,9222.0
4903,9224.0
4904,9226.0
4905,9228.0
4906,9230.0
4907,9232.0
4908,9234.0
4909,9236.0
4910,9238.0
4911,9240.0
4912,9242.0
4913,9244.0
4914,9246.0
4915,9248.0
4916,9248.0
4917,9250.0
4918,9252.0
4919,9254.0
4920,9256.0
4921,9258.0
4922,9260.0
4923,9262.0
4924,9264.0
4925,9266.0
4926,9268.0
4927,9270.0
4928,9272.0
4929,9274.0
4930,9276.0
4931,9278.0
4932,9280.0
4933,9280.0
4934,9282.0
4935,9284.0
4936,9286.0
4937,9288.0
4938,9290.0
4939,9292.0
4940,9294.0
4941,9296.0
4942,9298.0
4943,9300.0
4944,9302.0
4945,9304.0
4946,9306.0
4947,9308.0
4948,9310.0
4949,9312.0
4950,9312.0
4951,9314.0
4952,9316.0
4953,9318.0
4954,9320.0
4955,9322.0
4956,9324.0
4957,9326.0
4958,9328.0
4959,9330.0
4960,9332.0
4961,9334.0
4962,9336.0
4963,9338.0
4964,9340.0
4965,9342.0
4966,9344.0
4967,9344.0
4968,9346.0
4969,9348.0
4970,9350.0
4971,9352.0
4972,9354.0
4973,9356.0
4974,9358.0
4975,9360.0
4976,9362.0
4977,9364.0
4978,9366.0
4979,9368.0
4980,9370.0
4981,9372.0
4982,9374.0
4983,9376.0
4984,9376.0
4985,9378.0
4986,9380.0
4987,9382.0
4988,9384.0
4989,9386.0
4990,9388.0
4991,9390.0
4992,9392.0
4993,9394.0
4994,9396.0
4995,9398.0
4996,9400.0
4997,9402.0
4998,9404.0
4999,9406.0
5000,9408.0
5001,9408.0
5002,9410.0
5003,9412.0
5004,9414.0
5005,9416.0
5006,9418.0
5007,9420.0
5008,9422.0
5009,9424.0
5010,9426.0
5011,9428.0
5012,9430.0
5013,9432.0
5014,9434.0
5015,9436.0
5016,9438.0
5017,9440.0
5018,9440.0
5019,9442.0
5020,9444.0
5021,9446.0
5022,9448.0
5023,9450.0
5024,9452.0
5025,9454.0
5026,9456.0
5027,9458.0
5028,9460.0
5029,9462.0
5030,9464.0
5031,9466.0
5032,9468.0
5033,9470.0
5034,9472.0
5035,9472.0
5036,9474.0
5037,9476.0
5038,9478.0
5039,9480.0
5040,9482.0
5041,9484.0
5042,9486.0
5043,9488.0
5044,9490.0
5045,9492.0
5046,9494.0
5047,9496.0
5048,9498.0
5049,9500.0
5050,9502.0
5051,9504.0
5052,9504.0
5053,9506.0
5054,9508.0
5055,9510.0
5056,9512.0
5057,9514.0
5058,9516.0
5059,9518.0
5060,9520.0
5061,9522.0
5062,9524.0
5063,9526.0
5064,9528.0
5065,9530.0
5066,9532.0
5067,9534.0
5068,9536.0
5069,9536.0
5070,9538.0
5071,9540.0
5072,9542.0
5073,9544.0
5074,9546.0
5075,9548.0
5076,9550.0
5077,9552.0
5078,9554.0
5079,9556.0
5080,9558.0
5081,9560.0
5082,9562.0
5083,9564.0
5084,9566.0
5085,9568.0
5086,9568.0
5087,9570.0
5088,9572.0
5089,9574.0
5090,9576.0
5091,9578.0
5092,9580.0
5093,9582.0
5094,9584.0
5095,9586.0
5096,9588.0
5097,9590.0
5098,9592.0
5099,9594.0
5100,9596.0
5101,9598.0
5102,9600.0
5103,9600.0
5104,9602.0
5105,9604.0
5106,9606.0
5107,9608.0
5108,9610.0
5109,9612.0
5110,9614.0
5111,9616.0
5112,9618.0
5113,9620.0
5114,9622.0
5115,9624.0
5116,9626.0
5117,9628.0
5118,9630.0
5119,9632.0
5120,9632.0
5121,9634.0
5122,9636.0
5123,9638.0
5124,9640.0
5125,9642.0
5126,9644.0
5127,9646.0
5128,9648.0
5129,9650.0
5130,9652.0
5131,9654.0
5132,9656.0
5133,9658.0
5134,9660.0
5135,9662.0
5136,9664.0
5137,9664.0
5138,9666.0
5139,9668.0
5140,9670.0
5141,9672.0
5142,9674.0
5143,9676.0
5144,9678.0
5145,9680.0
5146,9682.0
5147,9684.0
5148,9686.0
5149,9688.0
5150,9690.0
5151,9692.0
5152,9694.0
5153,9696.0
5154,9696.0
5155,9698.0
5156,9700.0
5157,9702.0
5158,9704.0
5159,9706.0
5160,9708.0
5161,9710.0
5162,9712.0
5163,9714.0
5164,9716.0
5165,9718.0
5166,9720.0
5167,9722.0
5168,9724.0
5169,9726.0
5170,9728.0
5171,9728.0
5172,9730.0
5173,9732.0
5174,9734.0
5175,9736.0
5176,9738.0
5177,9740.0
5178,9742.0
5179,9744.0
5180,9746.0
5181,9748.0
5182,9750.0
5183,9752.0
5184,9754.0
5185,9756.0
5186,9758.0
5187,9760.0
5188,9760.0
5189,9762.0
5190,9764.0
5191,9766.0
5192,9768.0
5193,9770.0
5194,9772.0
5195,9774.0
5196,9776.0
5197,9778.0
5198,9780.0
5199,9782.0
5200,9784.0
5201,9786.0
5202,9788.0
5203,9790.0
5204,9792.0
5205,9792.0
5206,9794.0
5207,9796.0
5208,9798.0
5209,9800.0
5210,9802.0
5211,9804.0
5212,9806.0
5213,9808.0
5214,9810.0
5215,9812.0
5216,9814.0
5217,9816.0
5218,9818.0
5219,9820.0
5220,9822.0
5221,9824.0
5222,9824.0
5223,9826.0
5224,9828.0
5225,9830.0
5226,9832.0
5227,9834.0
5228,9836.0
5229,9838.0
5230,9840.0
5231,9842.0
5232,9844.0
5233,9846.0
5234,9848.0
5235,9850.0
5236,9852.0
5237,9854.0
5238,9856.0
5239,9856.0
5240,9858.0
5241,9860.0
5242,9862.0
5243,9864.0
5244,9866.0
5245,9868.0
5246,9870.0
5247,9872.0
5248,9874.0
5249,9876.0
5250,9878.0
5251,9880.0
5252,9882.0
5253,9884.0
5254,9886.0
5255,9888.0
5256,9888.0
5257,9890.0
5258,9892.0
5259,9894.0
5260,9896.0
5261,9898.0
5262,9900.0
5263,9902.0
5264,9904.0
5265,9906.0
5266,9908.0
5267,9910.0
5268,9912.0
5269,9914.0
5270,9916.0
5271,9918.0
5272,9920.0
5273,9920.0
5274,9922.0
5275,9924.0
5276,9926.0
5277,9928.0
5278,9930.0
5279,9932.0
5280,9934.0
5281,9936.0
5282,9938.0
5283,9940.0
5284,9942.0
5285,9944.0
5286,9946.0
5287,9948.0
5288,9950.0
5289,9952.0
5290,9952.0
5291,9954.0
5292,9956.0
5293,9958.0
5294,9960.0
5295,9962.0
5296,9964.0
5297,9966.0
5298,9968.0
5299,9970.0
5300,9972.0
5301,9974.0
5302,9976.0
5303,9978.0
5304,9980.0
5305,9982.0
5306,9984.0
5307,9984.0
5308,9986.0
5309,9988.0
5310,9990.0
5311,9992.0
5312,9994.0
5313,9996.0
5314,9998.0
5315,10000.0
5316,10002.0
5317,10004.0
5318,10006.0
5319,10008.0
5320,10010.0
5321,10012.0
5322,10014.0
5323,10016.0
5324,10016.0
5325,10018.0
5326,10020.0
5327,10022.0
5328,10024.0
5329,10026.0
5330,10028.0
5331,10030.0
5332,10032.0
5333,10034.0
5334,10036.0
5335,10038.0
5336,10040.0
5337,10042.0
5338,10044.0
5339,10046.0
5340,10048.0
5341,10048.0
5342,10050.0
5343,10052.0
5344,10054.0
5345,10056.0
5346,10058.0
5347,10060.0
5348,10062.0
5349,10064.0
5350,10066.0
5351,10068.0
5352,10070.0
5353,10072.0
5354,10074.0
5355,10076.0
5356,10078.0
5357,10080.0
5358,10080.0
5359,10082.0
5360,10084.0
5361,10086.0
5362,10088.0
5363,10090.0
5364,10092.0
5365,10094.0
5366,10096.0
5367,10098.0
5368,10100.0
5369,10102.0
5370,10104.0
5371,10106.0
5372,10108.0
5373,10110.0
5374,10112.0
5375,10112.0
5376,10114.0
5377,10116.0
5378,10118.0
5379,10120.0
5380,10122.0
5381,10124.0
5382,10126.0
5383,10128.0
5384,10130.0
5385,10132.0
5386,10134.0
5387,10136.0
5388,10138.0
5389,10140.0
5390,10142.0
5391,10144.0
5392,10144.0
5393,10146.0
5394,10148.0
5395,10150.0
5396,10152.0
5397,10154.0
5398,10156.0
5399,10158.0
5400,10160.0
5401,0.0
