Original Quaternary String Length,Quaternary Redundancy,Final Quaternary String Length
0,0.0,0.0
1,4.0,5.0
2,4.0,6.0
3,4.0,7.0
4,5.0,9.0
5,5.0,10.0
6,5.0,11.0
7,5.0,12.0
8,5.0,13.0
9,5.0,14.0
10,5.0,15.0
11,5.0,16.0
12,5.0,17.0
13,5.0,18.0
14,5.0,19.0
15,5.0,20.0
16,6.0,22.0
17,8.0,25.0
18,8.0,26.0
19,8.0,27.0
20,8.0,28.0
21,8.0,29.0
22,8.0,30.0
23,8.0,31.0
24,8.0,32.0
25,8.0,33.0
26,8.0,34.0
27,8.0,35.0
28,8.0,36.0
29,8.0,37.0
30,8.0,38.0
31,8.0,39.0
32,8.0,40.0
33,10.0,43.0
34,10.0,44.0
35,10.0,45.0
36,10.0,46.0
37,10.0,47.0
38,10.0,48.0
39,10.0,49.0
40,10.0,50.0
41,10.0,51.0
42,10.0,52.0
43,10.0,53.0
44,10.0,54.0
45,10.0,55.0
46,10.0,56.0
47,10.0,57.0
48,10.0,58.0
49,12.0,61.0
50,12.0,62.0
51,12.0,63.0
52,12.0,64.0
53,12.0,65.0
54,12.0,66.0
55,12.0,67.0
56,12.0,68.0
57,12.0,69.0
58,13.0,71.0
59,13.0,72.0
60,13.0,73.0
61,13.0,74.0
62,13.0,75.0
63,13.0,76.0
64,13.0,77.0
65,15.0,80.0
66,14.0,80.0
67,14.0,81.0
68,14.0,82.0
69,14.0,83.0
70,14.0,84.0
71,14.0,85.0
72,14.0,86.0
73,14.0,87.0
74,14.0,88.0
75,14.0,89.0
76,14.0,90.0
77,14.0,91.0
78,14.0,92.0
79,14.0,93.0
80,14.0,94.0
81,16.0,97.0
82,16.0,98.0
83,16.0,99.0
84,16.0,100.0
85,15.0,100.0
86,16.0,102.0
87,16.0,103.0
88,16.0,104.0
89,16.0,105.0
90,16.0,106.0
91,16.0,107.0
92,16.0,108.0
93,16.0,109.0
94,16.0,110.0
95,16.0,111.0
96,16.0,112.0
97,18.0,115.0
98,18.0,116.0
99,18.0,117.0
100,18.0,118.0
101,18.0,119.0
102,18.0,120.0
103,17.0,120.0
104,17.0,121.0
105,17.0,122.0
106,17.0,123.0
107,17.0,124.0
108,17.0,125.0
109,17.0,126.0
110,17.0,127.0
111,17.0,128.0
112,17.0,129.0
113,19.0,132.0
114,20.0,134.0
115,20.0,135.0
116,20.0,136.0
117,20.0,137.0
118,20.0,138.0
119,20.0,139.0
120,20.0,140.0
121,19.0,140.0
122,19.0,141.0
123,19.0,142.0
124,19.0,143.0
125,19.0,144.0
126,19.0,145.0
127,19.0,146.0
128,19.0,147.0
129,21.0,150.0
130,21.0,151.0
131,21.0,152.0
132,21.0,153.0
133,21.0,154.0
134,21.0,155.0
135,21.0,156.0
136,21.0,157.0
137,21.0,158.0
138,21.0,159.0
139,21.0,160.0
140,21.0,161.0
141,21.0,162.0
142,21.0,163.0
143,21.0,164.0
144,21.0,165.0
145,23.0,168.0
146,23.0,169.0
147,23.0,170.0
148,23.0,171.0
149,23.0,172.0
150,23.0,173.0
151,23.0,174.0
152,23.0,175.0
153,23.0,176.0
154,23.0,177.0
155,23.0,178.0
156,23.0,179.0
157,23.0,180.0
158,23.0,181.0
159,23.0,182.0
160,23.0,183.0
161,25.0,186.0
162,25.0,187.0
163,25.0,188.0
164,25.0,189.0
165,25.0,190.0
166,25.0,191.0
167,25.0,192.0
168,25.0,193.0
169,25.0,194.0
170,25.0,195.0
171,25.0,196.0
172,25.0,197.0
173,25.0,198.0
174,25.0,199.0
175,25.0,200.0
176,25.0,201.0
177,27.0,204.0
178,27.0,205.0
179,27.0,206.0
180,27.0,207.0
181,27.0,208.0
182,27.0,209.0
183,27.0,210.0
184,27.0,211.0
185,27.0,212.0
186,27.0,213.0
187,27.0,214.0
188,27.0,215.0
189,27.0,216.0
190,27.0,217.0
191,27.0,218.0
192,27.0,219.0
193,29.0,222.0
194,29.0,223.0
195,29.0,224.0
196,29.0,225.0
197,29.0,226.0
198,29.0,227.0
199,29.0,228.0
200,29.0,229.0
201,29.0,230.0
202,29.0,231.0
203,29.0,232.0
204,29.0,233.0
205,29.0,234.0
206,29.0,235.0
207,29.0,236.0
208,29.0,237.0
209,31.0,240.0
210,31.0,241.0
211,31.0,242.0
212,31.0,243.0
213,31.0,244.0
214,31.0,245.0
215,31.0,246.0
216,31.0,247.0
217,31.0,248.0
218,31.0,249.0
219,31.0,250.0
220,31.0,251.0
221,31.0,252.0
222,31.0,253.0
223,31.0,254.0
224,31.0,255.0
225,33.0,258.0
226,33.0,259.0
227,33.0,260.0
228,33.0,261.0
229,33.0,262.0
230,33.0,263.0
231,33.0,264.0
232,33.0,265.0
233,33.0,266.0
234,33.0,267.0
235,33.0,268.0
236,33.0,269.0
237,33.0,270.0
238,33.0,271.0
239,33.0,272.0
240,33.0,273.0
241,35.0,276.0
242,35.0,277.0
243,35.0,278.0
244,35.0,279.0
245,35.0,280.0
246,35.0,281.0
247,35.0,282.0
248,35.0,283.0
249,35.0,284.0
250,35.0,285.0
251,35.0,286.0
252,35.0,287.0
253,35.0,288.0
254,35.0,289.0
255,35.0,290.0
256,35.0,291.0
257,37.0,294.0
258,37.0,295.0
259,37.0,296.0
260,37.0,297.0
261,37.0,298.0
262,37.0,299.0
263,37.0,300.0
264,37.0,301.0
265,37.0,302.0
266,37.0,303.0
267,37.0,304.0
268,37.0,305.0
269,37.0,306.0
270,37.0,307.0
271,37.0,308.0
272,37.0,309.0
273,39.0,312.0
274,39.0,313.0
275,39.0,314.0
276,39.0,315.0
277,39.0,316.0
278,39.0,317.0
279,39.0,318.0
280,39.0,319.0
281,39.0,320.0
282,39.0,321.0
283,39.0,322.0
284,39.0,323.0
285,39.0,324.0
286,39.0,325.0
287,39.0,326.0
288,39.0,327.0
289,41.0,330.0
290,41.0,331.0
291,41.0,332.0
292,41.0,333.0
293,41.0,334.0
294,41.0,335.0
295,41.0,336.0
296,41.0,337.0
297,41.0,338.0
298,41.0,339.0
299,41.0,340.0
300,41.0,341.0
301,41.0,342.0
302,41.0,343.0
303,41.0,344.0
304,41.0,345.0
305,43.0,348.0
306,43.0,349.0
307,43.0,350.0
308,43.0,351.0
309,43.0,352.0
310,43.0,353.0
311,43.0,354.0
312,43.0,355.0
313,43.0,356.0
314,43.0,357.0
315,43.0,358.0
316,43.0,359.0
317,43.0,360.0
318,43.0,361.0
319,43.0,362.0
320,43.0,363.0
321,45.0,366.0
322,45.0,367.0
323,45.0,368.0
324,45.0,369.0
325,45.0,370.0
326,45.0,371.0
327,45.0,372.0
328,45.0,373.0
329,45.0,374.0
330,45.0,375.0
331,45.0,376.0
332,45.0,377.0
333,45.0,378.0
334,45.0,379.0
335,45.0,380.0
336,45.0,381.0
337,47.0,384.0
338,47.0,385.0
339,47.0,386.0
340,47.0,387.0
341,47.0,388.0
342,47.0,389.0
343,47.0,390.0
344,47.0,391.0
345,47.0,392.0
346,47.0,393.0
347,47.0,394.0
348,47.0,395.0
349,47.0,396.0
350,47.0,397.0
351,47.0,398.0
352,47.0,399.0
353,49.0,402.0
354,49.0,403.0
355,49.0,404.0
356,49.0,405.0
357,49.0,406.0
358,49.0,407.0
359,49.0,408.0
360,49.0,409.0
361,49.0,410.0
362,49.0,411.0
363,49.0,412.0
364,49.0,413.0
365,49.0,414.0
366,49.0,415.0
367,49.0,416.0
368,49.0,417.0
369,51.0,420.0
370,51.0,421.0
371,51.0,422.0
372,51.0,423.0
373,51.0,424.0
374,51.0,425.0
375,51.0,426.0
376,51.0,427.0
377,51.0,428.0
378,51.0,429.0
379,51.0,430.0
380,51.0,431.0
381,51.0,432.0
382,51.0,433.0
383,51.0,434.0
384,51.0,435.0
385,53.0,438.0
386,53.0,439.0
387,53.0,440.0
388,53.0,441.0
389,53.0,442.0
390,53.0,443.0
391,53.0,444.0
392,53.0,445.0
393,53.0,446.0
394,53.0,447.0
395,53.0,448.0
396,53.0,449.0
397,53.0,450.0
398,53.0,451.0
399,53.0,452.0
400,53.0,453.0
401,55.0,456.0
402,55.0,457.0
403,55.0,458.0
404,55.0,459.0
405,55.0,460.0
406,55.0,461.0
407,55.0,462.0
408,55.0,463.0
409,55.0,464.0
410,55.0,465.0
411,55.0,466.0
412,55.0,467.0
413,55.0,468.0
414,55.0,469.0
415,55.0,470.0
416,55.0,471.0
417,57.0,474.0
418,57.0,475.0
419,57.0,476.0
420,57.0,477.0
421,57.0,478.0
422,57.0,479.0
423,57.0,480.0
424,57.0,481.0
425,57.0,482.0
426,57.0,483.0
427,57.0,484.0
428,57.0,485.0
429,57.0,486.0
430,57.0,487.0
431,57.0,488.0
432,57.0,489.0
433,59.0,492.0
434,59.0,493.0
435,59.0,494.0
436,59.0,495.0
437,59.0,496.0
438,59.0,497.0
439,59.0,498.0
440,59.0,499.0
441,59.0,500.0
442,59.0,501.0
443,59.0,502.0
444,59.0,503.0
445,59.0,504.0
446,59.0,505.0
447,59.0,506.0
448,59.0,507.0
449,61.0,510.0
450,61.0,511.0
451,61.0,512.0
452,61.0,513.0
453,61.0,514.0
454,61.0,515.0
455,61.0,516.0
456,61.0,517.0
457,61.0,518.0
458,61.0,519.0
459,61.0,520.0
460,61.0,521.0
461,61.0,522.0
462,61.0,523.0
463,61.0,524.0
464,61.0,525.0
465,63.0,528.0
466,63.0,529.0
467,63.0,530.0
468,63.0,531.0
469,63.0,532.0
470,63.0,533.0
471,63.0,534.0
472,63.0,535.0
473,63.0,536.0
474,63.0,537.0
475,63.0,538.0
476,63.0,539.0
477,63.0,540.0
478,63.0,541.0
479,63.0,542.0
480,63.0,543.0
481,65.0,546.0
482,65.0,547.0
483,65.0,548.0
484,65.0,549.0
485,65.0,550.0
486,65.0,551.0
487,65.0,552.0
488,65.0,553.0
489,65.0,554.0
490,65.0,555.0
491,65.0,556.0
492,65.0,557.0
493,65.0,558.0
494,65.0,559.0
495,65.0,560.0
496,65.0,561.0
497,67.0,564.0
498,67.0,565.0
499,67.0,566.0
500,67.0,567.0
501,67.0,568.0
502,67.0,569.0
503,67.0,570.0
504,67.0,571.0
505,67.0,572.0
506,67.0,573.0
507,67.0,574.0
508,67.0,575.0
509,67.0,576.0
510,67.0,577.0
511,67.0,578.0
512,67.0,579.0
513,69.0,582.0
514,69.0,583.0
515,69.0,584.0
516,69.0,585.0
517,69.0,586.0
518,69.0,587.0
519,69.0,588.0
520,69.0,589.0
521,69.0,590.0
522,69.0,591.0
523,69.0,592.0
524,69.0,593.0
525,69.0,594.0
526,69.0,595.0
527,69.0,596.0
528,69.0,597.0
529,71.0,600.0
530,71.0,601.0
531,71.0,602.0
532,71.0,603.0
533,71.0,604.0
534,71.0,605.0
535,71.0,606.0
536,71.0,607.0
537,71.0,608.0
538,71.0,609.0
539,71.0,610.0
540,71.0,611.0
541,71.0,612.0
542,71.0,613.0
543,71.0,614.0
544,71.0,615.0
545,73.0,618.0
546,73.0,619.0
547,73.0,620.0
548,73.0,621.0
549,73.0,622.0
550,73.0,623.0
551,73.0,624.0
552,73.0,625.0
553,73.0,626.0
554,73.0,627.0
555,73.0,628.0
556,73.0,629.0
557,73.0,630.0
558,73.0,631.0
559,73.0,632.0
560,73.0,633.0
561,75.0,636.0
562,75.0,637.0
563,75.0,638.0
564,75.0,639.0
565,75.0,640.0
566,75.0,641.0
567,75.0,642.0
568,75.0,643.0
569,75.0,644.0
570,75.0,645.0
571,75.0,646.0
572,75.0,647.0
573,75.0,648.0
574,75.0,649.0
575,75.0,650.0
576,75.0,651.0
577,77.0,654.0
578,77.0,655.0
579,77.0,656.0
580,77.0,657.0
581,77.0,658.0
582,77.0,659.0
583,77.0,660.0
584,77.0,661.0
585,77.0,662.0
586,77.0,663.0
587,77.0,664.0
588,77.0,665.0
589,77.0,666.0
590,77.0,667.0
591,77.0,668.0
592,77.0,669.0
593,79.0,672.0
594,79.0,673.0
595,79.0,674.0
596,79.0,675.0
597,79.0,676.0
598,79.0,677.0
599,79.0,678.0
600,79.0,679.0
601,79.0,680.0
602,79.0,681.0
603,79.0,682.0
604,79.0,683.0
605,79.0,684.0
606,79.0,685.0
607,79.0,686.0
608,79.0,687.0
609,81.0,690.0
610,81.0,691.0
611,81.0,692.0
612,81.0,693.0
613,81.0,694.0
614,81.0,695.0
615,81.0,696.0
616,81.0,697.0
617,81.0,698.0
618,81.0,699.0
619,81.0,700.0
620,81.0,701.0
621,81.0,702.0
622,81.0,703.0
623,81.0,704.0
624,81.0,705.0
625,83.0,708.0
626,83.0,709.0
627,83.0,710.0
628,83.0,711.0
629,83.0,712.0
630,83.0,713.0
631,83.0,714.0
632,83.0,715.0
633,83.0,716.0
634,83.0,717.0
635,83.0,718.0
636,83.0,719.0
637,83.0,720.0
638,83.0,721.0
639,83.0,722.0
640,83.0,723.0
641,85.0,726.0
642,85.0,727.0
643,85.0,728.0
644,85.0,729.0
645,85.0,730.0
646,85.0,731.0
647,85.0,732.0
648,85.0,733.0
649,85.0,734.0
650,85.0,735.0
651,85.0,736.0
652,85.0,737.0
653,85.0,738.0
654,85.0,739.0
655,85.0,740.0
656,85.0,741.0
657,87.0,744.0
658,87.0,745.0
659,87.0,746.0
660,87.0,747.0
661,87.0,748.0
662,87.0,749.0
663,87.0,750.0
664,87.0,751.0
665,87.0,752.0
666,87.0,753.0
667,87.0,754.0
668,87.0,755.0
669,87.0,756.0
670,87.0,757.0
671,87.0,758.0
672,87.0,759.0
673,89.0,762.0
674,89.0,763.0
675,89.0,764.0
676,89.0,765.0
677,89.0,766.0
678,89.0,767.0
679,89.0,768.0
680,89.0,769.0
681,89.0,770.0
682,89.0,771.0
683,89.0,772.0
684,89.0,773.0
685,89.0,774.0
686,89.0,775.0
687,89.0,776.0
688,89.0,777.0
689,91.0,780.0
690,91.0,781.0
691,91.0,782.0
692,91.0,783.0
693,91.0,784.0
694,91.0,785.0
695,91.0,786.0
696,91.0,787.0
697,91.0,788.0
698,91.0,789.0
699,91.0,790.0
700,91.0,791.0
701,91.0,792.0
702,91.0,793.0
703,91.0,794.0
704,91.0,795.0
705,93.0,798.0
706,93.0,799.0
707,93.0,800.0
708,93.0,801.0
709,93.0,802.0
710,93.0,803.0
711,93.0,804.0
712,93.0,805.0
713,93.0,806.0
714,93.0,807.0
715,93.0,808.0
716,93.0,809.0
717,93.0,810.0
718,93.0,811.0
719,93.0,812.0
720,93.0,813.0
721,95.0,816.0
722,95.0,817.0
723,95.0,818.0
724,95.0,819.0
725,95.0,820.0
726,95.0,821.0
727,95.0,822.0
728,95.0,823.0
729,95.0,824.0
730,95.0,825.0
731,95.0,826.0
732,95.0,827.0
733,95.0,828.0
734,95.0,829.0
735,95.0,830.0
736,95.0,831.0
737,97.0,834.0
738,97.0,835.0
739,97.0,836.0
740,97.0,837.0
741,97.0,838.0
742,97.0,839.0
743,97.0,840.0
744,97.0,841.0
745,97.0,842.0
746,97.0,843.0
747,97.0,844.0
748,97.0,845.0
749,97.0,846.0
750,97.0,847.0
751,97.0,848.0
752,97.0,849.0
753,99.0,852.0
754,99.0,853.0
755,99.0,854.0
756,99.0,855.0
757,99.0,856.0
758,99.0,857.0
759,99.0,858.0
760,99.0,859.0
761,99.0,860.0
762,99.0,861.0
763,99.0,862.0
764,99.0,863.0
765,99.0,864.0
766,99.0,865.0
767,99.0,866.0
768,99.0,867.0
769,101.0,870.0
770,101.0,871.0
771,101.0,872.0
772,101.0,873.0
773,101.0,874.0
774,101.0,875.0
775,101.0,876.0
776,101.0,877.0
777,101.0,878.0
778,101.0,879.0
779,101.0,880.0
780,101.0,881.0
781,101.0,882.0
782,101.0,883.0
783,101.0,884.0
784,101.0,885.0
785,103.0,888.0
786,103.0,889.0
787,103.0,890.0
788,103.0,891.0
789,103.0,892.0
790,103.0,893.0
791,103.0,894.0
792,103.0,895.0
793,103.0,896.0
794,103.0,897.0
795,103.0,898.0
796,103.0,899.0
797,103.0,900.0
798,103.0,901.0
799,103.0,902.0
800,103.0,903.0
801,105.0,906.0
802,105.0,907.0
803,105.0,908.0
804,105.0,909.0
805,105.0,910.0
806,105.0,911.0
807,105.0,912.0
808,105.0,913.0
809,105.0,914.0
810,105.0,915.0
811,105.0,916.0
812,105.0,917.0
813,105.0,918.0
814,105.0,919.0
815,105.0,920.0
816,105.0,921.0
817,107.0,924.0
818,107.0,925.0
819,107.0,926.0
820,107.0,927.0
821,107.0,928.0
822,107.0,929.0
823,107.0,930.0
824,107.0,931.0
825,107.0,932.0
826,107.0,933.0
827,107.0,934.0
828,107.0,935.0
829,107.0,936.0
830,107.0,937.0
831,107.0,938.0
832,107.0,939.0
833,109.0,942.0
834,109.0,943.0
835,109.0,944.0
836,109.0,945.0
837,109.0,946.0
838,109.0,947.0
839,109.0,948.0
840,109.0,949.0
841,109.0,950.0
842,109.0,951.0
843,109.0,952.0
844,109.0,953.0
845,109.0,954.0
846,109.0,955.0
847,109.0,956.0
848,109.0,957.0
849,111.0,960.0
850,111.0,961.0
851,111.0,962.0
852,111.0,963.0
853,111.0,964.0
854,111.0,965.0
855,111.0,966.0
856,111.0,967.0
857,111.0,968.0
858,111.0,969.0
859,111.0,970.0
860,111.0,971.0
861,111.0,972.0
862,111.0,973.0
863,111.0,974.0
864,111.0,975.0
865,113.0,978.0
866,113.0,979.0
867,113.0,980.0
868,113.0,981.0
869,113.0,982.0
870,113.0,983.0
871,113.0,984.0
872,113.0,985.0
873,113.0,986.0
874,113.0,987.0
875,113.0,988.0
876,113.0,989.0
877,113.0,990.0
878,113.0,991.0
879,113.0,992.0
880,113.0,993.0
881,115.0,996.0
882,115.0,997.0
883,115.0,998.0
884,115.0,999.0
885,115.0,1000.0
886,115.0,1001.0
887,115.0,1002.0
888,115.0,1003.0
889,115.0,1004.0
890,115.0,1005.0
891,115.0,1006.0
892,115.0,1007.0
893,115.0,1008.0
894,115.0,1009.0
895,115.0,1010.0
896,115.0,1011.0
897,117.0,1014.0
898,117.0,1015.0
899,117.0,1016.0
900,117.0,1017.0
901,117.0,1018.0
902,117.0,1019.0
903,117.0,1020.0
904,117.0,1021.0
905,117.0,1022.0
906,117.0,1023.0
907,117.0,1024.0
908,117.0,1025.0
909,117.0,1026.0
910,117.0,1027.0
911,117.0,1028.0
912,117.0,1029.0
913,119.0,1032.0
914,119.0,1033.0
915,119.0,1034.0
916,119.0,1035.0
917,119.0,1036.0
918,119.0,1037.0
919,119.0,1038.0
920,119.0,1039.0
921,119.0,1040.0
922,119.0,1041.0
923,119.0,1042.0
924,119.0,1043.0
925,119.0,1044.0
926,119.0,1045.0
927,119.0,1046.0
928,119.0,1047.0
929,121.0,1050.0
930,121.0,1051.0
931,121.0,1052.0
932,121.0,1053.0
933,121.0,1054.0
934,121.0,1055.0
935,121.0,1056.0
936,121.0,1057.0
937,121.0,1058.0
938,121.0,1059.0
939,121.0,1060.0
940,121.0,1061.0
941,121.0,1062.0
942,121.0,1063.0
943,121.0,1064.0
944,121.0,1065.0
945,123.0,1068.0
946,123.0,1069.0
947,123.0,1070.0
948,123.0,1071.0
949,123.0,1072.0
950,123.0,1073.0
951,123.0,1074.0
952,123.0,1075.0
953,123.0,1076.0
954,123.0,1077.0
955,123.0,1078.0
956,123.0,1079.0
957,123.0,1080.0
958,123.0,1081.0
959,123.0,1082.0
960,123.0,1083.0
961,125.0,1086.0
962,125.0,1087.0
963,125.0,1088.0
964,125.0,1089.0
965,125.0,1090.0
966,125.0,1091.0
967,125.0,1092.0
968,125.0,1093.0
969,125.0,1094.0
970,125.0,1095.0
971,125.0,1096.0
972,125.0,1097.0
973,125.0,1098.0
974,125.0,1099.0
975,125.0,1100.0
976,125.0,1101.0
977,127.0,1104.0
978,127.0,1105.0
979,127.0,1106.0
980,127.0,1107.0
981,127.0,1108.0
982,127.0,1109.0
983,127.0,1110.0
984,127.0,1111.0
985,127.0,1112.0
986,127.0,1113.0
987,127.0,1114.0
988,127.0,1115.0
989,127.0,1116.0
990,127.0,1117.0
991,127.0,1118.0
992,127.0,1119.0
993,129.0,1122.0
994,129.0,1123.0
995,129.0,1124.0
996,129.0,1125.0
997,129.0,1126.0
998,129.0,1127.0
999,129.0,1128.0
1000,129.0,1129.0
1001,129.0,1130.0
1002,129.0,1131.0
1003,129.0,1132.0
1004,129.0,1133.0
1005,129.0,1134.0
1006,129.0,1135.0
1007,129.0,1136.0
1008,129.0,1137.0
1009,131.0,1140.0
1010,131.0,1141.0
1011,131.0,1142.0
1012,131.0,1143.0
1013,131.0,1144.0
1014,131.0,1145.0
1015,131.0,1146.0
1016,131.0,1147.0
1017,131.0,1148.0
1018,131.0,1149.0
1019,131.0,1150.0
1020,131.0,1151.0
1021,131.0,1152.0
1022,131.0,1153.0
1023,131.0,1154.0
1024,131.0,1155.0
1025,133.0,1158.0
1026,133.0,1159.0
1027,133.0,1160.0
1028,133.0,1161.0
1029,133.0,1162.0
1030,133.0,1163.0
1031,133.0,1164.0
1032,133.0,1165.0
1033,133.0,1166.0
1034,133.0,1167.0
1035,133.0,1168.0
1036,133.0,1169.0
1037,133.0,1170.0
1038,133.0,1171.0
1039,133.0,1172.0
1040,133.0,1173.0
1041,135.0,1176.0
1042,135.0,1177.0
1043,135.0,1178.0
1044,135.0,1179.0
1045,135.0,1180.0
1046,135.0,1181.0
1047,135.0,1182.0
1048,135.0,1183.0
1049,135.0,1184.0
1050,135.0,1185.0
1051,135.0,1186.0
1052,135.0,1187.0
1053,135.0,1188.0
1054,135.0,1189.0
1055,135.0,1190.0
1056,135.0,1191.0
1057,137.0,1194.0
1058,137.0,1195.0
1059,137.0,1196.0
1060,137.0,1197.0
1061,137.0,1198.0
1062,137.0,1199.0
1063,137.0,1200.0
1064,137.0,1201.0
1065,137.0,1202.0
1066,137.0,1203.0
1067,137.0,1204.0
1068,137.0,1205.0
1069,137.0,1206.0
1070,137.0,1207.0
1071,137.0,1208.0
1072,137.0,1209.0
1073,139.0,1212.0
1074,139.0,1213.0
1075,139.0,1214.0
1076,139.0,1215.0
1077,139.0,1216.0
1078,139.0,1217.0
1079,139.0,1218.0
1080,139.0,1219.0
1081,139.0,1220.0
1082,139.0,1221.0
1083,139.0,1222.0
1084,139.0,1223.0
1085,139.0,1224.0
1086,139.0,1225.0
1087,139.0,1226.0
1088,139.0,1227.0
1089,141.0,1230.0
1090,141.0,1231.0
1091,141.0,1232.0
1092,141.0,1233.0
1093,141.0,1234.0
1094,141.0,1235.0
1095,141.0,1236.0
1096,141.0,1237.0
1097,141.0,1238.0
1098,141.0,1239.0
1099,141.0,1240.0
1100,141.0,1241.0
1101,141.0,1242.0
1102,141.0,1243.0
1103,141.0,1244.0
1104,141.0,1245.0
1105,143.0,1248.0
1106,143.0,1249.0
1107,143.0,1250.0
1108,143.0,1251.0
1109,143.0,1252.0
1110,143.0,1253.0
1111,143.0,1254.0
1112,143.0,1255.0
1113,143.0,1256.0
1114,143.0,1257.0
1115,143.0,1258.0
1116,143.0,1259.0
1117,143.0,1260.0
1118,143.0,1261.0
1119,143.0,1262.0
1120,143.0,1263.0
1121,145.0,1266.0
1122,145.0,1267.0
1123,145.0,1268.0
1124,145.0,1269.0
1125,145.0,1270.0
1126,145.0,1271.0
1127,145.0,1272.0
1128,145.0,1273.0
1129,145.0,1274.0
1130,145.0,1275.0
1131,145.0,1276.0
1132,145.0,1277.0
1133,145.0,1278.0
1134,145.0,1279.0
1135,145.0,1280.0
1136,145.0,1281.0
1137,147.0,1284.0
1138,147.0,1285.0
1139,147.0,1286.0
1140,147.0,1287.0
1141,147.0,1288.0
1142,147.0,1289.0
1143,147.0,1290.0
1144,147.0,1291.0
1145,147.0,1292.0
1146,147.0,1293.0
1147,147.0,1294.0
1148,147.0,1295.0
1149,147.0,1296.0
1150,147.0,1297.0
1151,147.0,1298.0
1152,147.0,1299.0
1153,149.0,1302.0
1154,149.0,1303.0
1155,149.0,1304.0
1156,149.0,1305.0
1157,149.0,1306.0
1158,149.0,1307.0
1159,149.0,1308.0
1160,149.0,1309.0
1161,149.0,1310.0
1162,149.0,1311.0
1163,149.0,1312.0
1164,149.0,1313.0
1165,149.0,1314.0
1166,149.0,1315.0
1167,149.0,1316.0
1168,149.0,1317.0
1169,151.0,1320.0
1170,151.0,1321.0
1171,151.0,1322.0
1172,151.0,1323.0
1173,151.0,1324.0
1174,151.0,1325.0
1175,151.0,1326.0
1176,151.0,1327.0
1177,151.0,1328.0
1178,151.0,1329.0
1179,151.0,1330.0
1180,151.0,1331.0
1181,151.0,1332.0
1182,151.0,1333.0
1183,151.0,1334.0
1184,151.0,1335.0
1185,153.0,1338.0
1186,153.0,1339.0
1187,153.0,1340.0
1188,153.0,1341.0
1189,153.0,1342.0
1190,153.0,1343.0
1191,153.0,1344.0
1192,153.0,1345.0
1193,153.0,1346.0
1194,153.0,1347.0
1195,153.0,1348.0
1196,153.0,1349.0
1197,153.0,1350.0
1198,153.0,1351.0
1199,153.0,1352.0
1200,153.0,1353.0
1201,155.0,1356.0
1202,155.0,1357.0
1203,155.0,1358.0
1204,155.0,1359.0
1205,155.0,1360.0
1206,155.0,1361.0
1207,155.0,1362.0
1208,155.0,1363.0
1209,155.0,1364.0
1210,155.0,1365.0
1211,155.0,1366.0
1212,155.0,1367.0
1213,155.0,1368.0
1214,155.0,1369.0
1215,155.0,1370.0
1216,155.0,1371.0
1217,157.0,1374.0
1218,157.0,1375.0
1219,157.0,1376.0
1220,157.0,1377.0
1221,157.0,1378.0
1222,157.0,1379.0
1223,157.0,1380.0
1224,157.0,1381.0
1225,157.0,1382.0
1226,157.0,1383.0
1227,157.0,1384.0
1228,157.0,1385.0
1229,157.0,1386.0
1230,157.0,1387.0
1231,157.0,1388.0
1232,157.0,1389.0
1233,159.0,1392.0
1234,159.0,1393.0
1235,159.0,1394.0
1236,159.0,1395.0
1237,159.0,1396.0
1238,159.0,1397.0
1239,159.0,1398.0
1240,159.0,1399.0
1241,159.0,1400.0
1242,159.0,1401.0
1243,159.0,1402.0
1244,159.0,1403.0
1245,159.0,1404.0
1246,159.0,1405.0
1247,159.0,1406.0
1248,159.0,1407.0
1249,161.0,1410.0
1250,161.0,1411.0
1251,161.0,1412.0
1252,161.0,1413.0
1253,161.0,1414.0
1254,161.0,1415.0
1255,161.0,1416.0
1256,161.0,1417.0
1257,161.0,1418.0
1258,161.0,1419.0
1259,161.0,1420.0
1260,161.0,1421.0
1261,161.0,1422.0
1262,161.0,1423.0
1263,161.0,1424.0
1264,161.0,1425.0
1265,163.0,1428.0
1266,163.0,1429.0
1267,163.0,1430.0
1268,163.0,1431.0
1269,163.0,1432.0
1270,163.0,1433.0
1271,163.0,1434.0
1272,163.0,1435.0
1273,163.0,1436.0
1274,163.0,1437.0
1275,163.0,1438.0
1276,163.0,1439.0
1277,163.0,1440.0
1278,163.0,1441.0
1279,163.0,1442.0
1280,163.0,1443.0
1281,165.0,1446.0
1282,165.0,1447.0
1283,165.0,1448.0
1284,165.0,1449.0
1285,165.0,1450.0
1286,165.0,1451.0
1287,165.0,1452.0
1288,165.0,1453.0
1289,165.0,1454.0
1290,165.0,1455.0
1291,165.0,1456.0
1292,165.0,1457.0
1293,165.0,1458.0
1294,165.0,1459.0
1295,165.0,1460.0
1296,165.0,1461.0
1297,167.0,1464.0
1298,167.0,1465.0
1299,167.0,1466.0
1300,167.0,1467.0
1301,167.0,1468.0
1302,167.0,1469.0
1303,167.0,1470.0
1304,167.0,1471.0
1305,167.0,1472.0
1306,167.0,1473.0
1307,167.0,1474.0
1308,167.0,1475.0
1309,167.0,1476.0
1310,167.0,1477.0
1311,167.0,1478.0
1312,167.0,1479.0
1313,169.0,1482.0
1314,169.0,1483.0
1315,169.0,1484.0
1316,169.0,1485.0
1317,169.0,1486.0
1318,169.0,1487.0
1319,169.0,1488.0
1320,169.0,1489.0
1321,169.0,1490.0
1322,169.0,1491.0
1323,169.0,1492.0
1324,169.0,1493.0
1325,169.0,1494.0
1326,169.0,1495.0
1327,169.0,1496.0
1328,169.0,1497.0
1329,171.0,1500.0
1330,171.0,1501.0
1331,171.0,1502.0
1332,171.0,1503.0
1333,171.0,1504.0
1334,171.0,1505.0
1335,171.0,1506.0
1336,171.0,1507.0
1337,171.0,1508.0
1338,171.0,1509.0
1339,171.0,1510.0
1340,171.0,1511.0
1341,171.0,1512.0
1342,171.0,1513.0
1343,171.0,1514.0
1344,171.0,1515.0
1345,173.0,1518.0
1346,173.0,1519.0
1347,173.0,1520.0
1348,173.0,1521.0
1349,173.0,1522.0
1350,173.0,1523.0
1351,173.0,1524.0
1352,173.0,1525.0
1353,173.0,1526.0
1354,173.0,1527.0
1355,173.0,1528.0
1356,173.0,1529.0
1357,173.0,1530.0
1358,173.0,1531.0
1359,173.0,1532.0
1360,173.0,1533.0
1361,175.0,1536.0
1362,175.0,1537.0
1363,175.0,1538.0
1364,175.0,1539.0
1365,175.0,1540.0
1366,175.0,1541.0
1367,175.0,1542.0
1368,175.0,1543.0
1369,175.0,1544.0
1370,175.0,1545.0
1371,175.0,1546.0
1372,175.0,1547.0
1373,175.0,1548.0
1374,175.0,1549.0
1375,175.0,1550.0
1376,175.0,1551.0
1377,177.0,1554.0
1378,177.0,1555.0
1379,177.0,1556.0
1380,177.0,1557.0
1381,177.0,1558.0
1382,177.0,1559.0
1383,177.0,1560.0
1384,177.0,1561.0
1385,177.0,1562.0
1386,177.0,1563.0
1387,177.0,1564.0
1388,177.0,1565.0
1389,177.0,1566.0
1390,177.0,1567.0
1391,177.0,1568.0
1392,177.0,1569.0
1393,179.0,1572.0
1394,179.0,1573.0
1395,179.0,1574.0
1396,179.0,1575.0
1397,179.0,1576.0
1398,179.0,1577.0
1399,179.0,1578.0
1400,179.0,1579.0
1401,179.0,1580.0
1402,179.0,1581.0
1403,179.0,1582.0
1404,179.0,1583.0
1405,179.0,1584.0
1406,179.0,1585.0
1407,179.0,1586.0
1408,179.0,1587.0
1409,181.0,1590.0
1410,181.0,1591.0
1411,181.0,1592.0
1412,181.0,1593.0
1413,181.0,1594.0
1414,181.0,1595.0
1415,181.0,1596.0
1416,181.0,1597.0
1417,181.0,1598.0
1418,181.0,1599.0
1419,181.0,1600.0
1420,181.0,1601.0
1421,181.0,1602.0
1422,181.0,1603.0
1423,181.0,1604.0
1424,181.0,1605.0
1425,183.0,1608.0
1426,183.0,1609.0
1427,183.0,1610.0
1428,183.0,1611.0
1429,183.0,1612.0
1430,183.0,1613.0
1431,183.0,1614.0
1432,183.0,1615.0
1433,183.0,1616.0
1434,183.0,1617.0
1435,183.0,1618.0
1436,183.0,1619.0
1437,183.0,1620.0
1438,183.0,1621.0
1439,183.0,1622.0
1440,183.0,1623.0
1441,185.0,1626.0
1442,185.0,1627.0
1443,185.0,1628.0
1444,185.0,1629.0
1445,185.0,1630.0
1446,185.0,1631.0
1447,185.0,1632.0
1448,185.0,1633.0
1449,185.0,1634.0
1450,185.0,1635.0
1451,185.0,1636.0
1452,185.0,1637.0
1453,185.0,1638.0
1454,185.0,1639.0
1455,185.0,1640.0
1456,185.0,1641.0
1457,187.0,1644.0
1458,187.0,1645.0
1459,187.0,1646.0
1460,187.0,1647.0
1461,187.0,1648.0
1462,187.0,1649.0
1463,187.0,1650.0
1464,187.0,1651.0
1465,187.0,1652.0
1466,187.0,1653.0
1467,187.0,1654.0
1468,187.0,1655.0
1469,187.0,1656.0
1470,187.0,1657.0
1471,187.0,1658.0
1472,187.0,1659.0
1473,189.0,1662.0
1474,189.0,1663.0
1475,189.0,1664.0
1476,189.0,1665.0
1477,189.0,1666.0
1478,189.0,1667.0
1479,189.0,1668.0
1480,189.0,1669.0
1481,189.0,1670.0
1482,189.0,1671.0
1483,189.0,1672.0
1484,189.0,1673.0
1485,189.0,1674.0
1486,189.0,1675.0
1487,189.0,1676.0
1488,189.0,1677.0
1489,191.0,1680.0
1490,191.0,1681.0
1491,191.0,1682.0
1492,191.0,1683.0
1493,191.0,1684.0
1494,191.0,1685.0
1495,191.0,1686.0
1496,191.0,1687.0
1497,191.0,1688.0
1498,191.0,1689.0
1499,191.0,1690.0
1500,191.0,1691.0
1501,191.0,1692.0
1502,191.0,1693.0
1503,191.0,1694.0
1504,191.0,1695.0
1505,193.0,1698.0
1506,193.0,1699.0
1507,193.0,1700.0
1508,193.0,1701.0
1509,193.0,1702.0
1510,193.0,1703.0
1511,193.0,1704.0
1512,193.0,1705.0
1513,193.0,1706.0
1514,193.0,1707.0
1515,193.0,1708.0
1516,193.0,1709.0
1517,193.0,1710.0
1518,193.0,1711.0
1519,193.0,1712.0
1520,193.0,1713.0
1521,195.0,1716.0
1522,195.0,1717.0
1523,195.0,1718.0
1524,195.0,1719.0
1525,195.0,1720.0
1526,195.0,1721.0
1527,195.0,1722.0
1528,195.0,1723.0
1529,195.0,1724.0
1530,195.0,1725.0
1531,195.0,1726.0
1532,195.0,1727.0
1533,195.0,1728.0
1534,195.0,1729.0
1535,195.0,1730.0
1536,195.0,1731.0
1537,197.0,1734.0
1538,197.0,1735.0
1539,197.0,1736.0
1540,197.0,1737.0
1541,197.0,1738.0
1542,197.0,1739.0
1543,197.0,1740.0
1544,197.0,1741.0
1545,197.0,1742.0
1546,197.0,1743.0
1547,197.0,1744.0
1548,197.0,1745.0
1549,197.0,1746.0
1550,197.0,1747.0
1551,197.0,1748.0
1552,197.0,1749.0
1553,199.0,1752.0
1554,199.0,1753.0
1555,199.0,1754.0
1556,199.0,1755.0
1557,199.0,1756.0
1558,199.0,1757.0
1559,199.0,1758.0
1560,199.0,1759.0
1561,199.0,1760.0
1562,199.0,1761.0
1563,199.0,1762.0
1564,199.0,1763.0
1565,199.0,1764.0
1566,199.0,1765.0
1567,199.0,1766.0
1568,199.0,1767.0
1569,201.0,1770.0
1570,201.0,1771.0
1571,201.0,1772.0
1572,201.0,1773.0
1573,201.0,1774.0
1574,201.0,1775.0
1575,201.0,1776.0
1576,201.0,1777.0
1577,201.0,1778.0
1578,201.0,1779.0
1579,201.0,1780.0
1580,201.0,1781.0
1581,201.0,1782.0
1582,201.0,1783.0
1583,201.0,1784.0
1584,201.0,1785.0
1585,203.0,1788.0
1586,203.0,1789.0
1587,203.0,1790.0
1588,203.0,1791.0
1589,203.0,1792.0
1590,203.0,1793.0
1591,203.0,1794.0
1592,203.0,1795.0
1593,203.0,1796.0
1594,203.0,1797.0
1595,203.0,1798.0
1596,203.0,1799.0
1597,203.0,1800.0
1598,203.0,1801.0
1599,203.0,1802.0
1600,203.0,1803.0
1601,205.0,1806.0
1602,205.0,1807.0
1603,205.0,1808.0
1604,205.0,1809.0
1605,205.0,1810.0
1606,205.0,1811.0
1607,205.0,1812.0
1608,205.0,1813.0
1609,205.0,1814.0
1610,205.0,1815.0
1611,205.0,1816.0
1612,205.0,1817.0
1613,205.0,1818.0
1614,205.0,1819.0
1615,205.0,1820.0
1616,205.0,1821.0
1617,207.0,1824.0
1618,207.0,1825.0
1619,207.0,1826.0
1620,207.0,1827.0
1621,207.0,1828.0
1622,207.0,1829.0
1623,207.0,1830.0
1624,207.0,1831.0
1625,207.0,1832.0
1626,207.0,1833.0
1627,207.0,1834.0
1628,207.0,1835.0
1629,207.0,1836.0
1630,207.0,1837.0
1631,207.0,1838.0
1632,207.0,1839.0
1633,209.0,1842.0
1634,209.0,1843.0
1635,209.0,1844.0
1636,209.0,1845.0
1637,209.0,1846.0
1638,209.0,1847.0
1639,209.0,1848.0
1640,209.0,1849.0
1641,209.0,1850.0
1642,209.0,1851.0
1643,209.0,1852.0
1644,209.0,1853.0
1645,209.0,1854.0
1646,209.0,1855.0
1647,209.0,1856.0
1648,209.0,1857.0
1649,211.0,1860.0
1650,211.0,1861.0
1651,211.0,1862.0
1652,211.0,1863.0
1653,211.0,1864.0
1654,211.0,1865.0
1655,211.0,1866.0
1656,211.0,1867.0
1657,211.0,1868.0
1658,211.0,1869.0
1659,211.0,1870.0
1660,211.0,1871.0
1661,211.0,1872.0
1662,211.0,1873.0
1663,211.0,1874.0
1664,211.0,1875.0
1665,213.0,1878.0
1666,213.0,1879.0
1667,213.0,1880.0
1668,213.0,1881.0
1669,213.0,1882.0
1670,213.0,1883.0
1671,213.0,1884.0
1672,213.0,1885.0
1673,213.0,1886.0
1674,213.0,1887.0
1675,213.0,1888.0
1676,213.0,1889.0
1677,213.0,1890.0
1678,213.0,1891.0
1679,213.0,1892.0
1680,213.0,1893.0
1681,215.0,1896.0
1682,215.0,1897.0
1683,215.0,1898.0
1684,215.0,1899.0
1685,215.0,1900.0
1686,215.0,1901.0
1687,215.0,1902.0
1688,215.0,1903.0
1689,215.0,1904.0
1690,215.0,1905.0
1691,215.0,1906.0
1692,215.0,1907.0
1693,215.0,1908.0
1694,215.0,1909.0
1695,215.0,1910.0
1696,215.0,1911.0
1697,217.0,1914.0
1698,217.0,1915.0
1699,217.0,1916.0
1700,217.0,1917.0
1701,217.0,1918.0
1702,217.0,1919.0
1703,217.0,1920.0
1704,217.0,1921.0
1705,217.0,1922.0
1706,217.0,1923.0
1707,217.0,1924.0
1708,217.0,1925.0
1709,217.0,1926.0
1710,217.0,1927.0
1711,217.0,1928.0
1712,217.0,1929.0
1713,219.0,1932.0
1714,219.0,1933.0
1715,219.0,1934.0
1716,219.0,1935.0
1717,219.0,1936.0
1718,219.0,1937.0
1719,219.0,1938.0
1720,219.0,1939.0
1721,219.0,1940.0
1722,219.0,1941.0
1723,219.0,1942.0
1724,219.0,1943.0
1725,219.0,1944.0
1726,219.0,1945.0
1727,219.0,1946.0
1728,219.0,1947.0
1729,221.0,1950.0
1730,221.0,1951.0
1731,221.0,1952.0
1732,221.0,1953.0
1733,221.0,1954.0
1734,221.0,1955.0
1735,221.0,1956.0
1736,221.0,1957.0
1737,221.0,1958.0
1738,221.0,1959.0
1739,221.0,1960.0
1740,221.0,1961.0
1741,221.0,1962.0
1742,221.0,1963.0
1743,221.0,1964.0
1744,221.0,1965.0
1745,223.0,1968.0
1746,223.0,1969.0
1747,223.0,1970.0
1748,223.0,1971.0
1749,223.0,1972.0
1750,223.0,1973.0
1751,223.0,1974.0
1752,223.0,1975.0
1753,223.0,1976.0
1754,223.0,1977.0
1755,223.0,1978.0
1756,223.0,1979.0
1757,223.0,1980.0
1758,223.0,1981.0
1759,223.0,1982.0
1760,223.0,1983.0
1761,225.0,1986.0
1762,225.0,1987.0
1763,225.0,1988.0
1764,225.0,1989.0
1765,225.0,1990.0
1766,225.0,1991.0
1767,225.0,1992.0
1768,225.0,1993.0
1769,225.0,1994.0
1770,225.0,1995.0
1771,225.0,1996.0
1772,225.0,1997.0
1773,225.0,1998.0
1774,225.0,1999.0
1775,225.0,2000.0
1776,225.0,2001.0
1777,227.0,2004.0
1778,227.0,2005.0
1779,227.0,2006.0
1780,227.0,2007.0
1781,227.0,2008.0
1782,227.0,2009.0
1783,227.0,2010.0
1784,227.0,2011.0
1785,227.0,2012.0
1786,227.0,2013.0
1787,227.0,2014.0
1788,227.0,2015.0
1789,227.0,2016.0
1790,227.0,2017.0
1791,227.0,2018.0
1792,227.0,2019.0
1793,229.0,2022.0
1794,229.0,2023.0
1795,229.0,2024.0
1796,229.0,2025.0
1797,229.0,2026.0
1798,229.0,2027.0
1799,229.0,2028.0
1800,229.0,2029.0
1801,229.0,2030.0
1802,229.0,2031.0
1803,229.0,2032.0
1804,229.0,2033.0
1805,229.0,2034.0
1806,229.0,2035.0
1807,229.0,2036.0
1808,229.0,2037.0
1809,231.0,2040.0
1810,231.0,2041.0
1811,231.0,2042.0
1812,231.0,2043.0
1813,231.0,2044.0
1814,231.0,2045.0
1815,231.0,2046.0
1816,231.0,2047.0
1817,231.0,2048.0
1818,231.0,2049.0
1819,231.0,2050.0
1820,231.0,2051.0
1821,231.0,2052.0
1822,231.0,2053.0
1823,231.0,2054.0
1824,231.0,2055.0
1825,233.0,2058.0
1826,233.0,2059.0
1827,233.0,2060.0
1828,233.0,2061.0
1829,233.0,2062.0
1830,233.0,2063.0
1831,233.0,2064.0
1832,233.0,2065.0
1833,233.0,2066.0
1834,233.0,2067.0
1835,233.0,2068.0
1836,233.0,2069.0
1837,233.0,2070.0
1838,233.0,2071.0
1839,233.0,2072.0
1840,233.0,2073.0
1841,235.0,2076.0
1842,235.0,2077.0
1843,235.0,2078.0
1844,235.0,2079.0
1845,235.0,2080.0
1846,235.0,2081.0
1847,235.0,2082.0
1848,235.0,2083.0
1849,235.0,2084.0
1850,235.0,2085.0
1851,235.0,2086.0
1852,235.0,2087.0
1853,235.0,2088.0
1854,235.0,2089.0
1855,235.0,2090.0
1856,235.0,2091.0
1857,237.0,2094.0
1858,237.0,2095.0
1859,237.0,2096.0
1860,237.0,2097.0
1861,237.0,2098.0
1862,237.0,2099.0
1863,237.0,2100.0
1864,237.0,2101.0
1865,237.0,2102.0
1866,237.0,2103.0
1867,237.0,2104.0
1868,237.0,2105.0
1869,237.0,2106.0
1870,237.0,2107.0
1871,237.0,2108.0
1872,237.0,2109.0
1873,239.0,2112.0
1874,239.0,2113.0
1875,239.0,2114.0
1876,239.0,2115.0
1877,239.0,2116.0
1878,239.0,2117.0
1879,239.0,2118.0
1880,239.0,2119.0
1881,239.0,2120.0
1882,239.0,2121.0
1883,239.0,2122.0
1884,239.0,2123.0
1885,239.0,2124.0
1886,239.0,2125.0
1887,239.0,2126.0
1888,239.0,2127.0
1889,241.0,2130.0
1890,241.0,2131.0
1891,241.0,2132.0
1892,241.0,2133.0
1893,241.0,2134.0
1894,241.0,2135.0
1895,241.0,2136.0
1896,241.0,2137.0
1897,241.0,2138.0
1898,241.0,2139.0
1899,241.0,2140.0
1900,241.0,2141.0
1901,241.0,2142.0
1902,241.0,2143.0
1903,241.0,2144.0
1904,241.0,2145.0
1905,243.0,2148.0
1906,243.0,2149.0
1907,243.0,2150.0
1908,243.0,2151.0
1909,243.0,2152.0
1910,243.0,2153.0
1911,243.0,2154.0
1912,243.0,2155.0
1913,243.0,2156.0
1914,243.0,2157.0
1915,243.0,2158.0
1916,243.0,2159.0
1917,243.0,2160.0
1918,243.0,2161.0
1919,243.0,2162.0
1920,243.0,2163.0
1921,245.0,2166.0
1922,245.0,2167.0
1923,245.0,2168.0
1924,245.0,2169.0
1925,245.0,2170.0
1926,245.0,2171.0
1927,245.0,2172.0
1928,245.0,2173.0
1929,245.0,2174.0
1930,245.0,2175.0
1931,245.0,2176.0
1932,245.0,2177.0
1933,245.0,2178.0
1934,245.0,2179.0
1935,245.0,2180.0
1936,245.0,2181.0
1937,247.0,2184.0
1938,247.0,2185.0
1939,247.0,2186.0
1940,247.0,2187.0
1941,247.0,2188.0
1942,247.0,2189.0
1943,247.0,2190.0
1944,247.0,2191.0
1945,247.0,2192.0
1946,247.0,2193.0
1947,247.0,2194.0
1948,247.0,2195.0
1949,247.0,2196.0
1950,247.0,2197.0
1951,247.0,2198.0
1952,247.0,2199.0
1953,249.0,2202.0
1954,249.0,2203.0
1955,249.0,2204.0
1956,249.0,2205.0
1957,249.0,2206.0
1958,249.0,2207.0
1959,249.0,2208.0
1960,249.0,2209.0
1961,249.0,2210.0
1962,249.0,2211.0
1963,249.0,2212.0
1964,249.0,2213.0
1965,249.0,2214.0
1966,249.0,2215.0
1967,249.0,2216.0
1968,249.0,2217.0
1969,251.0,2220.0
1970,251.0,2221.0
1971,251.0,2222.0
1972,251.0,2223.0
1973,251.0,2224.0
1974,251.0,2225.0
1975,251.0,2226.0
1976,251.0,2227.0
1977,251.0,2228.0
1978,251.0,2229.0
1979,251.0,2230.0
1980,251.0,2231.0
1981,251.0,2232.0
1982,251.0,2233.0
1983,251.0,2234.0
1984,251.0,2235.0
1985,253.0,2238.0
1986,253.0,2239.0
1987,253.0,2240.0
1988,253.0,2241.0
1989,253.0,2242.0
1990,253.0,2243.0
1991,253.0,2244.0
1992,253.0,2245.0
1993,253.0,2246.0
1994,253.0,2247.0
1995,253.0,2248.0
1996,253.0,2249.0
1997,253.0,2250.0
1998,253.0,2251.0
1999,253.0,2252.0
2000,253.0,2253.0
2001,255.0,2256.0
2002,255.0,2257.0
2003,255.0,2258.0
2004,255.0,2259.0
2005,255.0,2260.0
2006,255.0,2261.0
2007,255.0,2262.0
2008,255.0,2263.0
2009,255.0,2264.0
2010,255.0,2265.0
2011,255.0,2266.0
2012,255.0,2267.0
2013,255.0,2268.0
2014,255.0,2269.0
2015,255.0,2270.0
2016,255.0,2271.0
2017,257.0,2274.0
2018,257.0,2275.0
2019,257.0,2276.0
2020,257.0,2277.0
2021,257.0,2278.0
2022,257.0,2279.0
2023,257.0,2280.0
2024,257.0,2281.0
2025,257.0,2282.0
2026,257.0,2283.0
2027,257.0,2284.0
2028,257.0,2285.0
2029,257.0,2286.0
2030,257.0,2287.0
2031,257.0,2288.0
2032,257.0,2289.0
2033,259.0,2292.0
2034,259.0,2293.0
2035,259.0,2294.0
2036,259.0,2295.0
2037,259.0,2296.0
2038,259.0,2297.0
2039,259.0,2298.0
2040,259.0,2299.0
2041,259.0,2300.0
2042,259.0,2301.0
2043,259.0,2302.0
2044,259.0,2303.0
2045,259.0,2304.0
2046,259.0,2305.0
2047,259.0,2306.0
2048,259.0,2307.0
2049,261.0,2310.0
2050,261.0,2311.0
2051,261.0,2312.0
2052,261.0,2313.0
2053,261.0,2314.0
2054,261.0,2315.0
2055,261.0,2316.0
2056,261.0,2317.0
2057,261.0,2318.0
2058,261.0,2319.0
2059,261.0,2320.0
2060,261.0,2321.0
2061,261.0,2322.0
2062,261.0,2323.0
2063,261.0,2324.0
2064,261.0,2325.0
2065,263.0,2328.0
2066,263.0,2329.0
2067,263.0,2330.0
2068,263.0,2331.0
2069,263.0,2332.0
2070,263.0,2333.0
2071,263.0,2334.0
2072,263.0,2335.0
2073,263.0,2336.0
2074,263.0,2337.0
2075,263.0,2338.0
2076,263.0,2339.0
2077,263.0,2340.0
2078,263.0,2341.0
2079,263.0,2342.0
2080,263.0,2343.0
2081,265.0,2346.0
2082,265.0,2347.0
2083,265.0,2348.0
2084,265.0,2349.0
2085,265.0,2350.0
2086,265.0,2351.0
2087,265.0,2352.0
2088,265.0,2353.0
2089,265.0,2354.0
2090,265.0,2355.0
2091,265.0,2356.0
2092,265.0,2357.0
2093,265.0,2358.0
2094,265.0,2359.0
2095,265.0,2360.0
2096,265.0,2361.0
2097,267.0,2364.0
2098,267.0,2365.0
2099,267.0,2366.0
2100,267.0,2367.0
2101,267.0,2368.0
2102,267.0,2369.0
2103,267.0,2370.0
2104,267.0,2371.0
2105,267.0,2372.0
2106,267.0,2373.0
2107,267.0,2374.0
2108,267.0,2375.0
2109,267.0,2376.0
2110,267.0,2377.0
2111,267.0,2378.0
2112,267.0,2379.0
2113,269.0,2382.0
2114,269.0,2383.0
2115,269.0,2384.0
2116,269.0,2385.0
2117,269.0,2386.0
2118,269.0,2387.0
2119,269.0,2388.0
2120,269.0,2389.0
2121,269.0,2390.0
2122,269.0,2391.0
2123,269.0,2392.0
2124,269.0,2393.0
2125,269.0,2394.0
2126,269.0,2395.0
2127,269.0,2396.0
2128,269.0,2397.0
2129,271.0,2400.0
2130,271.0,2401.0
2131,271.0,2402.0
2132,271.0,2403.0
2133,271.0,2404.0
2134,271.0,2405.0
2135,271.0,2406.0
2136,271.0,2407.0
2137,271.0,2408.0
2138,271.0,2409.0
2139,271.0,2410.0
2140,271.0,2411.0
2141,271.0,2412.0
2142,271.0,2413.0
2143,271.0,2414.0
2144,271.0,2415.0
2145,273.0,2418.0
2146,273.0,2419.0
2147,273.0,2420.0
2148,273.0,2421.0
2149,273.0,2422.0
2150,273.0,2423.0
2151,273.0,2424.0
2152,273.0,2425.0
2153,273.0,2426.0
2154,273.0,2427.0
2155,273.0,2428.0
2156,273.0,2429.0
2157,273.0,2430.0
2158,273.0,2431.0
2159,273.0,2432.0
2160,273.0,2433.0
2161,275.0,2436.0
2162,275.0,2437.0
2163,275.0,2438.0
2164,275.0,2439.0
2165,275.0,2440.0
2166,275.0,2441.0
2167,275.0,2442.0
2168,275.0,2443.0
2169,275.0,2444.0
2170,275.0,2445.0
2171,275.0,2446.0
2172,275.0,2447.0
2173,275.0,2448.0
2174,275.0,2449.0
2175,275.0,2450.0
2176,275.0,2451.0
2177,277.0,2454.0
2178,277.0,2455.0
2179,277.0,2456.0
2180,277.0,2457.0
2181,277.0,2458.0
2182,277.0,2459.0
2183,277.0,2460.0
2184,277.0,2461.0
2185,277.0,2462.0
2186,277.0,2463.0
2187,277.0,2464.0
2188,277.0,2465.0
2189,277.0,2466.0
2190,277.0,2467.0
2191,277.0,2468.0
2192,277.0,2469.0
2193,279.0,2472.0
2194,279.0,2473.0
2195,279.0,2474.0
2196,279.0,2475.0
2197,279.0,2476.0
2198,279.0,2477.0
2199,279.0,2478.0
2200,279.0,2479.0
2201,279.0,2480.0
2202,279.0,2481.0
2203,279.0,2482.0
2204,279.0,2483.0
2205,279.0,2484.0
2206,279.0,2485.0
2207,279.0,2486.0
2208,279.0,2487.0
2209,281.0,2490.0
2210,281.0,2491.0
2211,281.0,2492.0
2212,281.0,2493.0
2213,281.0,2494.0
2214,281.0,2495.0
2215,281.0,2496.0
2216,281.0,2497.0
2217,281.0,2498.0
2218,281.0,2499.0
2219,281.0,2500.0
2220,281.0,2501.0
2221,281.0,2502.0
2222,281.0,2503.0
2223,281.0,2504.0
2224,281.0,2505.0
2225,283.0,2508.0
2226,283.0,2509.0
2227,283.0,2510.0
2228,283.0,2511.0
2229,283.0,2512.0
2230,283.0,2513.0
2231,283.0,2514.0
2232,283.0,2515.0
2233,283.0,2516.0
2234,283.0,2517.0
2235,283.0,2518.0
2236,283.0,2519.0
2237,283.0,2520.0
2238,283.0,2521.0
2239,283.0,2522.0
2240,283.0,2523.0
2241,285.0,2526.0
2242,285.0,2527.0
2243,285.0,2528.0
2244,285.0,2529.0
2245,285.0,2530.0
2246,285.0,2531.0
2247,285.0,2532.0
2248,285.0,2533.0
2249,285.0,2534.0
2250,285.0,2535.0
2251,285.0,2536.0
2252,285.0,2537.0
2253,285.0,2538.0
2254,285.0,2539.0
2255,285.0,2540.0
2256,285.0,2541.0
2257,287.0,2544.0
2258,287.0,2545.0
2259,287.0,2546.0
2260,287.0,2547.0
2261,287.0,2548.0
2262,287.0,2549.0
2263,287.0,2550.0
2264,287.0,2551.0
2265,287.0,2552.0
2266,287.0,2553.0
2267,287.0,2554.0
2268,287.0,2555.0
2269,287.0,2556.0
2270,287.0,2557.0
2271,287.0,2558.0
2272,287.0,2559.0
2273,289.0,2562.0
2274,289.0,2563.0
2275,289.0,2564.0
2276,289.0,2565.0
2277,289.0,2566.0
2278,289.0,2567.0
2279,289.0,2568.0
2280,289.0,2569.0
2281,289.0,2570.0
2282,289.0,2571.0
2283,289.0,2572.0
2284,289.0,2573.0
2285,289.0,2574.0
2286,289.0,2575.0
2287,289.0,2576.0
2288,289.0,2577.0
2289,291.0,2580.0
2290,291.0,2581.0
2291,291.0,2582.0
2292,291.0,2583.0
2293,291.0,2584.0
2294,291.0,2585.0
2295,291.0,2586.0
2296,291.0,2587.0
2297,291.0,2588.0
2298,291.0,2589.0
2299,291.0,2590.0
2300,291.0,2591.0
2301,291.0,2592.0
2302,291.0,2593.0
2303,291.0,2594.0
2304,291.0,2595.0
2305,293.0,2598.0
2306,293.0,2599.0
2307,293.0,2600.0
2308,293.0,2601.0
2309,293.0,2602.0
2310,293.0,2603.0
2311,293.0,2604.0
2312,293.0,2605.0
2313,293.0,2606.0
2314,293.0,2607.0
2315,293.0,2608.0
2316,293.0,2609.0
2317,293.0,2610.0
2318,293.0,2611.0
2319,293.0,2612.0
2320,293.0,2613.0
2321,295.0,2616.0
2322,295.0,2617.0
2323,295.0,2618.0
2324,295.0,2619.0
2325,295.0,2620.0
2326,295.0,2621.0
2327,295.0,2622.0
2328,295.0,2623.0
2329,295.0,2624.0
2330,295.0,2625.0
2331,295.0,2626.0
2332,295.0,2627.0
2333,295.0,2628.0
2334,295.0,2629.0
2335,295.0,2630.0
2336,295.0,2631.0
2337,297.0,2634.0
2338,297.0,2635.0
2339,297.0,2636.0
2340,297.0,2637.0
2341,297.0,2638.0
2342,297.0,2639.0
2343,297.0,2640.0
2344,297.0,2641.0
2345,297.0,2642.0
2346,297.0,2643.0
2347,297.0,2644.0
2348,297.0,2645.0
2349,297.0,2646.0
2350,297.0,2647.0
2351,297.0,2648.0
2352,297.0,2649.0
2353,299.0,2652.0
2354,299.0,2653.0
2355,299.0,2654.0
2356,299.0,2655.0
2357,299.0,2656.0
2358,299.0,2657.0
2359,299.0,2658.0
2360,299.0,2659.0
2361,299.0,2660.0
2362,299.0,2661.0
2363,299.0,2662.0
2364,299.0,2663.0
2365,299.0,2664.0
2366,299.0,2665.0
2367,299.0,2666.0
2368,299.0,2667.0
2369,301.0,2670.0
2370,301.0,2671.0
2371,301.0,2672.0
2372,301.0,2673.0
2373,301.0,2674.0
2374,301.0,2675.0
2375,301.0,2676.0
2376,301.0,2677.0
2377,301.0,2678.0
2378,301.0,2679.0
2379,301.0,2680.0
2380,301.0,2681.0
2381,301.0,2682.0
2382,301.0,2683.0
2383,301.0,2684.0
2384,301.0,2685.0
2385,303.0,2688.0
2386,303.0,2689.0
2387,303.0,2690.0
2388,303.0,2691.0
2389,303.0,2692.0
2390,303.0,2693.0
2391,303.0,2694.0
2392,303.0,2695.0
2393,303.0,2696.0
2394,303.0,2697.0
2395,303.0,2698.0
2396,303.0,2699.0
2397,303.0,2700.0
2398,303.0,2701.0
2399,303.0,2702.0
2400,303.0,2703.0
2401,305.0,2706.0
2402,305.0,2707.0
2403,305.0,2708.0
2404,305.0,2709.0
2405,305.0,2710.0
2406,305.0,2711.0
2407,305.0,2712.0
2408,305.0,2713.0
2409,305.0,2714.0
2410,305.0,2715.0
2411,305.0,2716.0
2412,305.0,2717.0
2413,305.0,2718.0
2414,305.0,2719.0
2415,305.0,2720.0
2416,305.0,2721.0
2417,307.0,2724.0
2418,307.0,2725.0
2419,307.0,2726.0
2420,307.0,2727.0
2421,307.0,2728.0
2422,307.0,2729.0
2423,307.0,2730.0
2424,307.0,2731.0
2425,307.0,2732.0
2426,307.0,2733.0
2427,307.0,2734.0
2428,307.0,2735.0
2429,307.0,2736.0
2430,307.0,2737.0
2431,307.0,2738.0
2432,307.0,2739.0
2433,309.0,2742.0
2434,309.0,2743.0
2435,309.0,2744.0
2436,309.0,2745.0
2437,309.0,2746.0
2438,309.0,2747.0
2439,309.0,2748.0
2440,309.0,2749.0
2441,309.0,2750.0
2442,309.0,2751.0
2443,309.0,2752.0
2444,309.0,2753.0
2445,309.0,2754.0
2446,309.0,2755.0
2447,309.0,2756.0
2448,309.0,2757.0
2449,311.0,2760.0
2450,311.0,2761.0
2451,311.0,2762.0
2452,311.0,2763.0
2453,311.0,2764.0
2454,311.0,2765.0
2455,311.0,2766.0
2456,311.0,2767.0
2457,311.0,2768.0
2458,311.0,2769.0
2459,311.0,2770.0
2460,311.0,2771.0
2461,311.0,2772.0
2462,311.0,2773.0
2463,311.0,2774.0
2464,311.0,2775.0
2465,313.0,2778.0
2466,313.0,2779.0
2467,313.0,2780.0
2468,313.0,2781.0
2469,313.0,2782.0
2470,313.0,2783.0
2471,313.0,2784.0
2472,313.0,2785.0
2473,313.0,2786.0
2474,313.0,2787.0
2475,313.0,2788.0
2476,313.0,2789.0
2477,313.0,2790.0
2478,313.0,2791.0
2479,313.0,2792.0
2480,313.0,2793.0
2481,315.0,2796.0
2482,315.0,2797.0
2483,315.0,2798.0
2484,315.0,2799.0
2485,315.0,2800.0
2486,315.0,2801.0
2487,315.0,2802.0
2488,315.0,2803.0
2489,315.0,2804.0
2490,315.0,2805.0
2491,315.0,2806.0
2492,315.0,2807.0
2493,315.0,2808.0
2494,315.0,2809.0
2495,315.0,2810.0
2496,315.0,2811.0
2497,317.0,2814.0
2498,317.0,2815.0
2499,317.0,2816.0
2500,317.0,2817.0
2501,317.0,2818.0
2502,317.0,2819.0
2503,317.0,2820.0
2504,317.0,2821.0
2505,317.0,2822.0
2506,317.0,2823.0
2507,317.0,2824.0
2508,317.0,2825.0
2509,317.0,2826.0
2510,317.0,2827.0
2511,317.0,2828.0
2512,317.0,2829.0
2513,319.0,2832.0
2514,319.0,2833.0
2515,319.0,2834.0
2516,319.0,2835.0
2517,319.0,2836.0
2518,319.0,2837.0
2519,319.0,2838.0
2520,319.0,2839.0
2521,319.0,2840.0
2522,319.0,2841.0
2523,319.0,2842.0
2524,319.0,2843.0
2525,319.0,2844.0
2526,319.0,2845.0
2527,319.0,2846.0
2528,319.0,2847.0
2529,321.0,2850.0
2530,321.0,2851.0
2531,321.0,2852.0
2532,321.0,2853.0
2533,321.0,2854.0
2534,321.0,2855.0
2535,321.0,2856.0
2536,321.0,2857.0
2537,321.0,2858.0
2538,321.0,2859.0
2539,321.0,2860.0
2540,321.0,2861.0
2541,321.0,2862.0
2542,321.0,2863.0
2543,321.0,2864.0
2544,321.0,2865.0
2545,323.0,2868.0
2546,323.0,2869.0
2547,323.0,2870.0
2548,323.0,2871.0
2549,323.0,2872.0
2550,323.0,2873.0
2551,323.0,2874.0
2552,323.0,2875.0
2553,323.0,2876.0
2554,323.0,2877.0
2555,323.0,2878.0
2556,323.0,2879.0
2557,323.0,2880.0
2558,323.0,2881.0
2559,323.0,2882.0
2560,323.0,2883.0
2561,325.0,2886.0
2562,325.0,2887.0
2563,325.0,2888.0
2564,325.0,2889.0
2565,325.0,2890.0
2566,325.0,2891.0
2567,325.0,2892.0
2568,325.0,2893.0
2569,325.0,2894.0
2570,325.0,2895.0
2571,325.0,2896.0
2572,325.0,2897.0
2573,325.0,2898.0
2574,325.0,2899.0
2575,325.0,2900.0
2576,325.0,2901.0
2577,327.0,2904.0
2578,327.0,2905.0
2579,327.0,2906.0
2580,327.0,2907.0
2581,327.0,2908.0
2582,327.0,2909.0
2583,327.0,2910.0
2584,327.0,2911.0
2585,327.0,2912.0
2586,327.0,2913.0
2587,327.0,2914.0
2588,327.0,2915.0
2589,327.0,2916.0
2590,327.0,2917.0
2591,327.0,2918.0
2592,327.0,2919.0
2593,329.0,2922.0
2594,329.0,2923.0
2595,329.0,2924.0
2596,329.0,2925.0
2597,329.0,2926.0
2598,329.0,2927.0
2599,329.0,2928.0
2600,329.0,2929.0
2601,329.0,2930.0
2602,329.0,2931.0
2603,329.0,2932.0
2604,329.0,2933.0
2605,329.0,2934.0
2606,329.0,2935.0
2607,329.0,2936.0
2608,329.0,2937.0
2609,331.0,2940.0
2610,331.0,2941.0
2611,331.0,2942.0
2612,331.0,2943.0
2613,331.0,2944.0
2614,331.0,2945.0
2615,331.0,2946.0
2616,331.0,2947.0
2617,331.0,2948.0
2618,331.0,2949.0
2619,331.0,2950.0
2620,331.0,2951.0
2621,331.0,2952.0
2622,331.0,2953.0
2623,331.0,2954.0
2624,331.0,2955.0
2625,333.0,2958.0
2626,333.0,2959.0
2627,333.0,2960.0
2628,333.0,2961.0
2629,333.0,2962.0
2630,333.0,2963.0
2631,333.0,2964.0
2632,333.0,2965.0
2633,333.0,2966.0
2634,333.0,2967.0
2635,333.0,2968.0
2636,333.0,2969.0
2637,333.0,2970.0
2638,333.0,2971.0
2639,333.0,2972.0
2640,333.0,2973.0
2641,335.0,2976.0
2642,335.0,2977.0
2643,335.0,2978.0
2644,335.0,2979.0
2645,335.0,2980.0
2646,335.0,2981.0
2647,335.0,2982.0
2648,335.0,2983.0
2649,335.0,2984.0
2650,335.0,2985.0
2651,335.0,2986.0
2652,335.0,2987.0
2653,335.0,2988.0
2654,335.0,2989.0
2655,335.0,2990.0
2656,335.0,2991.0
2657,337.0,2994.0
2658,337.0,2995.0
2659,337.0,2996.0
2660,337.0,2997.0
2661,337.0,2998.0
2662,337.0,2999.0
2663,337.0,3000.0
2664,337.0,3001.0
2665,337.0,3002.0
2666,337.0,3003.0
2667,337.0,3004.0
2668,337.0,3005.0
2669,337.0,3006.0
2670,337.0,3007.0
2671,337.0,3008.0
2672,337.0,3009.0
2673,339.0,3012.0
2674,339.0,3013.0
2675,339.0,3014.0
2676,339.0,3015.0
2677,339.0,3016.0
2678,339.0,3017.0
2679,339.0,3018.0
2680,339.0,3019.0
2681,339.0,3020.0
2682,339.0,3021.0
2683,339.0,3022.0
2684,339.0,3023.0
2685,339.0,3024.0
2686,339.0,3025.0
2687,339.0,3026.0
2688,339.0,3027.0
2689,341.0,3030.0
2690,341.0,3031.0
2691,341.0,3032.0
2692,341.0,3033.0
2693,341.0,3034.0
2694,341.0,3035.0
2695,341.0,3036.0
2696,341.0,3037.0
2697,341.0,3038.0
2698,341.0,3039.0
2699,341.0,3040.0
2700,341.0,3041.0
2701,341.0,3042.0
2702,341.0,3043.0
2703,341.0,3044.0
2704,341.0,3045.0
2705,343.0,3048.0
2706,343.0,3049.0
2707,343.0,3050.0
2708,343.0,3051.0
2709,343.0,3052.0
2710,343.0,3053.0
2711,343.0,3054.0
2712,343.0,3055.0
2713,343.0,3056.0
2714,343.0,3057.0
2715,343.0,3058.0
2716,343.0,3059.0
2717,343.0,3060.0
2718,343.0,3061.0
2719,343.0,3062.0
2720,343.0,3063.0
2721,345.0,3066.0
2722,345.0,3067.0
2723,345.0,3068.0
2724,345.0,3069.0
2725,345.0,3070.0
2726,345.0,3071.0
2727,345.0,3072.0
2728,345.0,3073.0
2729,345.0,3074.0
2730,345.0,3075.0
2731,345.0,3076.0
2732,345.0,3077.0
2733,345.0,3078.0
2734,345.0,3079.0
2735,345.0,3080.0
2736,345.0,3081.0
2737,347.0,3084.0
2738,347.0,3085.0
2739,347.0,3086.0
2740,347.0,3087.0
2741,347.0,3088.0
2742,347.0,3089.0
2743,347.0,3090.0
2744,347.0,3091.0
2745,347.0,3092.0
2746,347.0,3093.0
2747,347.0,3094.0
2748,347.0,3095.0
2749,347.0,3096.0
2750,347.0,3097.0
2751,347.0,3098.0
2752,347.0,3099.0
2753,349.0,3102.0
2754,349.0,3103.0
2755,349.0,3104.0
2756,349.0,3105.0
2757,349.0,3106.0
2758,349.0,3107.0
2759,349.0,3108.0
2760,349.0,3109.0
2761,349.0,3110.0
2762,349.0,3111.0
2763,349.0,3112.0
2764,349.0,3113.0
2765,349.0,3114.0
2766,349.0,3115.0
2767,349.0,3116.0
2768,349.0,3117.0
2769,351.0,3120.0
2770,351.0,3121.0
2771,351.0,3122.0
2772,351.0,3123.0
2773,351.0,3124.0
2774,351.0,3125.0
2775,351.0,3126.0
2776,351.0,3127.0
2777,351.0,3128.0
2778,351.0,3129.0
2779,351.0,3130.0
2780,351.0,3131.0
2781,351.0,3132.0
2782,351.0,3133.0
2783,351.0,3134.0
2784,351.0,3135.0
2785,353.0,3138.0
2786,353.0,3139.0
2787,353.0,3140.0
2788,353.0,3141.0
2789,353.0,3142.0
2790,353.0,3143.0
2791,353.0,3144.0
2792,353.0,3145.0
2793,353.0,3146.0
2794,353.0,3147.0
2795,353.0,3148.0
2796,353.0,3149.0
2797,353.0,3150.0
2798,353.0,3151.0
2799,353.0,3152.0
2800,353.0,3153.0
2801,355.0,3156.0
2802,355.0,3157.0
2803,355.0,3158.0
2804,355.0,3159.0
2805,355.0,3160.0
2806,355.0,3161.0
2807,355.0,3162.0
2808,355.0,3163.0
2809,355.0,3164.0
2810,355.0,3165.0
2811,355.0,3166.0
2812,355.0,3167.0
2813,355.0,3168.0
2814,355.0,3169.0
2815,355.0,3170.0
2816,355.0,3171.0
2817,357.0,3174.0
2818,357.0,3175.0
2819,357.0,3176.0
2820,357.0,3177.0
2821,357.0,3178.0
2822,357.0,3179.0
2823,357.0,3180.0
2824,357.0,3181.0
2825,357.0,3182.0
2826,357.0,3183.0
2827,357.0,3184.0
2828,357.0,3185.0
2829,357.0,3186.0
2830,357.0,3187.0
2831,357.0,3188.0
2832,357.0,3189.0
2833,359.0,3192.0
2834,359.0,3193.0
2835,359.0,3194.0
2836,359.0,3195.0
2837,359.0,3196.0
2838,359.0,3197.0
2839,359.0,3198.0
2840,359.0,3199.0
2841,359.0,3200.0
2842,359.0,3201.0
2843,359.0,3202.0
2844,359.0,3203.0
2845,359.0,3204.0
2846,359.0,3205.0
2847,359.0,3206.0
2848,359.0,3207.0
2849,361.0,3210.0
2850,361.0,3211.0
2851,361.0,3212.0
2852,361.0,3213.0
2853,361.0,3214.0
2854,361.0,3215.0
2855,361.0,3216.0
2856,361.0,3217.0
2857,361.0,3218.0
2858,361.0,3219.0
2859,361.0,3220.0
2860,361.0,3221.0
2861,361.0,3222.0
2862,361.0,3223.0
2863,361.0,3224.0
2864,361.0,3225.0
2865,363.0,3228.0
2866,363.0,3229.0
2867,363.0,3230.0
2868,363.0,3231.0
2869,363.0,3232.0
2870,363.0,3233.0
2871,363.0,3234.0
2872,363.0,3235.0
2873,363.0,3236.0
2874,363.0,3237.0
2875,363.0,3238.0
2876,363.0,3239.0
2877,363.0,3240.0
2878,363.0,3241.0
2879,363.0,3242.0
2880,363.0,3243.0
2881,365.0,3246.0
2882,365.0,3247.0
2883,365.0,3248.0
2884,365.0,3249.0
2885,365.0,3250.0
2886,365.0,3251.0
2887,365.0,3252.0
2888,365.0,3253.0
2889,365.0,3254.0
2890,365.0,3255.0
2891,365.0,3256.0
2892,365.0,3257.0
2893,365.0,3258.0
2894,365.0,3259.0
2895,365.0,3260.0
2896,365.0,3261.0
2897,367.0,3264.0
2898,367.0,3265.0
2899,367.0,3266.0
2900,367.0,3267.0
2901,367.0,3268.0
2902,367.0,3269.0
2903,367.0,3270.0
2904,367.0,3271.0
2905,367.0,3272.0
2906,367.0,3273.0
2907,367.0,3274.0
2908,367.0,3275.0
2909,367.0,3276.0
2910,367.0,3277.0
2911,367.0,3278.0
2912,367.0,3279.0
2913,369.0,3282.0
2914,369.0,3283.0
2915,369.0,3284.0
2916,369.0,3285.0
2917,369.0,3286.0
2918,369.0,3287.0
2919,369.0,3288.0
2920,369.0,3289.0
2921,369.0,3290.0
2922,369.0,3291.0
2923,369.0,3292.0
2924,369.0,3293.0
2925,369.0,3294.0
2926,369.0,3295.0
2927,369.0,3296.0
2928,369.0,3297.0
2929,371.0,3300.0
2930,371.0,3301.0
2931,371.0,3302.0
2932,371.0,3303.0
2933,371.0,3304.0
2934,371.0,3305.0
2935,371.0,3306.0
2936,371.0,3307.0
2937,371.0,3308.0
2938,371.0,3309.0
2939,371.0,3310.0
2940,371.0,3311.0
2941,371.0,3312.0
2942,371.0,3313.0
2943,371.0,3314.0
2944,371.0,3315.0
2945,373.0,3318.0
2946,373.0,3319.0
2947,373.0,3320.0
2948,373.0,3321.0
2949,373.0,3322.0
2950,373.0,3323.0
2951,373.0,3324.0
2952,373.0,3325.0
2953,373.0,3326.0
2954,373.0,3327.0
2955,373.0,3328.0
2956,373.0,3329.0
2957,373.0,3330.0
2958,373.0,3331.0
2959,373.0,3332.0
2960,373.0,3333.0
2961,375.0,3336.0
2962,375.0,3337.0
2963,375.0,3338.0
2964,375.0,3339.0
2965,375.0,3340.0
2966,375.0,3341.0
2967,375.0,3342.0
2968,375.0,3343.0
2969,375.0,3344.0
2970,375.0,3345.0
2971,375.0,3346.0
2972,375.0,3347.0
2973,375.0,3348.0
2974,375.0,3349.0
2975,375.0,3350.0
2976,375.0,3351.0
2977,377.0,3354.0
2978,377.0,3355.0
2979,377.0,3356.0
2980,377.0,3357.0
2981,377.0,3358.0
2982,377.0,3359.0
2983,377.0,3360.0
2984,377.0,3361.0
2985,377.0,3362.0
2986,377.0,3363.0
2987,377.0,3364.0
2988,377.0,3365.0
2989,377.0,3366.0
2990,377.0,3367.0
2991,377.0,3368.0
2992,377.0,3369.0
2993,379.0,3372.0
2994,379.0,3373.0
2995,379.0,3374.0
2996,379.0,3375.0
2997,379.0,3376.0
2998,379.0,3377.0
2999,379.0,3378.0
3000,379.0,3379.0
3001,379.0,3380.0
3002,379.0,3381.0
3003,379.0,3382.0
3004,379.0,3383.0
3005,379.0,3384.0
3006,379.0,3385.0
3007,379.0,3386.0
3008,379.0,3387.0
3009,381.0,3390.0
3010,381.0,3391.0
3011,381.0,3392.0
3012,381.0,3393.0
3013,381.0,3394.0
3014,381.0,3395.0
3015,381.0,3396.0
3016,381.0,3397.0
3017,381.0,3398.0
3018,381.0,3399.0
3019,381.0,3400.0
3020,381.0,3401.0
3021,381.0,3402.0
3022,381.0,3403.0
3023,381.0,3404.0
3024,381.0,3405.0
3025,383.0,3408.0
3026,383.0,3409.0
3027,383.0,3410.0
3028,383.0,3411.0
3029,383.0,3412.0
3030,383.0,3413.0
3031,383.0,3414.0
3032,383.0,3415.0
3033,383.0,3416.0
3034,383.0,3417.0
3035,383.0,3418.0
3036,383.0,3419.0
3037,383.0,3420.0
3038,383.0,3421.0
3039,383.0,3422.0
3040,383.0,3423.0
3041,385.0,3426.0
3042,385.0,3427.0
3043,385.0,3428.0
3044,385.0,3429.0
3045,385.0,3430.0
3046,385.0,3431.0
3047,385.0,3432.0
3048,385.0,3433.0
3049,385.0,3434.0
3050,385.0,3435.0
3051,385.0,3436.0
3052,385.0,3437.0
3053,385.0,3438.0
3054,385.0,3439.0
3055,385.0,3440.0
3056,385.0,3441.0
3057,387.0,3444.0
3058,387.0,3445.0
3059,387.0,3446.0
3060,387.0,3447.0
3061,387.0,3448.0
3062,387.0,3449.0
3063,387.0,3450.0
3064,387.0,3451.0
3065,387.0,3452.0
3066,387.0,3453.0
3067,387.0,3454.0
3068,387.0,3455.0
3069,387.0,3456.0
3070,387.0,3457.0
3071,387.0,3458.0
3072,387.0,3459.0
3073,389.0,3462.0
3074,389.0,3463.0
3075,389.0,3464.0
3076,389.0,3465.0
3077,389.0,3466.0
3078,389.0,3467.0
3079,389.0,3468.0
3080,389.0,3469.0
3081,389.0,3470.0
3082,389.0,3471.0
3083,389.0,3472.0
3084,389.0,3473.0
3085,389.0,3474.0
3086,389.0,3475.0
3087,389.0,3476.0
3088,389.0,3477.0
3089,391.0,3480.0
3090,391.0,3481.0
3091,391.0,3482.0
3092,391.0,3483.0
3093,391.0,3484.0
3094,391.0,3485.0
3095,391.0,3486.0
3096,391.0,3487.0
3097,391.0,3488.0
3098,391.0,3489.0
3099,391.0,3490.0
3100,391.0,3491.0
3101,391.0,3492.0
3102,391.0,3493.0
3103,391.0,3494.0
3104,391.0,3495.0
3105,393.0,3498.0
3106,393.0,3499.0
3107,393.0,3500.0
3108,393.0,3501.0
3109,393.0,3502.0
3110,393.0,3503.0
3111,393.0,3504.0
3112,393.0,3505.0
3113,393.0,3506.0
3114,393.0,3507.0
3115,393.0,3508.0
3116,393.0,3509.0
3117,393.0,3510.0
3118,393.0,3511.0
3119,393.0,3512.0
3120,393.0,3513.0
3121,395.0,3516.0
3122,395.0,3517.0
3123,395.0,3518.0
3124,395.0,3519.0
3125,395.0,3520.0
3126,395.0,3521.0
3127,395.0,3522.0
3128,395.0,3523.0
3129,395.0,3524.0
3130,395.0,3525.0
3131,395.0,3526.0
3132,395.0,3527.0
3133,395.0,3528.0
3134,395.0,3529.0
3135,395.0,3530.0
3136,395.0,3531.0
3137,397.0,3534.0
3138,397.0,3535.0
3139,397.0,3536.0
3140,397.0,3537.0
3141,397.0,3538.0
3142,397.0,3539.0
3143,397.0,3540.0
3144,397.0,3541.0
3145,397.0,3542.0
3146,397.0,3543.0
3147,397.0,3544.0
3148,397.0,3545.0
3149,397.0,3546.0
3150,397.0,3547.0
3151,397.0,3548.0
3152,397.0,3549.0
3153,399.0,3552.0
3154,399.0,3553.0
3155,399.0,3554.0
3156,399.0,3555.0
3157,399.0,3556.0
3158,399.0,3557.0
3159,399.0,3558.0
3160,399.0,3559.0
3161,399.0,3560.0
3162,399.0,3561.0
3163,399.0,3562.0
3164,399.0,3563.0
3165,399.0,3564.0
3166,399.0,3565.0
3167,399.0,3566.0
3168,399.0,3567.0
3169,401.0,3570.0
3170,401.0,3571.0
3171,401.0,3572.0
3172,401.0,3573.0
3173,401.0,3574.0
3174,401.0,3575.0
3175,401.0,3576.0
3176,401.0,3577.0
3177,401.0,3578.0
3178,401.0,3579.0
3179,401.0,3580.0
3180,401.0,3581.0
3181,401.0,3582.0
3182,401.0,3583.0
3183,401.0,3584.0
3184,401.0,3585.0
3185,403.0,3588.0
3186,403.0,3589.0
3187,403.0,3590.0
3188,403.0,3591.0
3189,403.0,3592.0
3190,403.0,3593.0
3191,403.0,3594.0
3192,403.0,3595.0
3193,403.0,3596.0
3194,403.0,3597.0
3195,403.0,3598.0
3196,403.0,3599.0
3197,403.0,3600.0
3198,403.0,3601.0
3199,403.0,3602.0
3200,403.0,3603.0
3201,405.0,3606.0
3202,405.0,3607.0
3203,405.0,3608.0
3204,405.0,3609.0
3205,405.0,3610.0
3206,405.0,3611.0
3207,405.0,3612.0
3208,405.0,3613.0
3209,405.0,3614.0
3210,405.0,3615.0
3211,405.0,3616.0
3212,405.0,3617.0
3213,405.0,3618.0
3214,405.0,3619.0
3215,405.0,3620.0
3216,405.0,3621.0
3217,407.0,3624.0
3218,407.0,3625.0
3219,407.0,3626.0
3220,407.0,3627.0
3221,407.0,3628.0
3222,407.0,3629.0
3223,407.0,3630.0
3224,407.0,3631.0
3225,407.0,3632.0
3226,407.0,3633.0
3227,407.0,3634.0
3228,407.0,3635.0
3229,407.0,3636.0
3230,407.0,3637.0
3231,407.0,3638.0
3232,407.0,3639.0
3233,409.0,3642.0
3234,409.0,3643.0
3235,409.0,3644.0
3236,409.0,3645.0
3237,409.0,3646.0
3238,409.0,3647.0
3239,409.0,3648.0
3240,409.0,3649.0
3241,409.0,3650.0
3242,409.0,3651.0
3243,409.0,3652.0
3244,409.0,3653.0
3245,409.0,3654.0
3246,409.0,3655.0
3247,409.0,3656.0
3248,409.0,3657.0
3249,411.0,3660.0
3250,411.0,3661.0
3251,411.0,3662.0
3252,411.0,3663.0
3253,411.0,3664.0
3254,411.0,3665.0
3255,411.0,3666.0
3256,411.0,3667.0
3257,411.0,3668.0
3258,411.0,3669.0
3259,411.0,3670.0
3260,411.0,3671.0
3261,411.0,3672.0
3262,411.0,3673.0
3263,411.0,3674.0
3264,411.0,3675.0
3265,413.0,3678.0
3266,413.0,3679.0
3267,413.0,3680.0
3268,413.0,3681.0
3269,413.0,3682.0
3270,413.0,3683.0
3271,413.0,3684.0
3272,413.0,3685.0
3273,413.0,3686.0
3274,413.0,3687.0
3275,413.0,3688.0
3276,413.0,3689.0
3277,413.0,3690.0
3278,413.0,3691.0
3279,413.0,3692.0
3280,413.0,3693.0
3281,415.0,3696.0
3282,415.0,3697.0
3283,415.0,3698.0
3284,415.0,3699.0
3285,415.0,3700.0
3286,415.0,3701.0
3287,415.0,3702.0
3288,415.0,3703.0
3289,415.0,3704.0
3290,415.0,3705.0
3291,415.0,3706.0
3292,415.0,3707.0
3293,415.0,3708.0
3294,415.0,3709.0
3295,415.0,3710.0
3296,415.0,3711.0
3297,417.0,3714.0
3298,417.0,3715.0
3299,417.0,3716.0
3300,417.0,3717.0
3301,417.0,3718.0
3302,417.0,3719.0
3303,417.0,3720.0
3304,417.0,3721.0
3305,417.0,3722.0
3306,417.0,3723.0
3307,417.0,3724.0
3308,417.0,3725.0
3309,417.0,3726.0
3310,417.0,3727.0
3311,417.0,3728.0
3312,417.0,3729.0
3313,419.0,3732.0
3314,419.0,3733.0
3315,419.0,3734.0
3316,419.0,3735.0
3317,419.0,3736.0
3318,419.0,3737.0
3319,419.0,3738.0
3320,419.0,3739.0
3321,419.0,3740.0
3322,419.0,3741.0
3323,419.0,3742.0
3324,419.0,3743.0
3325,419.0,3744.0
3326,419.0,3745.0
3327,419.0,3746.0
3328,419.0,3747.0
3329,421.0,3750.0
3330,421.0,3751.0
3331,421.0,3752.0
3332,421.0,3753.0
3333,421.0,3754.0
3334,421.0,3755.0
3335,421.0,3756.0
3336,421.0,3757.0
3337,421.0,3758.0
3338,421.0,3759.0
3339,421.0,3760.0
3340,421.0,3761.0
3341,421.0,3762.0
3342,421.0,3763.0
3343,421.0,3764.0
3344,421.0,3765.0
3345,423.0,3768.0
3346,423.0,3769.0
3347,423.0,3770.0
3348,423.0,3771.0
3349,423.0,3772.0
3350,423.0,3773.0
3351,423.0,3774.0
3352,423.0,3775.0
3353,423.0,3776.0
3354,423.0,3777.0
3355,423.0,3778.0
3356,423.0,3779.0
3357,423.0,3780.0
3358,423.0,3781.0
3359,423.0,3782.0
3360,423.0,3783.0
3361,425.0,3786.0
3362,425.0,3787.0
3363,425.0,3788.0
3364,425.0,3789.0
3365,425.0,3790.0
3366,425.0,3791.0
3367,425.0,3792.0
3368,425.0,3793.0
3369,425.0,3794.0
3370,425.0,3795.0
3371,425.0,3796.0
3372,425.0,3797.0
3373,425.0,3798.0
3374,425.0,3799.0
3375,425.0,3800.0
3376,425.0,3801.0
3377,427.0,3804.0
3378,427.0,3805.0
3379,427.0,3806.0
3380,427.0,3807.0
3381,427.0,3808.0
3382,427.0,3809.0
3383,427.0,3810.0
3384,427.0,3811.0
3385,427.0,3812.0
3386,427.0,3813.0
3387,427.0,3814.0
3388,427.0,3815.0
3389,427.0,3816.0
3390,427.0,3817.0
3391,427.0,3818.0
3392,427.0,3819.0
3393,429.0,3822.0
3394,429.0,3823.0
3395,429.0,3824.0
3396,429.0,3825.0
3397,429.0,3826.0
3398,429.0,3827.0
3399,429.0,3828.0
3400,429.0,3829.0
3401,429.0,3830.0
3402,429.0,3831.0
3403,429.0,3832.0
3404,429.0,3833.0
3405,429.0,3834.0
3406,429.0,3835.0
3407,429.0,3836.0
3408,429.0,3837.0
3409,431.0,3840.0
3410,431.0,3841.0
3411,431.0,3842.0
3412,431.0,3843.0
3413,431.0,3844.0
3414,431.0,3845.0
3415,431.0,3846.0
3416,431.0,3847.0
3417,431.0,3848.0
3418,431.0,3849.0
3419,431.0,3850.0
3420,431.0,3851.0
3421,431.0,3852.0
3422,431.0,3853.0
3423,431.0,3854.0
3424,431.0,3855.0
3425,433.0,3858.0
3426,433.0,3859.0
3427,433.0,3860.0
3428,433.0,3861.0
3429,433.0,3862.0
3430,433.0,3863.0
3431,433.0,3864.0
3432,433.0,3865.0
3433,433.0,3866.0
3434,433.0,3867.0
3435,433.0,3868.0
3436,433.0,3869.0
3437,433.0,3870.0
3438,433.0,3871.0
3439,433.0,3872.0
3440,433.0,3873.0
3441,435.0,3876.0
3442,435.0,3877.0
3443,435.0,3878.0
3444,435.0,3879.0
3445,435.0,3880.0
3446,435.0,3881.0
3447,435.0,3882.0
3448,435.0,3883.0
3449,435.0,3884.0
3450,435.0,3885.0
3451,435.0,3886.0
3452,435.0,3887.0
3453,435.0,3888.0
3454,435.0,3889.0
3455,435.0,3890.0
3456,435.0,3891.0
3457,437.0,3894.0
3458,437.0,3895.0
3459,437.0,3896.0
3460,437.0,3897.0
3461,437.0,3898.0
3462,437.0,3899.0
3463,437.0,3900.0
3464,437.0,3901.0
3465,437.0,3902.0
3466,437.0,3903.0
3467,437.0,3904.0
3468,437.0,3905.0
3469,437.0,3906.0
3470,437.0,3907.0
3471,437.0,3908.0
3472,437.0,3909.0
3473,439.0,3912.0
3474,439.0,3913.0
3475,439.0,3914.0
3476,439.0,3915.0
3477,439.0,3916.0
3478,439.0,3917.0
3479,439.0,3918.0
3480,439.0,3919.0
3481,439.0,3920.0
3482,439.0,3921.0
3483,439.0,3922.0
3484,439.0,3923.0
3485,439.0,3924.0
3486,439.0,3925.0
3487,439.0,3926.0
3488,439.0,3927.0
3489,441.0,3930.0
3490,441.0,3931.0
3491,441.0,3932.0
3492,441.0,3933.0
3493,441.0,3934.0
3494,441.0,3935.0
3495,441.0,3936.0
3496,441.0,3937.0
3497,441.0,3938.0
3498,441.0,3939.0
3499,441.0,3940.0
3500,441.0,3941.0
3501,441.0,3942.0
3502,441.0,3943.0
3503,441.0,3944.0
3504,441.0,3945.0
3505,443.0,3948.0
3506,443.0,3949.0
3507,443.0,3950.0
3508,443.0,3951.0
3509,443.0,3952.0
3510,443.0,3953.0
3511,443.0,3954.0
3512,443.0,3955.0
3513,443.0,3956.0
3514,443.0,3957.0
3515,443.0,3958.0
3516,443.0,3959.0
3517,443.0,3960.0
3518,443.0,3961.0
3519,443.0,3962.0
3520,443.0,3963.0
3521,445.0,3966.0
3522,445.0,3967.0
3523,445.0,3968.0
3524,445.0,3969.0
3525,445.0,3970.0
3526,445.0,3971.0
3527,445.0,3972.0
3528,445.0,3973.0
3529,445.0,3974.0
3530,445.0,3975.0
3531,445.0,3976.0
3532,445.0,3977.0
3533,445.0,3978.0
3534,445.0,3979.0
3535,445.0,3980.0
3536,445.0,3981.0
3537,447.0,3984.0
3538,447.0,3985.0
3539,447.0,3986.0
3540,447.0,3987.0
3541,447.0,3988.0
3542,447.0,3989.0
3543,447.0,3990.0
3544,447.0,3991.0
3545,447.0,3992.0
3546,447.0,3993.0
3547,447.0,3994.0
3548,447.0,3995.0
3549,447.0,3996.0
3550,447.0,3997.0
3551,447.0,3998.0
3552,447.0,3999.0
3553,449.0,4002.0
3554,449.0,4003.0
3555,449.0,4004.0
3556,449.0,4005.0
3557,449.0,4006.0
3558,449.0,4007.0
3559,449.0,4008.0
3560,449.0,4009.0
3561,449.0,4010.0
3562,449.0,4011.0
3563,449.0,4012.0
3564,449.0,4013.0
3565,449.0,4014.0
3566,449.0,4015.0
3567,449.0,4016.0
3568,449.0,4017.0
3569,451.0,4020.0
3570,451.0,4021.0
3571,451.0,4022.0
3572,451.0,4023.0
3573,451.0,4024.0
3574,451.0,4025.0
3575,451.0,4026.0
3576,451.0,4027.0
3577,451.0,4028.0
3578,451.0,4029.0
3579,451.0,4030.0
3580,451.0,4031.0
3581,451.0,4032.0
3582,451.0,4033.0
3583,451.0,4034.0
3584,451.0,4035.0
3585,453.0,4038.0
3586,453.0,4039.0
3587,453.0,4040.0
3588,453.0,4041.0
3589,453.0,4042.0
3590,453.0,4043.0
3591,453.0,4044.0
3592,453.0,4045.0
3593,453.0,4046.0
3594,453.0,4047.0
3595,453.0,4048.0
3596,453.0,4049.0
3597,453.0,4050.0
3598,453.0,4051.0
3599,453.0,4052.0
3600,453.0,4053.0
3601,455.0,4056.0
3602,455.0,4057.0
3603,455.0,4058.0
3604,455.0,4059.0
3605,455.0,4060.0
3606,455.0,4061.0
3607,455.0,4062.0
3608,455.0,4063.0
3609,455.0,4064.0
3610,455.0,4065.0
3611,455.0,4066.0
3612,455.0,4067.0
3613,455.0,4068.0
3614,455.0,4069.0
3615,455.0,4070.0
3616,455.0,4071.0
3617,457.0,4074.0
3618,457.0,4075.0
3619,457.0,4076.0
3620,457.0,4077.0
3621,457.0,4078.0
3622,457.0,4079.0
3623,457.0,4080.0
3624,457.0,4081.0
3625,457.0,4082.0
3626,457.0,4083.0
3627,457.0,4084.0
3628,457.0,4085.0
3629,457.0,4086.0
3630,457.0,4087.0
3631,457.0,4088.0
3632,457.0,4089.0
3633,459.0,4092.0
3634,459.0,4093.0
3635,459.0,4094.0
3636,459.0,4095.0
3637,459.0,4096.0
3638,459.0,4097.0
3639,459.0,4098.0
3640,459.0,4099.0
3641,459.0,4100.0
3642,459.0,4101.0
3643,459.0,4102.0
3644,459.0,4103.0
3645,459.0,4104.0
3646,459.0,4105.0
3647,459.0,4106.0
3648,459.0,4107.0
3649,461.0,4110.0
3650,461.0,4111.0
3651,461.0,4112.0
3652,461.0,4113.0
3653,461.0,4114.0
3654,461.0,4115.0
3655,461.0,4116.0
3656,461.0,4117.0
3657,461.0,4118.0
3658,461.0,4119.0
3659,461.0,4120.0
3660,461.0,4121.0
3661,461.0,4122.0
3662,461.0,4123.0
3663,461.0,4124.0
3664,461.0,4125.0
3665,463.0,4128.0
3666,463.0,4129.0
3667,463.0,4130.0
3668,463.0,4131.0
3669,463.0,4132.0
3670,463.0,4133.0
3671,463.0,4134.0
3672,463.0,4135.0
3673,463.0,4136.0
3674,463.0,4137.0
3675,463.0,4138.0
3676,463.0,4139.0
3677,463.0,4140.0
3678,463.0,4141.0
3679,463.0,4142.0
3680,463.0,4143.0
3681,465.0,4146.0
3682,465.0,4147.0
3683,465.0,4148.0
3684,465.0,4149.0
3685,465.0,4150.0
3686,465.0,4151.0
3687,465.0,4152.0
3688,465.0,4153.0
3689,465.0,4154.0
3690,465.0,4155.0
3691,465.0,4156.0
3692,465.0,4157.0
3693,465.0,4158.0
3694,465.0,4159.0
3695,465.0,4160.0
3696,465.0,4161.0
3697,467.0,4164.0
3698,467.0,4165.0
3699,467.0,4166.0
3700,467.0,4167.0
3701,467.0,4168.0
3702,467.0,4169.0
3703,467.0,4170.0
3704,467.0,4171.0
3705,467.0,4172.0
3706,467.0,4173.0
3707,467.0,4174.0
3708,467.0,4175.0
3709,467.0,4176.0
3710,467.0,4177.0
3711,467.0,4178.0
3712,467.0,4179.0
3713,469.0,4182.0
3714,469.0,4183.0
3715,469.0,4184.0
3716,469.0,4185.0
3717,469.0,4186.0
3718,469.0,4187.0
3719,469.0,4188.0
3720,469.0,4189.0
3721,469.0,4190.0
3722,469.0,4191.0
3723,469.0,4192.0
3724,469.0,4193.0
3725,469.0,4194.0
3726,469.0,4195.0
3727,469.0,4196.0
3728,469.0,4197.0
3729,471.0,4200.0
3730,471.0,4201.0
3731,471.0,4202.0
3732,471.0,4203.0
3733,471.0,4204.0
3734,471.0,4205.0
3735,471.0,4206.0
3736,471.0,4207.0
3737,471.0,4208.0
3738,471.0,4209.0
3739,471.0,4210.0
3740,471.0,4211.0
3741,471.0,4212.0
3742,471.0,4213.0
3743,471.0,4214.0
3744,471.0,4215.0
3745,473.0,4218.0
3746,473.0,4219.0
3747,473.0,4220.0
3748,473.0,4221.0
3749,473.0,4222.0
3750,473.0,4223.0
3751,473.0,4224.0
3752,473.0,4225.0
3753,473.0,4226.0
3754,473.0,4227.0
3755,473.0,4228.0
3756,473.0,4229.0
3757,473.0,4230.0
3758,473.0,4231.0
3759,473.0,4232.0
3760,473.0,4233.0
3761,475.0,4236.0
3762,475.0,4237.0
3763,475.0,4238.0
3764,475.0,4239.0
3765,475.0,4240.0
3766,475.0,4241.0
3767,475.0,4242.0
3768,475.0,4243.0
3769,475.0,4244.0
3770,475.0,4245.0
3771,475.0,4246.0
3772,475.0,4247.0
3773,475.0,4248.0
3774,475.0,4249.0
3775,475.0,4250.0
3776,475.0,4251.0
3777,477.0,4254.0
3778,477.0,4255.0
3779,477.0,4256.0
3780,477.0,4257.0
3781,477.0,4258.0
3782,477.0,4259.0
3783,477.0,4260.0
3784,477.0,4261.0
3785,477.0,4262.0
3786,477.0,4263.0
3787,477.0,4264.0
3788,477.0,4265.0
3789,477.0,4266.0
3790,477.0,4267.0
3791,477.0,4268.0
3792,477.0,4269.0
3793,479.0,4272.0
3794,479.0,4273.0
3795,479.0,4274.0
3796,479.0,4275.0
3797,479.0,4276.0
3798,479.0,4277.0
3799,479.0,4278.0
3800,479.0,4279.0
3801,479.0,4280.0
3802,479.0,4281.0
3803,479.0,4282.0
3804,479.0,4283.0
3805,479.0,4284.0
3806,479.0,4285.0
3807,479.0,4286.0
3808,479.0,4287.0
3809,481.0,4290.0
3810,481.0,4291.0
3811,481.0,4292.0
3812,481.0,4293.0
3813,481.0,4294.0
3814,481.0,4295.0
3815,481.0,4296.0
3816,481.0,4297.0
3817,481.0,4298.0
3818,481.0,4299.0
3819,481.0,4300.0
3820,481.0,4301.0
3821,481.0,4302.0
3822,481.0,4303.0
3823,481.0,4304.0
3824,481.0,4305.0
3825,483.0,4308.0
3826,483.0,4309.0
3827,483.0,4310.0
3828,483.0,4311.0
3829,483.0,4312.0
3830,483.0,4313.0
3831,483.0,4314.0
3832,483.0,4315.0
3833,483.0,4316.0
3834,483.0,4317.0
3835,483.0,4318.0
3836,483.0,4319.0
3837,483.0,4320.0
3838,483.0,4321.0
3839,483.0,4322.0
3840,483.0,4323.0
3841,485.0,4326.0
3842,485.0,4327.0
3843,485.0,4328.0
3844,485.0,4329.0
3845,485.0,4330.0
3846,485.0,4331.0
3847,485.0,4332.0
3848,485.0,4333.0
3849,485.0,4334.0
3850,485.0,4335.0
3851,485.0,4336.0
3852,485.0,4337.0
3853,485.0,4338.0
3854,485.0,4339.0
3855,485.0,4340.0
3856,485.0,4341.0
3857,487.0,4344.0
3858,487.0,4345.0
3859,487.0,4346.0
3860,487.0,4347.0
3861,487.0,4348.0
3862,487.0,4349.0
3863,487.0,4350.0
3864,487.0,4351.0
3865,487.0,4352.0
3866,487.0,4353.0
3867,487.0,4354.0
3868,487.0,4355.0
3869,487.0,4356.0
3870,487.0,4357.0
3871,487.0,4358.0
3872,487.0,4359.0
3873,489.0,4362.0
3874,489.0,4363.0
3875,489.0,4364.0
3876,489.0,4365.0
3877,489.0,4366.0
3878,489.0,4367.0
3879,489.0,4368.0
3880,489.0,4369.0
3881,489.0,4370.0
3882,489.0,4371.0
3883,489.0,4372.0
3884,489.0,4373.0
3885,489.0,4374.0
3886,489.0,4375.0
3887,489.0,4376.0
3888,489.0,4377.0
3889,491.0,4380.0
3890,491.0,4381.0
3891,491.0,4382.0
3892,491.0,4383.0
3893,491.0,4384.0
3894,491.0,4385.0
3895,491.0,4386.0
3896,491.0,4387.0
3897,491.0,4388.0
3898,491.0,4389.0
3899,491.0,4390.0
3900,491.0,4391.0
3901,491.0,4392.0
3902,491.0,4393.0
3903,491.0,4394.0
3904,491.0,4395.0
3905,493.0,4398.0
3906,493.0,4399.0
3907,493.0,4400.0
3908,493.0,4401.0
3909,493.0,4402.0
3910,493.0,4403.0
3911,493.0,4404.0
3912,493.0,4405.0
3913,493.0,4406.0
3914,493.0,4407.0
3915,493.0,4408.0
3916,493.0,4409.0
3917,493.0,4410.0
3918,493.0,4411.0
3919,493.0,4412.0
3920,493.0,4413.0
3921,495.0,4416.0
3922,495.0,4417.0
3923,495.0,4418.0
3924,495.0,4419.0
3925,495.0,4420.0
3926,495.0,4421.0
3927,495.0,4422.0
3928,495.0,4423.0
3929,495.0,4424.0
3930,495.0,4425.0
3931,495.0,4426.0
3932,495.0,4427.0
3933,495.0,4428.0
3934,495.0,4429.0
3935,495.0,4430.0
3936,495.0,4431.0
3937,497.0,4434.0
3938,497.0,4435.0
3939,497.0,4436.0
3940,497.0,4437.0
3941,497.0,4438.0
3942,497.0,4439.0
3943,497.0,4440.0
3944,497.0,4441.0
3945,497.0,4442.0
3946,497.0,4443.0
3947,497.0,4444.0
3948,497.0,4445.0
3949,497.0,4446.0
3950,497.0,4447.0
3951,497.0,4448.0
3952,497.0,4449.0
3953,499.0,4452.0
3954,499.0,4453.0
3955,499.0,4454.0
3956,499.0,4455.0
3957,499.0,4456.0
3958,499.0,4457.0
3959,499.0,4458.0
3960,499.0,4459.0
3961,499.0,4460.0
3962,499.0,4461.0
3963,499.0,4462.0
3964,499.0,4463.0
3965,499.0,4464.0
3966,499.0,4465.0
3967,499.0,4466.0
3968,499.0,4467.0
3969,501.0,4470.0
3970,501.0,4471.0
3971,501.0,4472.0
3972,501.0,4473.0
3973,501.0,4474.0
3974,501.0,4475.0
3975,501.0,4476.0
3976,501.0,4477.0
3977,501.0,4478.0
3978,501.0,4479.0
3979,501.0,4480.0
3980,501.0,4481.0
3981,501.0,4482.0
3982,501.0,4483.0
3983,501.0,4484.0
3984,501.0,4485.0
3985,503.0,4488.0
3986,503.0,4489.0
3987,503.0,4490.0
3988,503.0,4491.0
3989,503.0,4492.0
3990,503.0,4493.0
3991,503.0,4494.0
3992,503.0,4495.0
3993,503.0,4496.0
3994,503.0,4497.0
3995,503.0,4498.0
3996,503.0,4499.0
3997,503.0,4500.0
3998,503.0,4501.0
3999,503.0,4502.0
4000,503.0,4503.0
4001,505.0,4506.0
4002,505.0,4507.0
4003,505.0,4508.0
4004,505.0,4509.0
4005,505.0,4510.0
4006,505.0,4511.0
4007,505.0,4512.0
4008,505.0,4513.0
4009,505.0,4514.0
4010,505.0,4515.0
4011,505.0,4516.0
4012,505.0,4517.0
4013,505.0,4518.0
4014,505.0,4519.0
4015,505.0,4520.0
4016,505.0,4521.0
4017,507.0,4524.0
4018,507.0,4525.0
4019,507.0,4526.0
4020,507.0,4527.0
4021,507.0,4528.0
4022,507.0,4529.0
4023,507.0,4530.0
4024,507.0,4531.0
4025,507.0,4532.0
4026,507.0,4533.0
4027,507.0,4534.0
4028,507.0,4535.0
4029,507.0,4536.0
4030,507.0,4537.0
4031,507.0,4538.0
4032,507.0,4539.0
4033,509.0,4542.0
4034,509.0,4543.0
4035,509.0,4544.0
4036,509.0,4545.0
4037,509.0,4546.0
4038,509.0,4547.0
4039,509.0,4548.0
4040,509.0,4549.0
4041,509.0,4550.0
4042,509.0,4551.0
4043,509.0,4552.0
4044,509.0,4553.0
4045,509.0,4554.0
4046,509.0,4555.0
4047,509.0,4556.0
4048,509.0,4557.0
4049,511.0,4560.0
4050,511.0,4561.0
4051,511.0,4562.0
4052,511.0,4563.0
4053,511.0,4564.0
4054,511.0,4565.0
4055,511.0,4566.0
4056,511.0,4567.0
4057,511.0,4568.0
4058,511.0,4569.0
4059,511.0,4570.0
4060,511.0,4571.0
4061,511.0,4572.0
4062,511.0,4573.0
4063,511.0,4574.0
4064,511.0,4575.0
4065,513.0,4578.0
4066,513.0,4579.0
4067,513.0,4580.0
4068,513.0,4581.0
4069,513.0,4582.0
4070,513.0,4583.0
4071,513.0,4584.0
4072,513.0,4585.0
4073,513.0,4586.0
4074,513.0,4587.0
4075,513.0,4588.0
4076,513.0,4589.0
4077,513.0,4590.0
4078,513.0,4591.0
4079,513.0,4592.0
4080,513.0,4593.0
4081,515.0,4596.0
4082,515.0,4597.0
4083,515.0,4598.0
4084,515.0,4599.0
4085,515.0,4600.0
4086,515.0,4601.0
4087,515.0,4602.0
4088,515.0,4603.0
4089,515.0,4604.0
4090,515.0,4605.0
4091,515.0,4606.0
4092,515.0,4607.0
4093,515.0,4608.0
4094,515.0,4609.0
4095,515.0,4610.0
4096,515.0,4611.0
4097,517.0,4614.0
4098,517.0,4615.0
4099,517.0,4616.0
4100,517.0,4617.0
4101,517.0,4618.0
4102,517.0,4619.0
4103,517.0,4620.0
4104,517.0,4621.0
4105,517.0,4622.0
4106,517.0,4623.0
4107,517.0,4624.0
4108,517.0,4625.0
4109,517.0,4626.0
4110,517.0,4627.0
4111,517.0,4628.0
4112,517.0,4629.0
4113,519.0,4632.0
4114,519.0,4633.0
4115,519.0,4634.0
4116,519.0,4635.0
4117,519.0,4636.0
4118,519.0,4637.0
4119,519.0,4638.0
4120,519.0,4639.0
4121,519.0,4640.0
4122,519.0,4641.0
4123,519.0,4642.0
4124,519.0,4643.0
4125,519.0,4644.0
4126,519.0,4645.0
4127,519.0,4646.0
4128,519.0,4647.0
4129,521.0,4650.0
4130,521.0,4651.0
4131,521.0,4652.0
4132,521.0,4653.0
4133,521.0,4654.0
4134,521.0,4655.0
4135,521.0,4656.0
4136,521.0,4657.0
4137,521.0,4658.0
4138,521.0,4659.0
4139,521.0,4660.0
4140,521.0,4661.0
4141,521.0,4662.0
4142,521.0,4663.0
4143,521.0,4664.0
4144,521.0,4665.0
4145,523.0,4668.0
4146,523.0,4669.0
4147,523.0,4670.0
4148,523.0,4671.0
4149,523.0,4672.0
4150,523.0,4673.0
4151,523.0,4674.0
4152,523.0,4675.0
4153,523.0,4676.0
4154,523.0,4677.0
4155,523.0,4678.0
4156,523.0,4679.0
4157,523.0,4680.0
4158,523.0,4681.0
4159,523.0,4682.0
4160,523.0,4683.0
4161,525.0,4686.0
4162,525.0,4687.0
4163,525.0,4688.0
4164,525.0,4689.0
4165,525.0,4690.0
4166,525.0,4691.0
4167,525.0,4692.0
4168,525.0,4693.0
4169,525.0,4694.0
4170,525.0,4695.0
4171,525.0,4696.0
4172,525.0,4697.0
4173,525.0,4698.0
4174,525.0,4699.0
4175,525.0,4700.0
4176,525.0,4701.0
4177,527.0,4704.0
4178,527.0,4705.0
4179,527.0,4706.0
4180,527.0,4707.0
4181,527.0,4708.0
4182,527.0,4709.0
4183,527.0,4710.0
4184,527.0,4711.0
4185,527.0,4712.0
4186,527.0,4713.0
4187,527.0,4714.0
4188,527.0,4715.0
4189,527.0,4716.0
4190,527.0,4717.0
4191,527.0,4718.0
4192,527.0,4719.0
4193,529.0,4722.0
4194,529.0,4723.0
4195,529.0,4724.0
4196,529.0,4725.0
4197,529.0,4726.0
4198,529.0,4727.0
4199,529.0,4728.0
4200,529.0,4729.0
4201,529.0,4730.0
4202,529.0,4731.0
4203,529.0,4732.0
4204,529.0,4733.0
4205,529.0,4734.0
4206,529.0,4735.0
4207,529.0,4736.0
4208,529.0,4737.0
4209,531.0,4740.0
4210,531.0,4741.0
4211,531.0,4742.0
4212,531.0,4743.0
4213,531.0,4744.0
4214,531.0,4745.0
4215,531.0,4746.0
4216,531.0,4747.0
4217,531.0,4748.0
4218,531.0,4749.0
4219,531.0,4750.0
4220,531.0,4751.0
4221,531.0,4752.0
4222,531.0,4753.0
4223,531.0,4754.0
4224,531.0,4755.0
4225,533.0,4758.0
4226,533.0,4759.0
4227,533.0,4760.0
4228,533.0,4761.0
4229,533.0,4762.0
4230,533.0,4763.0
4231,533.0,4764.0
4232,533.0,4765.0
4233,533.0,4766.0
4234,533.0,4767.0
4235,533.0,4768.0
4236,533.0,4769.0
4237,533.0,4770.0
4238,533.0,4771.0
4239,533.0,4772.0
4240,533.0,4773.0
4241,535.0,4776.0
4242,535.0,4777.0
4243,535.0,4778.0
4244,535.0,4779.0
4245,535.0,4780.0
4246,535.0,4781.0
4247,535.0,4782.0
4248,535.0,4783.0
4249,535.0,4784.0
4250,535.0,4785.0
4251,535.0,4786.0
4252,535.0,4787.0
4253,535.0,4788.0
4254,535.0,4789.0
4255,535.0,4790.0
4256,535.0,4791.0
4257,537.0,4794.0
4258,537.0,4795.0
4259,537.0,4796.0
4260,537.0,4797.0
4261,537.0,4798.0
4262,537.0,4799.0
4263,537.0,4800.0
4264,537.0,4801.0
4265,537.0,4802.0
4266,537.0,4803.0
4267,537.0,4804.0
4268,537.0,4805.0
4269,537.0,4806.0
4270,537.0,4807.0
4271,537.0,4808.0
4272,537.0,4809.0
4273,539.0,4812.0
4274,539.0,4813.0
4275,539.0,4814.0
4276,539.0,4815.0
4277,539.0,4816.0
4278,539.0,4817.0
4279,539.0,4818.0
4280,539.0,4819.0
4281,539.0,4820.0
4282,539.0,4821.0
4283,539.0,4822.0
4284,539.0,4823.0
4285,539.0,4824.0
4286,539.0,4825.0
4287,539.0,4826.0
4288,539.0,4827.0
4289,541.0,4830.0
4290,541.0,4831.0
4291,541.0,4832.0
4292,541.0,4833.0
4293,541.0,4834.0
4294,541.0,4835.0
4295,541.0,4836.0
4296,541.0,4837.0
4297,541.0,4838.0
4298,541.0,4839.0
4299,541.0,4840.0
4300,541.0,4841.0
4301,541.0,4842.0
4302,541.0,4843.0
4303,541.0,4844.0
4304,541.0,4845.0
4305,543.0,4848.0
4306,543.0,4849.0
4307,543.0,4850.0
4308,543.0,4851.0
4309,543.0,4852.0
4310,543.0,4853.0
4311,543.0,4854.0
4312,543.0,4855.0
4313,543.0,4856.0
4314,543.0,4857.0
4315,543.0,4858.0
4316,543.0,4859.0
4317,543.0,4860.0
4318,543.0,4861.0
4319,543.0,4862.0
4320,543.0,4863.0
4321,545.0,4866.0
4322,545.0,4867.0
4323,545.0,4868.0
4324,545.0,4869.0
4325,545.0,4870.0
4326,545.0,4871.0
4327,545.0,4872.0
4328,545.0,4873.0
4329,545.0,4874.0
4330,545.0,4875.0
4331,545.0,4876.0
4332,545.0,4877.0
4333,545.0,4878.0
4334,545.0,4879.0
4335,545.0,4880.0
4336,545.0,4881.0
4337,547.0,4884.0
4338,547.0,4885.0
4339,547.0,4886.0
4340,547.0,4887.0
4341,547.0,4888.0
4342,547.0,4889.0
4343,547.0,4890.0
4344,547.0,4891.0
4345,547.0,4892.0
4346,547.0,4893.0
4347,547.0,4894.0
4348,547.0,4895.0
4349,547.0,4896.0
4350,547.0,4897.0
4351,547.0,4898.0
4352,547.0,4899.0
4353,549.0,4902.0
4354,549.0,4903.0
4355,549.0,4904.0
4356,549.0,4905.0
4357,549.0,4906.0
4358,549.0,4907.0
4359,549.0,4908.0
4360,549.0,4909.0
4361,549.0,4910.0
4362,549.0,4911.0
4363,549.0,4912.0
4364,549.0,4913.0
4365,549.0,4914.0
4366,549.0,4915.0
4367,549.0,4916.0
4368,549.0,4917.0
4369,551.0,4920.0
4370,551.0,4921.0
4371,551.0,4922.0
4372,551.0,4923.0
4373,551.0,4924.0
4374,551.0,4925.0
4375,551.0,4926.0
4376,551.0,4927.0
4377,551.0,4928.0
4378,551.0,4929.0
4379,551.0,4930.0
4380,551.0,4931.0
4381,551.0,4932.0
4382,551.0,4933.0
4383,551.0,4934.0
4384,551.0,4935.0
4385,553.0,4938.0
4386,553.0,4939.0
4387,553.0,4940.0
4388,553.0,4941.0
4389,553.0,4942.0
4390,553.0,4943.0
4391,553.0,4944.0
4392,553.0,4945.0
4393,553.0,4946.0
4394,553.0,4947.0
4395,553.0,4948.0
4396,553.0,4949.0
4397,553.0,4950.0
4398,553.0,4951.0
4399,553.0,4952.0
4400,553.0,4953.0
4401,555.0,4956.0
4402,555.0,4957.0
4403,555.0,4958.0
4404,555.0,4959.0
4405,555.0,4960.0
4406,555.0,4961.0
4407,555.0,4962.0
4408,555.0,4963.0
4409,555.0,4964.0
4410,555.0,4965.0
4411,555.0,4966.0
4412,555.0,4967.0
4413,555.0,4968.0
4414,555.0,4969.0
4415,555.0,4970.0
4416,555.0,4971.0
4417,557.0,4974.0
4418,557.0,4975.0
4419,557.0,4976.0
4420,557.0,4977.0
4421,557.0,4978.0
4422,557.0,4979.0
4423,557.0,4980.0
4424,557.0,4981.0
4425,557.0,4982.0
4426,557.0,4983.0
4427,557.0,4984.0
4428,557.0,4985.0
4429,557.0,4986.0
4430,557.0,4987.0
4431,557.0,4988.0
4432,557.0,4989.0
4433,559.0,4992.0
4434,559.0,4993.0
4435,559.0,4994.0
4436,559.0,4995.0
4437,559.0,4996.0
4438,559.0,4997.0
4439,559.0,4998.0
4440,559.0,4999.0
4441,559.0,5000.0
4442,559.0,5001.0
4443,559.0,5002.0
4444,559.0,5003.0
4445,559.0,5004.0
4446,559.0,5005.0
4447,559.0,5006.0
4448,559.0,5007.0
4449,561.0,5010.0
4450,561.0,5011.0
4451,561.0,5012.0
4452,561.0,5013.0
4453,561.0,5014.0
4454,561.0,5015.0
4455,561.0,5016.0
4456,561.0,5017.0
4457,561.0,5018.0
4458,561.0,5019.0
4459,561.0,5020.0
4460,561.0,5021.0
4461,561.0,5022.0
4462,561.0,5023.0
4463,561.0,5024.0
4464,561.0,5025.0
4465,563.0,5028.0
4466,563.0,5029.0
4467,563.0,5030.0
4468,563.0,5031.0
4469,563.0,5032.0
4470,563.0,5033.0
4471,563.0,5034.0
4472,563.0,5035.0
4473,563.0,5036.0
4474,563.0,5037.0
4475,563.0,5038.0
4476,563.0,5039.0
4477,563.0,5040.0
4478,563.0,5041.0
4479,563.0,5042.0
4480,563.0,5043.0
4481,565.0,5046.0
4482,565.0,5047.0
4483,565.0,5048.0
4484,565.0,5049.0
4485,565.0,5050.0
4486,565.0,5051.0
4487,565.0,5052.0
4488,565.0,5053.0
4489,565.0,5054.0
4490,565.0,5055.0
4491,565.0,5056.0
4492,565.0,5057.0
4493,565.0,5058.0
4494,565.0,5059.0
4495,565.0,5060.0
4496,565.0,5061.0
4497,567.0,5064.0
4498,567.0,5065.0
4499,567.0,5066.0
4500,567.0,5067.0
4501,567.0,5068.0
4502,567.0,5069.0
4503,567.0,5070.0
4504,567.0,5071.0
4505,567.0,5072.0
4506,567.0,5073.0
4507,567.0,5074.0
4508,567.0,5075.0
4509,567.0,5076.0
4510,567.0,5077.0
4511,567.0,5078.0
4512,567.0,5079.0
4513,569.0,5082.0
4514,569.0,5083.0
4515,569.0,5084.0
4516,569.0,5085.0
4517,569.0,5086.0
4518,569.0,5087.0
4519,569.0,5088.0
4520,569.0,5089.0
4521,569.0,5090.0
4522,569.0,5091.0
4523,569.0,5092.0
4524,569.0,5093.0
4525,569.0,5094.0
4526,569.0,5095.0
4527,569.0,5096.0
4528,569.0,5097.0
4529,571.0,5100.0
4530,571.0,5101.0
4531,571.0,5102.0
4532,571.0,5103.0
4533,571.0,5104.0
4534,571.0,5105.0
4535,571.0,5106.0
4536,571.0,5107.0
4537,571.0,5108.0
4538,571.0,5109.0
4539,571.0,5110.0
4540,571.0,5111.0
4541,571.0,5112.0
4542,571.0,5113.0
4543,571.0,5114.0
4544,571.0,5115.0
4545,573.0,5118.0
4546,573.0,5119.0
4547,573.0,5120.0
4548,573.0,5121.0
4549,573.0,5122.0
4550,573.0,5123.0
4551,573.0,5124.0
4552,573.0,5125.0
4553,573.0,5126.0
4554,573.0,5127.0
4555,573.0,5128.0
4556,573.0,5129.0
4557,573.0,5130.0
4558,573.0,5131.0
4559,573.0,5132.0
4560,573.0,5133.0
4561,575.0,5136.0
4562,575.0,5137.0
4563,575.0,5138.0
4564,575.0,5139.0
4565,575.0,5140.0
4566,575.0,5141.0
4567,575.0,5142.0
4568,575.0,5143.0
4569,575.0,5144.0
4570,575.0,5145.0
4571,575.0,5146.0
4572,575.0,5147.0
4573,575.0,5148.0
4574,575.0,5149.0
4575,575.0,5150.0
4576,575.0,5151.0
4577,577.0,5154.0
4578,577.0,5155.0
4579,577.0,5156.0
4580,577.0,5157.0
4581,577.0,5158.0
4582,577.0,5159.0
4583,577.0,5160.0
4584,577.0,5161.0
4585,577.0,5162.0
4586,577.0,5163.0
4587,577.0,5164.0
4588,577.0,5165.0
4589,577.0,5166.0
4590,577.0,5167.0
4591,577.0,5168.0
4592,577.0,5169.0
4593,579.0,5172.0
4594,579.0,5173.0
4595,579.0,5174.0
4596,579.0,5175.0
4597,579.0,5176.0
4598,579.0,5177.0
4599,579.0,5178.0
4600,579.0,5179.0
4601,579.0,5180.0
4602,579.0,5181.0
4603,579.0,5182.0
4604,579.0,5183.0
4605,579.0,5184.0
4606,579.0,5185.0
4607,579.0,5186.0
4608,579.0,5187.0
4609,581.0,5190.0
4610,581.0,5191.0
4611,581.0,5192.0
4612,581.0,5193.0
4613,581.0,5194.0
4614,581.0,5195.0
4615,581.0,5196.0
4616,581.0,5197.0
4617,581.0,5198.0
4618,581.0,5199.0
4619,581.0,5200.0
4620,581.0,5201.0
4621,581.0,5202.0
4622,581.0,5203.0
4623,581.0,5204.0
4624,581.0,5205.0
4625,583.0,5208.0
4626,583.0,5209.0
4627,583.0,5210.0
4628,583.0,5211.0
4629,583.0,5212.0
4630,583.0,5213.0
4631,583.0,5214.0
4632,583.0,5215.0
4633,583.0,5216.0
4634,583.0,5217.0
4635,583.0,5218.0
4636,583.0,5219.0
4637,583.0,5220.0
4638,583.0,5221.0
4639,583.0,5222.0
4640,583.0,5223.0
4641,585.0,5226.0
4642,585.0,5227.0
4643,585.0,5228.0
4644,585.0,5229.0
4645,585.0,5230.0
4646,585.0,5231.0
4647,585.0,5232.0
4648,585.0,5233.0
4649,585.0,5234.0
4650,585.0,5235.0
4651,585.0,5236.0
4652,585.0,5237.0
4653,585.0,5238.0
4654,585.0,5239.0
4655,585.0,5240.0
4656,585.0,5241.0
4657,587.0,5244.0
4658,587.0,5245.0
4659,587.0,5246.0
4660,587.0,5247.0
4661,587.0,5248.0
4662,587.0,5249.0
4663,587.0,5250.0
4664,587.0,5251.0
4665,587.0,5252.0
4666,587.0,5253.0
4667,587.0,5254.0
4668,587.0,5255.0
4669,587.0,5256.0
4670,587.0,5257.0
4671,587.0,5258.0
4672,587.0,5259.0
4673,589.0,5262.0
4674,589.0,5263.0
4675,589.0,5264.0
4676,589.0,5265.0
4677,589.0,5266.0
4678,589.0,5267.0
4679,589.0,5268.0
4680,589.0,5269.0
4681,589.0,5270.0
4682,589.0,5271.0
4683,589.0,5272.0
4684,589.0,5273.0
4685,589.0,5274.0
4686,589.0,5275.0
4687,589.0,5276.0
4688,589.0,5277.0
4689,591.0,5280.0
4690,591.0,5281.0
4691,591.0,5282.0
4692,591.0,5283.0
4693,591.0,5284.0
4694,591.0,5285.0
4695,591.0,5286.0
4696,591.0,5287.0
4697,591.0,5288.0
4698,591.0,5289.0
4699,591.0,5290.0
4700,591.0,5291.0
4701,591.0,5292.0
4702,591.0,5293.0
4703,591.0,5294.0
4704,591.0,5295.0
4705,593.0,5298.0
4706,593.0,5299.0
4707,593.0,5300.0
4708,593.0,5301.0
4709,593.0,5302.0
4710,593.0,5303.0
4711,593.0,5304.0
4712,593.0,5305.0
4713,593.0,5306.0
4714,593.0,5307.0
4715,593.0,5308.0
4716,593.0,5309.0
4717,593.0,5310.0
4718,593.0,5311.0
4719,593.0,5312.0
4720,593.0,5313.0
4721,595.0,5316.0
4722,595.0,5317.0
4723,595.0,5318.0
4724,595.0,5319.0
4725,595.0,5320.0
4726,595.0,5321.0
4727,595.0,5322.0
4728,595.0,5323.0
4729,595.0,5324.0
4730,595.0,5325.0
4731,595.0,5326.0
4732,595.0,5327.0
4733,595.0,5328.0
4734,595.0,5329.0
4735,595.0,5330.0
4736,595.0,5331.0
4737,597.0,5334.0
4738,597.0,5335.0
4739,597.0,5336.0
4740,597.0,5337.0
4741,597.0,5338.0
4742,597.0,5339.0
4743,597.0,5340.0
4744,597.0,5341.0
4745,597.0,5342.0
4746,597.0,5343.0
4747,597.0,5344.0
4748,597.0,5345.0
4749,597.0,5346.0
4750,597.0,5347.0
4751,597.0,5348.0
4752,597.0,5349.0
4753,599.0,5352.0
4754,599.0,5353.0
4755,599.0,5354.0
4756,599.0,5355.0
4757,599.0,5356.0
4758,599.0,5357.0
4759,599.0,5358.0
4760,599.0,5359.0
4761,599.0,5360.0
4762,599.0,5361.0
4763,599.0,5362.0
4764,599.0,5363.0
4765,599.0,5364.0
4766,599.0,5365.0
4767,599.0,5366.0
4768,599.0,5367.0
4769,601.0,5370.0
4770,601.0,5371.0
4771,601.0,5372.0
4772,601.0,5373.0
4773,601.0,5374.0
4774,601.0,5375.0
4775,601.0,5376.0
4776,601.0,5377.0
4777,601.0,5378.0
4778,601.0,5379.0
4779,601.0,5380.0
4780,601.0,5381.0
4781,601.0,5382.0
4782,601.0,5383.0
4783,601.0,5384.0
4784,601.0,5385.0
4785,603.0,5388.0
4786,603.0,5389.0
4787,603.0,5390.0
4788,603.0,5391.0
4789,603.0,5392.0
4790,603.0,5393.0
4791,603.0,5394.0
4792,603.0,5395.0
4793,603.0,5396.0
4794,603.0,5397.0
4795,603.0,5398.0
4796,603.0,5399.0
4797,603.0,5400.0
4798,603.0,5401.0
4799,603.0,5402.0
4800,603.0,5403.0
4801,605.0,5406.0
4802,605.0,5407.0
4803,605.0,5408.0
4804,605.0,5409.0
4805,605.0,5410.0
4806,605.0,5411.0
4807,605.0,5412.0
4808,605.0,5413.0
4809,605.0,5414.0
4810,605.0,5415.0
4811,605.0,5416.0
4812,605.0,5417.0
4813,605.0,5418.0
4814,605.0,5419.0
4815,605.0,5420.0
4816,605.0,5421.0
4817,607.0,5424.0
4818,607.0,5425.0
4819,607.0,5426.0
4820,607.0,5427.0
4821,607.0,5428.0
4822,607.0,5429.0
4823,607.0,5430.0
4824,607.0,5431.0
4825,607.0,5432.0
4826,607.0,5433.0
4827,607.0,5434.0
4828,607.0,5435.0
4829,607.0,5436.0
4830,607.0,5437.0
4831,607.0,5438.0
4832,607.0,5439.0
4833,609.0,5442.0
4834,609.0,5443.0
4835,609.0,5444.0
4836,609.0,5445.0
4837,609.0,5446.0
4838,609.0,5447.0
4839,609.0,5448.0
4840,609.0,5449.0
4841,609.0,5450.0
4842,609.0,5451.0
4843,609.0,5452.0
4844,609.0,5453.0
4845,609.0,5454.0
4846,609.0,5455.0
4847,609.0,5456.0
4848,609.0,5457.0
4849,611.0,5460.0
4850,611.0,5461.0
4851,611.0,5462.0
4852,611.0,5463.0
4853,611.0,5464.0
4854,611.0,5465.0
4855,611.0,5466.0
4856,611.0,5467.0
4857,611.0,5468.0
4858,611.0,5469.0
4859,611.0,5470.0
4860,611.0,5471.0
4861,611.0,5472.0
4862,611.0,5473.0
4863,611.0,5474.0
4864,611.0,5475.0
4865,613.0,5478.0
4866,613.0,5479.0
4867,613.0,5480.0
4868,613.0,5481.0
4869,613.0,5482.0
4870,613.0,5483.0
4871,613.0,5484.0
4872,613.0,5485.0
4873,613.0,5486.0
4874,613.0,5487.0
4875,613.0,5488.0
4876,613.0,5489.0
4877,613.0,5490.0
4878,613.0,5491.0
4879,613.0,5492.0
4880,613.0,5493.0
4881,615.0,5496.0
4882,615.0,5497.0
4883,615.0,5498.0
4884,615.0,5499.0
4885,615.0,5500.0
4886,615.0,5501.0
4887,615.0,5502.0
4888,615.0,5503.0
4889,615.0,5504.0
4890,615.0,5505.0
4891,615.0,5506.0
4892,615.0,5507.0
4893,615.0,5508.0
4894,615.0,5509.0
4895,615.0,5510.0
4896,615.0,5511.0
4897,617.0,5514.0
4898,617.0,5515.0
4899,617.0,5516.0
4900,617.0,5517.0
4901,617.0,5518.0
4902,617.0,5519.0
4903,617.0,5520.0
4904,617.0,5521.0
4905,617.0,5522.0
4906,617.0,5523.0
4907,617.0,5524.0
4908,617.0,5525.0
4909,617.0,5526.0
4910,617.0,5527.0
4911,617.0,5528.0
4912,617.0,5529.0
4913,619.0,5532.0
4914,619.0,5533.0
4915,619.0,5534.0
4916,619.0,5535.0
4917,619.0,5536.0
4918,619.0,5537.0
4919,619.0,5538.0
4920,619.0,5539.0
4921,619.0,5540.0
4922,619.0,5541.0
4923,619.0,5542.0
4924,619.0,5543.0
4925,619.0,5544.0
4926,619.0,5545.0
4927,619.0,5546.0
4928,619.0,5547.0
4929,621.0,5550.0
4930,621.0,5551.0
4931,621.0,5552.0
4932,621.0,5553.0
4933,621.0,5554.0
4934,621.0,5555.0
4935,621.0,5556.0
4936,621.0,5557.0
4937,621.0,5558.0
4938,621.0,5559.0
4939,621.0,5560.0
4940,621.0,5561.0
4941,621.0,5562.0
4942,621.0,5563.0
4943,621.0,5564.0
4944,621.0,5565.0
4945,623.0,5568.0
4946,623.0,5569.0
4947,623.0,5570.0
4948,623.0,5571.0
4949,623.0,5572.0
4950,623.0,5573.0
4951,623.0,5574.0
4952,623.0,5575.0
4953,623.0,5576.0
4954,623.0,5577.0
4955,623.0,5578.0
4956,623.0,5579.0
4957,623.0,5580.0
4958,623.0,5581.0
4959,623.0,5582.0
4960,623.0,5583.0
4961,625.0,5586.0
4962,625.0,5587.0
4963,625.0,5588.0
4964,625.0,5589.0
4965,625.0,5590.0
4966,625.0,5591.0
4967,625.0,5592.0
4968,625.0,5593.0
4969,625.0,5594.0
4970,625.0,5595.0
4971,625.0,5596.0
4972,625.0,5597.0
4973,625.0,5598.0
4974,625.0,5599.0
4975,625.0,5600.0
4976,625.0,5601.0
4977,627.0,5604.0
4978,627.0,5605.0
4979,627.0,5606.0
4980,627.0,5607.0
4981,627.0,5608.0
4982,627.0,5609.0
4983,627.0,5610.0
4984,627.0,5611.0
4985,627.0,5612.0
4986,627.0,5613.0
4987,627.0,5614.0
4988,627.0,5615.0
4989,627.0,5616.0
4990,627.0,5617.0
4991,627.0,5618.0
4992,627.0,5619.0
4993,629.0,5622.0
4994,629.0,5623.0
4995,629.0,5624.0
4996,629.0,5625.0
4997,629.0,5626.0
4998,629.0,5627.0
4999,629.0,5628.0
5000,629.0,5629.0
5001,629.0,5630.0
5002,629.0,5631.0
5003,629.0,5632.0
5004,629.0,5633.0
5005,629.0,5634.0
5006,629.0,5635.0
5007,629.0,5636.0
5008,629.0,5637.0
5009,631.0,5640.0
5010,631.0,5641.0
5011,631.0,5642.0
5012,631.0,5643.0
5013,631.0,5644.0
5014,631.0,5645.0
5015,631.0,5646.0
5016,631.0,5647.0
5017,631.0,5648.0
5018,631.0,5649.0
5019,631.0,5650.0
5020,631.0,5651.0
5021,631.0,5652.0
5022,631.0,5653.0
5023,631.0,5654.0
5024,631.0,5655.0
5025,633.0,5658.0
5026,633.0,5659.0
5027,633.0,5660.0
5028,633.0,5661.0
5029,633.0,5662.0
5030,633.0,5663.0
5031,633.0,5664.0
5032,633.0,5665.0
5033,633.0,5666.0
5034,633.0,5667.0
5035,633.0,5668.0
5036,633.0,5669.0
5037,633.0,5670.0
5038,633.0,5671.0
5039,633.0,5672.0
5040,633.0,5673.0
5041,635.0,5676.0
5042,635.0,5677.0
5043,635.0,5678.0
5044,635.0,5679.0
5045,635.0,5680.0
5046,635.0,5681.0
5047,635.0,5682.0
5048,635.0,5683.0
5049,635.0,5684.0
5050,635.0,5685.0
5051,635.0,5686.0
5052,635.0,5687.0
5053,635.0,5688.0
5054,635.0,5689.0
5055,635.0,5690.0
5056,635.0,5691.0
5057,637.0,5694.0
5058,637.0,5695.0
5059,637.0,5696.0
5060,637.0,5697.0
5061,637.0,5698.0
5062,637.0,5699.0
5063,637.0,5700.0
5064,637.0,5701.0
5065,637.0,5702.0
5066,637.0,5703.0
5067,637.0,5704.0
5068,637.0,5705.0
5069,637.0,5706.0
5070,637.0,5707.0
5071,637.0,5708.0
5072,637.0,5709.0
5073,639.0,5712.0
5074,639.0,5713.0
5075,639.0,5714.0
5076,639.0,5715.0
5077,639.0,5716.0
5078,639.0,5717.0
5079,639.0,5718.0
5080,639.0,5719.0
5081,639.0,5720.0
5082,639.0,5721.0
5083,639.0,5722.0
5084,639.0,5723.0
5085,639.0,5724.0
5086,639.0,5725.0
5087,639.0,5726.0
5088,639.0,5727.0
5089,641.0,5730.0
5090,641.0,5731.0
5091,641.0,5732.0
5092,641.0,5733.0
5093,641.0,5734.0
5094,641.0,5735.0
5095,641.0,5736.0
5096,641.0,5737.0
5097,641.0,5738.0
5098,641.0,5739.0
5099,641.0,5740.0
5100,641.0,5741.0
5101,641.0,5742.0
5102,641.0,5743.0
5103,641.0,5744.0
5104,641.0,5745.0
5105,643.0,5748.0
5106,643.0,5749.0
5107,643.0,5750.0
5108,643.0,5751.0
5109,643.0,5752.0
5110,643.0,5753.0
5111,643.0,5754.0
5112,643.0,5755.0
5113,643.0,5756.0
5114,643.0,5757.0
5115,643.0,5758.0
5116,643.0,5759.0
5117,643.0,5760.0
5118,643.0,5761.0
5119,643.0,5762.0
5120,643.0,5763.0
5121,645.0,5766.0
5122,645.0,5767.0
5123,645.0,5768.0
5124,645.0,5769.0
5125,645.0,5770.0
5126,645.0,5771.0
5127,645.0,5772.0
5128,645.0,5773.0
5129,645.0,5774.0
5130,645.0,5775.0
5131,645.0,5776.0
5132,645.0,5777.0
5133,645.0,5778.0
5134,645.0,5779.0
5135,645.0,5780.0
5136,645.0,5781.0
5137,647.0,5784.0
5138,647.0,5785.0
5139,647.0,5786.0
5140,647.0,5787.0
5141,647.0,5788.0
5142,647.0,5789.0
5143,647.0,5790.0
5144,647.0,5791.0
5145,647.0,5792.0
5146,647.0,5793.0
5147,647.0,5794.0
5148,647.0,5795.0
5149,647.0,5796.0
5150,647.0,5797.0
5151,647.0,5798.0
5152,647.0,5799.0
5153,649.0,5802.0
5154,649.0,5803.0
5155,649.0,5804.0
5156,649.0,5805.0
5157,649.0,5806.0
5158,649.0,5807.0
5159,649.0,5808.0
5160,649.0,5809.0
5161,649.0,5810.0
5162,649.0,5811.0
5163,649.0,5812.0
5164,649.0,5813.0
5165,649.0,5814.0
5166,649.0,5815.0
5167,649.0,5816.0
5168,649.0,5817.0
5169,651.0,5820.0
5170,651.0,5821.0
5171,651.0,5822.0
5172,651.0,5823.0
5173,651.0,5824.0
5174,651.0,5825.0
5175,651.0,5826.0
5176,651.0,5827.0
5177,651.0,5828.0
5178,651.0,5829.0
5179,651.0,5830.0
5180,651.0,5831.0
5181,651.0,5832.0
5182,651.0,5833.0
5183,651.0,5834.0
5184,651.0,5835.0
5185,653.0,5838.0
5186,653.0,5839.0
5187,653.0,5840.0
5188,653.0,5841.0
5189,653.0,5842.0
5190,653.0,5843.0
5191,653.0,5844.0
5192,653.0,5845.0
5193,653.0,5846.0
5194,653.0,5847.0
5195,653.0,5848.0
5196,653.0,5849.0
5197,653.0,5850.0
5198,653.0,5851.0
5199,653.0,5852.0
5200,653.0,5853.0
5201,655.0,5856.0
5202,655.0,5857.0
5203,655.0,5858.0
5204,655.0,5859.0
5205,655.0,5860.0
5206,655.0,5861.0
5207,655.0,5862.0
5208,655.0,5863.0
5209,655.0,5864.0
5210,655.0,5865.0
5211,655.0,5866.0
5212,655.0,5867.0
5213,655.0,5868.0
5214,655.0,5869.0
5215,655.0,5870.0
5216,655.0,5871.0
5217,657.0,5874.0
5218,657.0,5875.0
5219,657.0,5876.0
5220,657.0,5877.0
5221,657.0,5878.0
5222,657.0,5879.0
5223,657.0,5880.0
5224,657.0,5881.0
5225,657.0,5882.0
5226,657.0,5883.0
5227,657.0,5884.0
5228,657.0,5885.0
5229,657.0,5886.0
5230,657.0,5887.0
5231,657.0,5888.0
5232,657.0,5889.0
5233,659.0,5892.0
5234,659.0,5893.0
5235,659.0,5894.0
5236,659.0,5895.0
5237,659.0,5896.0
5238,659.0,5897.0
5239,659.0,5898.0
5240,659.0,5899.0
5241,659.0,5900.0
5242,659.0,5901.0
5243,659.0,5902.0
5244,659.0,5903.0
5245,659.0,5904.0
5246,659.0,5905.0
5247,659.0,5906.0
5248,659.0,5907.0
5249,661.0,5910.0
5250,661.0,5911.0
5251,661.0,5912.0
5252,661.0,5913.0
5253,661.0,5914.0
5254,661.0,5915.0
5255,661.0,5916.0
5256,661.0,5917.0
5257,661.0,5918.0
5258,661.0,5919.0
5259,661.0,5920.0
5260,661.0,5921.0
5261,661.0,5922.0
5262,661.0,5923.0
5263,661.0,5924.0
5264,661.0,5925.0
5265,663.0,5928.0
5266,663.0,5929.0
5267,663.0,5930.0
5268,663.0,5931.0
5269,663.0,5932.0
5270,663.0,5933.0
5271,663.0,5934.0
5272,663.0,5935.0
5273,663.0,5936.0
5274,663.0,5937.0
5275,663.0,5938.0
5276,663.0,5939.0
5277,663.0,5940.0
5278,663.0,5941.0
5279,663.0,5942.0
5280,663.0,5943.0
5281,665.0,5946.0
5282,665.0,5947.0
5283,665.0,5948.0
5284,665.0,5949.0
5285,665.0,5950.0
5286,665.0,5951.0
5287,665.0,5952.0
5288,665.0,5953.0
5289,665.0,5954.0
5290,665.0,5955.0
5291,665.0,5956.0
5292,665.0,5957.0
5293,665.0,5958.0
5294,665.0,5959.0
5295,665.0,5960.0
5296,665.0,5961.0
5297,667.0,5964.0
5298,667.0,5965.0
5299,667.0,5966.0
5300,667.0,5967.0
5301,667.0,5968.0
5302,667.0,5969.0
5303,667.0,5970.0
5304,667.0,5971.0
5305,667.0,5972.0
5306,667.0,5973.0
5307,667.0,5974.0
5308,667.0,5975.0
5309,667.0,5976.0
5310,667.0,5977.0
5311,667.0,5978.0
5312,667.0,5979.0
5313,669.0,5982.0
5314,669.0,5983.0
5315,669.0,5984.0
5316,669.0,5985.0
5317,669.0,5986.0
5318,669.0,5987.0
5319,669.0,5988.0
5320,669.0,5989.0
5321,669.0,5990.0
5322,669.0,5991.0
5323,669.0,5992.0
5324,669.0,5993.0
5325,669.0,5994.0
5326,669.0,5995.0
5327,669.0,5996.0
5328,669.0,5997.0
5329,671.0,6000.0
5330,671.0,6001.0
5331,671.0,6002.0
5332,671.0,6003.0
5333,671.0,6004.0
5334,671.0,6005.0
5335,671.0,6006.0
5336,671.0,6007.0
5337,671.0,6008.0
5338,671.0,6009.0
5339,671.0,6010.0
5340,671.0,6011.0
5341,671.0,6012.0
5342,671.0,6013.0
5343,671.0,6014.0
5344,671.0,6015.0
5345,673.0,6018.0
5346,673.0,6019.0
5347,673.0,6020.0
5348,673.0,6021.0
5349,673.0,6022.0
5350,673.0,6023.0
5351,673.0,6024.0
5352,673.0,6025.0
5353,673.0,6026.0
5354,673.0,6027.0
5355,673.0,6028.0
5356,673.0,6029.0
5357,673.0,6030.0
5358,673.0,6031.0
5359,673.0,6032.0
5360,673.0,6033.0
5361,675.0,6036.0
5362,675.0,6037.0
5363,675.0,6038.0
5364,675.0,6039.0
5365,675.0,6040.0
5366,675.0,6041.0
5367,675.0,6042.0
5368,675.0,6043.0
5369,675.0,6044.0
5370,675.0,6045.0
5371,675.0,6046.0
5372,675.0,6047.0
5373,675.0,6048.0
5374,675.0,6049.0
5375,675.0,6050.0
5376,675.0,6051.0
5377,677.0,6054.0
5378,677.0,6055.0
5379,677.0,6056.0
5380,677.0,6057.0
5381,677.0,6058.0
5382,677.0,6059.0
5383,677.0,6060.0
5384,677.0,6061.0
5385,677.0,6062.0
5386,677.0,6063.0
5387,677.0,6064.0
5388,677.0,6065.0
5389,677.0,6066.0
5390,677.0,6067.0
5391,677.0,6068.0
5392,677.0,6069.0
5393,679.0,6072.0
5394,679.0,6073.0
5395,679.0,6074.0
5396,679.0,6075.0
5397,679.0,6076.0
5398,679.0,6077.0
5399,679.0,6078.0
5400,679.0,6079.0
