Original Quaternary Strand Length,3-RLL and Knuth quaternary redundancy
0,0.0
1,4.0
2,4.0
3,4.0
4,5.0
5,5.0
6,5.0
7,5.0
8,5.0
9,5.0
10,5.0
11,5.0
12,5.0
13,5.0
14,5.0
15,5.0
16,6.0
17,8.0
18,8.0
19,8.0
20,8.0
21,8.0
22,8.0
23,8.0
24,8.0
25,8.0
26,8.0
27,8.0
28,8.0
29,8.0
30,8.0
31,8.0
32,8.0
33,10.0
34,10.0
35,10.0
36,10.0
37,10.0
38,10.0
39,10.0
40,10.0
41,10.0
42,10.0
43,10.0
44,10.0
45,10.0
46,10.0
47,10.0
48,10.0
49,12.0
50,12.0
51,12.0
52,12.0
53,12.0
54,12.0
55,12.0
56,12.0
57,12.0
58,13.0
59,13.0
60,13.0
61,13.0
62,13.0
63,13.0
64,13.0
65,15.0
66,15.0
67,15.0
68,15.0
69,15.0
70,15.0
71,15.0
72,15.0
73,15.0
74,15.0
75,15.0
76,15.0
77,15.0
78,15.0
79,15.0
80,15.0
81,17.0
82,17.0
83,17.0
84,17.0
85,17.0
86,17.0
87,17.0
88,17.0
89,17.0
90,17.0
91,17.0
92,17.0
93,17.0
94,17.0
95,17.0
96,17.0
97,19.0
98,19.0
99,19.0
100,19.0
101,19.0
102,19.0
103,19.0
104,19.0
105,19.0
106,19.0
107,19.0
108,19.0
109,19.0
110,19.0
111,19.0
112,19.0
113,21.0
114,21.0
115,21.0
116,21.0
117,21.0
118,21.0
119,21.0
120,21.0
121,21.0
122,21.0
123,21.0
124,21.0
125,21.0
126,21.0
127,21.0
128,21.0
129,23.0
130,23.0
131,23.0
132,23.0
133,23.0
134,23.0
135,23.0
136,23.0
137,23.0
138,23.0
139,23.0
140,23.0
141,23.0
142,23.0
143,23.0
144,23.0
145,25.0
146,25.0
147,25.0
148,25.0
149,25.0
150,25.0
151,25.0
152,25.0
153,25.0
154,25.0
155,25.0
156,25.0
157,25.0
158,25.0
159,25.0
160,25.0
161,27.0
162,27.0
163,27.0
164,27.0
165,27.0
166,27.0
167,27.0
168,27.0
169,27.0
170,27.0
171,27.0
172,27.0
173,27.0
174,27.0
175,27.0
176,27.0
177,29.0
178,29.0
179,29.0
180,29.0
181,29.0
182,29.0
183,29.0
184,29.0
185,29.0
186,29.0
187,29.0
188,29.0
189,29.0
190,29.0
191,29.0
192,29.0
193,31.0
194,31.0
195,31.0
196,31.0
197,31.0
198,31.0
199,31.0
200,31.0
201,31.0
202,31.0
203,31.0
204,31.0
205,31.0
206,31.0
207,31.0
208,31.0
209,33.0
210,33.0
211,33.0
212,33.0
213,33.0
214,33.0
215,33.0
216,33.0
217,33.0
218,33.0
219,33.0
220,33.0
221,33.0
222,33.0
223,33.0
224,33.0
225,36.0
226,36.0
227,36.0
228,36.0
229,36.0
230,36.0
231,36.0
232,36.0
233,36.0
234,36.0
235,36.0
236,36.0
237,36.0
238,36.0
239,36.0
240,36.0
241,38.0
242,38.0
243,38.0
244,38.0
245,38.0
246,38.0
247,38.0
248,38.0
249,38.0
250,38.0
251,38.0
252,38.0
253,38.0
254,38.0
255,38.0
256,38.0
257,40.0
258,40.0
259,40.0
260,40.0
261,40.0
262,40.0
263,40.0
264,40.0
265,40.0
266,40.0
267,40.0
268,40.0
269,40.0
270,40.0
271,40.0
272,40.0
273,42.0
274,42.0
275,42.0
276,42.0
277,42.0
278,42.0
279,42.0
280,42.0
281,42.0
282,42.0
283,42.0
284,42.0
285,42.0
286,42.0
287,42.0
288,42.0
289,44.0
290,44.0
291,44.0
292,44.0
293,44.0
294,44.0
295,44.0
296,44.0
297,44.0
298,44.0
299,44.0
300,44.0
301,44.0
302,44.0
303,44.0
304,44.0
305,46.0
306,46.0
307,46.0
308,46.0
309,46.0
310,46.0
311,46.0
312,46.0
313,46.0
314,46.0
315,46.0
316,46.0
317,46.0
318,46.0
319,46.0
320,46.0
321,48.0
322,48.0
323,48.0
324,48.0
325,48.0
326,48.0
327,48.0
328,48.0
329,48.0
330,48.0
331,48.0
332,48.0
333,48.0
334,48.0
335,48.0
336,48.0
337,50.0
338,50.0
339,50.0
340,50.0
341,50.0
342,50.0
343,50.0
344,50.0
345,50.0
346,50.0
347,50.0
348,50.0
349,50.0
350,50.0
351,50.0
352,50.0
353,52.0
354,52.0
355,52.0
356,52.0
357,52.0
358,52.0
359,52.0
360,52.0
361,52.0
362,52.0
363,52.0
364,52.0
365,52.0
366,52.0
367,52.0
368,52.0
369,54.0
370,54.0
371,54.0
372,54.0
373,54.0
374,54.0
375,54.0
376,54.0
377,54.0
378,54.0
379,54.0
380,54.0
381,54.0
382,54.0
383,54.0
384,54.0
385,56.0
386,56.0
387,56.0
388,56.0
389,56.0
390,56.0
391,56.0
392,56.0
393,56.0
394,56.0
395,56.0
396,56.0
397,56.0
398,56.0
399,56.0
400,56.0
401,58.0
402,58.0
403,58.0
404,58.0
405,58.0
406,58.0
407,58.0
408,58.0
409,58.0
410,58.0
411,58.0
412,58.0
413,58.0
414,58.0
415,58.0
416,58.0
417,60.0
418,60.0
419,60.0
420,60.0
421,60.0
422,60.0
423,60.0
424,60.0
425,60.0
426,60.0
427,60.0
428,60.0
429,60.0
430,60.0
431,60.0
432,60.0
433,62.0
434,62.0
435,62.0
436,62.0
437,62.0
438,62.0
439,62.0
440,62.0
441,62.0
442,62.0
443,62.0
444,62.0
445,62.0
446,62.0
447,62.0
448,62.0
449,64.0
450,64.0
451,64.0
452,64.0
453,64.0
454,64.0
455,64.0
456,64.0
457,64.0
458,64.0
459,64.0
460,64.0
461,64.0
462,64.0
463,64.0
464,64.0
465,66.0
466,66.0
467,66.0
468,66.0
469,66.0
470,66.0
471,66.0
472,66.0
473,66.0
474,66.0
475,66.0
476,66.0
477,66.0
478,66.0
479,66.0
480,66.0
481,68.0
482,68.0
483,68.0
484,68.0
485,68.0
486,68.0
487,68.0
488,68.0
489,68.0
490,68.0
491,68.0
492,68.0
493,68.0
494,68.0
495,68.0
496,68.0
497,70.0
498,70.0
499,70.0
500,70.0
501,70.0
502,70.0
503,70.0
504,70.0
505,70.0
506,70.0
507,70.0
508,70.0
509,70.0
510,70.0
511,70.0
512,70.0
513,72.0
514,72.0
515,72.0
516,72.0
517,72.0
518,72.0
519,72.0
520,72.0
521,72.0
522,72.0
523,72.0
524,72.0
525,72.0
526,72.0
527,72.0
528,72.0
529,74.0
530,74.0
531,74.0
532,74.0
533,74.0
534,74.0
535,74.0
536,74.0
537,74.0
538,74.0
539,74.0
540,74.0
541,74.0
542,74.0
543,74.0
544,74.0
545,76.0
546,76.0
547,76.0
548,76.0
549,76.0
550,76.0
551,76.0
552,76.0
553,76.0
554,76.0
555,76.0
556,76.0
557,76.0
558,76.0
559,76.0
560,76.0
561,78.0
562,78.0
563,78.0
564,78.0
565,78.0
566,78.0
567,78.0
568,78.0
569,78.0
570,78.0
571,78.0
572,78.0
573,78.0
574,78.0
575,78.0
576,78.0
577,80.0
578,80.0
579,80.0
580,80.0
581,80.0
582,80.0
583,80.0
584,80.0
585,80.0
586,80.0
587,80.0
588,80.0
589,80.0
590,80.0
591,80.0
592,80.0
593,82.0
594,82.0
595,82.0
596,82.0
597,82.0
598,82.0
599,82.0
600,82.0
601,82.0
602,82.0
603,82.0
604,82.0
605,82.0
606,82.0
607,82.0
608,82.0
609,84.0
610,84.0
611,84.0
612,84.0
613,84.0
614,84.0
615,84.0
616,84.0
617,84.0
618,84.0
619,84.0
620,84.0
621,84.0
622,84.0
623,84.0
624,84.0
625,86.0
626,86.0
627,86.0
628,86.0
629,86.0
630,86.0
631,86.0
632,86.0
633,86.0
634,86.0
635,86.0
636,86.0
637,86.0
638,86.0
639,86.0
640,86.0
641,88.0
642,88.0
643,88.0
644,88.0
645,88.0
646,88.0
647,88.0
648,88.0
649,88.0
650,88.0
651,88.0
652,88.0
653,88.0
654,88.0
655,88.0
656,88.0
657,90.0
658,90.0
659,90.0
660,90.0
661,90.0
662,90.0
663,90.0
664,90.0
665,90.0
666,90.0
667,90.0
668,90.0
669,90.0
670,90.0
671,90.0
672,90.0
673,92.0
674,92.0
675,92.0
676,92.0
677,92.0
678,92.0
679,92.0
680,92.0
681,92.0
682,92.0
683,92.0
684,92.0
685,92.0
686,92.0
687,92.0
688,92.0
689,94.0
690,94.0
691,94.0
692,94.0
693,94.0
694,94.0
695,94.0
696,94.0
697,94.0
698,94.0
699,94.0
700,94.0
701,94.0
702,94.0
703,94.0
704,94.0
705,96.0
706,96.0
707,96.0
708,96.0
709,96.0
710,96.0
711,96.0
712,96.0
713,96.0
714,96.0
715,96.0
716,96.0
717,96.0
718,96.0
719,96.0
720,96.0
721,98.0
722,98.0
723,98.0
724,98.0
725,98.0
726,98.0
727,98.0
728,98.0
729,98.0
730,98.0
731,98.0
732,98.0
733,98.0
734,98.0
735,98.0
736,98.0
737,100.0
738,100.0
739,100.0
740,100.0
741,100.0
742,100.0
743,100.0
744,100.0
745,100.0
746,100.0
747,100.0
748,100.0
749,100.0
750,100.0
751,100.0
752,100.0
753,102.0
754,102.0
755,102.0
756,102.0
757,102.0
758,102.0
759,102.0
760,102.0
761,102.0
762,102.0
763,102.0
764,102.0
765,102.0
766,102.0
767,102.0
768,102.0
769,104.0
770,104.0
771,104.0
772,104.0
773,104.0
774,104.0
775,104.0
776,104.0
777,104.0
778,104.0
779,104.0
780,104.0
781,104.0
782,104.0
783,104.0
784,104.0
785,106.0
786,106.0
787,106.0
788,106.0
789,106.0
790,106.0
791,106.0
792,106.0
793,106.0
794,106.0
795,106.0
796,106.0
797,106.0
798,106.0
799,106.0
800,106.0
801,108.0
802,108.0
803,108.0
804,108.0
805,108.0
806,108.0
807,108.0
808,108.0
809,108.0
810,108.0
811,108.0
812,108.0
813,108.0
814,108.0
815,108.0
816,108.0
817,110.0
818,110.0
819,110.0
820,110.0
821,110.0
822,110.0
823,110.0
824,110.0
825,110.0
826,110.0
827,110.0
828,110.0
829,110.0
830,110.0
831,110.0
832,110.0
833,112.0
834,112.0
835,112.0
836,112.0
837,112.0
838,112.0
839,112.0
840,112.0
841,112.0
842,112.0
843,112.0
844,112.0
845,112.0
846,112.0
847,112.0
848,112.0
849,114.0
850,114.0
851,114.0
852,114.0
853,114.0
854,114.0
855,114.0
856,114.0
857,114.0
858,114.0
859,114.0
860,114.0
861,114.0
862,114.0
863,114.0
864,114.0
865,116.0
866,116.0
867,116.0
868,116.0
869,116.0
870,116.0
871,116.0
872,116.0
873,116.0
874,116.0
875,116.0
876,116.0
877,116.0
878,116.0
879,116.0
880,116.0
881,118.0
882,118.0
883,118.0
884,118.0
885,118.0
886,119.0
887,119.0
888,119.0
889,119.0
890,119.0
891,119.0
892,119.0
893,119.0
894,119.0
895,119.0
896,119.0
897,121.0
898,121.0
899,121.0
900,121.0
901,121.0
902,121.0
903,121.0
904,121.0
905,121.0
906,121.0
907,121.0
908,121.0
909,121.0
910,121.0
911,121.0
912,121.0
913,123.0
914,123.0
915,123.0
916,123.0
917,123.0
918,123.0
919,123.0
920,123.0
921,123.0
922,123.0
923,123.0
924,123.0
925,123.0
926,123.0
927,123.0
928,123.0
929,125.0
930,125.0
931,125.0
932,125.0
933,125.0
934,125.0
935,125.0
936,125.0
937,125.0
938,125.0
939,125.0
940,125.0
941,125.0
942,125.0
943,125.0
944,125.0
945,127.0
946,127.0
947,127.0
948,127.0
949,127.0
950,127.0
951,127.0
952,127.0
953,127.0
954,127.0
955,127.0
956,127.0
957,127.0
958,127.0
959,127.0
960,127.0
961,129.0
962,129.0
963,129.0
964,129.0
965,129.0
966,129.0
967,129.0
968,129.0
969,129.0
970,129.0
971,129.0
972,129.0
973,129.0
974,129.0
975,129.0
976,129.0
977,131.0
978,131.0
979,131.0
980,131.0
981,131.0
982,131.0
983,131.0
984,131.0
985,131.0
986,131.0
987,131.0
988,131.0
989,131.0
990,131.0
991,131.0
992,131.0
993,133.0
994,133.0
995,133.0
996,133.0
997,133.0
998,133.0
999,133.0
1000,133.0
1001,133.0
1002,133.0
1003,133.0
1004,133.0
1005,133.0
1006,133.0
1007,133.0
1008,133.0
1009,135.0
1010,135.0
1011,135.0
1012,135.0
1013,135.0
1014,135.0
1015,135.0
1016,135.0
1017,135.0
1018,135.0
1019,135.0
1020,135.0
1021,135.0
1022,135.0
1023,135.0
1024,135.0
1025,137.0
1026,137.0
1027,137.0
1028,137.0
1029,137.0
1030,137.0
1031,137.0
1032,137.0
1033,137.0
1034,137.0
1035,137.0
1036,137.0
1037,137.0
1038,137.0
1039,137.0
1040,137.0
1041,139.0
1042,139.0
1043,139.0
1044,139.0
1045,139.0
1046,139.0
1047,139.0
1048,139.0
1049,139.0
1050,139.0
1051,139.0
1052,139.0
1053,139.0
1054,139.0
1055,139.0
1056,139.0
1057,141.0
1058,141.0
1059,141.0
1060,141.0
1061,141.0
1062,141.0
1063,141.0
1064,141.0
1065,141.0
1066,141.0
1067,141.0
1068,141.0
1069,141.0
1070,141.0
1071,141.0
1072,141.0
1073,143.0
1074,143.0
1075,143.0
1076,143.0
1077,143.0
1078,143.0
1079,143.0
1080,143.0
1081,143.0
1082,143.0
1083,143.0
1084,143.0
1085,143.0
1086,143.0
1087,143.0
1088,143.0
1089,145.0
1090,145.0
1091,145.0
1092,145.0
1093,145.0
1094,145.0
1095,145.0
1096,145.0
1097,145.0
1098,145.0
1099,145.0
1100,145.0
1101,145.0
1102,145.0
1103,145.0
1104,145.0
1105,147.0
1106,147.0
1107,147.0
1108,147.0
1109,147.0
1110,147.0
1111,147.0
1112,147.0
1113,147.0
1114,147.0
1115,147.0
1116,147.0
1117,147.0
1118,147.0
1119,147.0
1120,147.0
1121,149.0
1122,149.0
1123,149.0
1124,149.0
1125,149.0
1126,149.0
1127,149.0
1128,149.0
1129,149.0
1130,149.0
1131,149.0
1132,149.0
1133,149.0
1134,149.0
1135,149.0
1136,149.0
1137,151.0
1138,151.0
1139,151.0
1140,151.0
1141,151.0
1142,151.0
1143,151.0
1144,151.0
1145,151.0
1146,151.0
1147,151.0
1148,151.0
1149,151.0
1150,151.0
1151,151.0
1152,151.0
1153,153.0
1154,153.0
1155,153.0
1156,153.0
1157,153.0
1158,153.0
1159,153.0
1160,153.0
1161,153.0
1162,153.0
1163,153.0
1164,153.0
1165,153.0
1166,153.0
1167,153.0
1168,153.0
1169,155.0
1170,155.0
1171,155.0
1172,155.0
1173,155.0
1174,155.0
1175,155.0
1176,155.0
1177,155.0
1178,155.0
1179,155.0
1180,155.0
1181,155.0
1182,155.0
1183,155.0
1184,155.0
1185,157.0
1186,157.0
1187,157.0
1188,157.0
1189,157.0
1190,157.0
1191,157.0
1192,157.0
1193,157.0
1194,157.0
1195,157.0
1196,157.0
1197,157.0
1198,157.0
1199,157.0
1200,157.0
1201,159.0
1202,159.0
1203,159.0
1204,159.0
1205,159.0
1206,159.0
1207,159.0
1208,159.0
1209,159.0
1210,159.0
1211,159.0
1212,159.0
1213,159.0
1214,159.0
1215,159.0
1216,159.0
1217,161.0
1218,161.0
1219,161.0
1220,161.0
1221,161.0
1222,161.0
1223,161.0
1224,161.0
1225,161.0
1226,161.0
1227,161.0
1228,161.0
1229,161.0
1230,161.0
1231,161.0
1232,161.0
1233,163.0
1234,163.0
1235,163.0
1236,163.0
1237,163.0
1238,163.0
1239,163.0
1240,163.0
1241,163.0
1242,163.0
1243,163.0
1244,163.0
1245,163.0
1246,163.0
1247,163.0
1248,163.0
1249,165.0
1250,165.0
1251,165.0
1252,165.0
1253,165.0
1254,165.0
1255,165.0
1256,165.0
1257,165.0
1258,165.0
1259,165.0
1260,165.0
1261,165.0
1262,165.0
1263,165.0
1264,165.0
1265,167.0
1266,167.0
1267,167.0
1268,167.0
1269,167.0
1270,167.0
1271,167.0
1272,167.0
1273,167.0
1274,167.0
1275,167.0
1276,167.0
1277,167.0
1278,167.0
1279,167.0
1280,167.0
1281,169.0
1282,169.0
1283,169.0
1284,169.0
1285,169.0
1286,169.0
1287,169.0
1288,169.0
1289,169.0
1290,169.0
1291,169.0
1292,169.0
1293,169.0
1294,169.0
1295,169.0
1296,169.0
1297,171.0
1298,171.0
1299,171.0
1300,171.0
1301,171.0
1302,171.0
1303,171.0
1304,171.0
1305,171.0
1306,171.0
1307,171.0
1308,171.0
1309,171.0
1310,171.0
1311,171.0
1312,171.0
1313,173.0
1314,173.0
1315,173.0
1316,173.0
1317,173.0
1318,173.0
1319,173.0
1320,173.0
1321,173.0
1322,173.0
1323,173.0
1324,173.0
1325,173.0
1326,173.0
1327,173.0
1328,173.0
1329,175.0
1330,175.0
1331,175.0
1332,175.0
1333,175.0
1334,175.0
1335,175.0
1336,175.0
1337,175.0
1338,175.0
1339,175.0
1340,175.0
1341,175.0
1342,175.0
1343,175.0
1344,175.0
1345,177.0
1346,177.0
1347,177.0
1348,177.0
1349,177.0
1350,177.0
1351,177.0
1352,177.0
1353,177.0
1354,177.0
1355,177.0
1356,177.0
1357,177.0
1358,177.0
1359,177.0
1360,177.0
1361,179.0
1362,179.0
1363,179.0
1364,179.0
1365,179.0
1366,179.0
1367,179.0
1368,179.0
1369,179.0
1370,179.0
1371,179.0
1372,179.0
1373,179.0
1374,179.0
1375,179.0
1376,179.0
1377,181.0
1378,181.0
1379,181.0
1380,181.0
1381,181.0
1382,181.0
1383,181.0
1384,181.0
1385,181.0
1386,181.0
1387,181.0
1388,181.0
1389,181.0
1390,181.0
1391,181.0
1392,181.0
1393,183.0
1394,183.0
1395,183.0
1396,183.0
1397,183.0
1398,183.0
1399,183.0
1400,183.0
1401,183.0
1402,183.0
1403,183.0
1404,183.0
1405,183.0
1406,183.0
1407,183.0
1408,183.0
1409,185.0
1410,185.0
1411,185.0
1412,185.0
1413,185.0
1414,185.0
1415,185.0
1416,185.0
1417,185.0
1418,185.0
1419,185.0
1420,185.0
1421,185.0
1422,185.0
1423,185.0
1424,185.0
1425,187.0
1426,187.0
1427,187.0
1428,187.0
1429,187.0
1430,187.0
1431,187.0
1432,187.0
1433,187.0
1434,187.0
1435,187.0
1436,187.0
1437,187.0
1438,187.0
1439,187.0
1440,187.0
1441,189.0
1442,189.0
1443,189.0
1444,189.0
1445,189.0
1446,189.0
1447,189.0
1448,189.0
1449,189.0
1450,189.0
1451,189.0
1452,189.0
1453,189.0
1454,189.0
1455,189.0
1456,189.0
1457,191.0
1458,191.0
1459,191.0
1460,191.0
1461,191.0
1462,191.0
1463,191.0
1464,191.0
1465,191.0
1466,191.0
1467,191.0
1468,191.0
1469,191.0
1470,191.0
1471,191.0
1472,191.0
1473,193.0
1474,193.0
1475,193.0
1476,193.0
1477,193.0
1478,193.0
1479,193.0
1480,193.0
1481,193.0
1482,193.0
1483,193.0
1484,193.0
1485,193.0
1486,193.0
1487,193.0
1488,193.0
1489,195.0
1490,195.0
1491,195.0
1492,195.0
1493,195.0
1494,195.0
1495,195.0
1496,195.0
1497,195.0
1498,195.0
1499,195.0
1500,195.0
1501,195.0
1502,195.0
1503,195.0
1504,195.0
1505,197.0
1506,197.0
1507,197.0
1508,197.0
1509,197.0
1510,197.0
1511,197.0
1512,197.0
1513,197.0
1514,197.0
1515,197.0
1516,197.0
1517,197.0
1518,197.0
1519,197.0
1520,197.0
1521,199.0
1522,199.0
1523,199.0
1524,199.0
1525,199.0
1526,199.0
1527,199.0
1528,199.0
1529,199.0
1530,199.0
1531,199.0
1532,199.0
1533,199.0
1534,199.0
1535,199.0
1536,199.0
1537,201.0
1538,201.0
1539,201.0
1540,201.0
1541,201.0
1542,201.0
1543,201.0
1544,201.0
1545,201.0
1546,201.0
1547,201.0
1548,201.0
1549,201.0
1550,201.0
1551,201.0
1552,201.0
1553,203.0
1554,203.0
1555,203.0
1556,203.0
1557,203.0
1558,203.0
1559,203.0
1560,203.0
1561,203.0
1562,203.0
1563,203.0
1564,203.0
1565,203.0
1566,203.0
1567,203.0
1568,203.0
1569,205.0
1570,205.0
1571,205.0
1572,205.0
1573,205.0
1574,205.0
1575,205.0
1576,205.0
1577,205.0
1578,205.0
1579,205.0
1580,205.0
1581,205.0
1582,205.0
1583,205.0
1584,205.0
1585,207.0
1586,207.0
1587,207.0
1588,207.0
1589,207.0
1590,207.0
1591,207.0
1592,207.0
1593,207.0
1594,207.0
1595,207.0
1596,207.0
1597,207.0
1598,207.0
1599,207.0
1600,207.0
1601,209.0
1602,209.0
1603,209.0
1604,209.0
1605,209.0
1606,209.0
1607,209.0
1608,209.0
1609,209.0
1610,209.0
1611,209.0
1612,209.0
1613,209.0
1614,209.0
1615,209.0
1616,209.0
1617,211.0
1618,211.0
1619,211.0
1620,211.0
1621,211.0
1622,211.0
1623,211.0
1624,211.0
1625,211.0
1626,211.0
1627,211.0
1628,211.0
1629,211.0
1630,211.0
1631,211.0
1632,211.0
1633,213.0
1634,213.0
1635,213.0
1636,213.0
1637,213.0
1638,213.0
1639,213.0
1640,213.0
1641,213.0
1642,213.0
1643,213.0
1644,213.0
1645,213.0
1646,213.0
1647,213.0
1648,213.0
1649,215.0
1650,215.0
1651,215.0
1652,215.0
1653,215.0
1654,215.0
1655,215.0
1656,215.0
1657,215.0
1658,215.0
1659,215.0
1660,215.0
1661,215.0
1662,215.0
1663,215.0
1664,215.0
1665,217.0
1666,217.0
1667,217.0
1668,217.0
1669,217.0
1670,217.0
1671,217.0
1672,217.0
1673,217.0
1674,217.0
1675,217.0
1676,217.0
1677,217.0
1678,217.0
1679,217.0
1680,217.0
1681,219.0
1682,219.0
1683,219.0
1684,219.0
1685,219.0
1686,219.0
1687,219.0
1688,219.0
1689,219.0
1690,219.0
1691,219.0
1692,219.0
1693,219.0
1694,219.0
1695,219.0
1696,219.0
1697,221.0
1698,221.0
1699,221.0
1700,221.0
1701,221.0
1702,221.0
1703,221.0
1704,221.0
1705,221.0
1706,221.0
1707,221.0
1708,221.0
1709,221.0
1710,221.0
1711,221.0
1712,221.0
1713,223.0
1714,223.0
1715,223.0
1716,223.0
1717,223.0
1718,223.0
1719,223.0
1720,223.0
1721,223.0
1722,223.0
1723,223.0
1724,223.0
1725,223.0
1726,223.0
1727,223.0
1728,223.0
1729,225.0
1730,225.0
1731,225.0
1732,225.0
1733,225.0
1734,225.0
1735,225.0
1736,225.0
1737,225.0
1738,225.0
1739,225.0
1740,225.0
1741,225.0
1742,225.0
1743,225.0
1744,225.0
1745,227.0
1746,227.0
1747,227.0
1748,227.0
1749,227.0
1750,227.0
1751,227.0
1752,227.0
1753,227.0
1754,227.0
1755,227.0
1756,227.0
1757,227.0
1758,227.0
1759,227.0
1760,227.0
1761,229.0
1762,229.0
1763,229.0
1764,229.0
1765,229.0
1766,229.0
1767,229.0
1768,229.0
1769,229.0
1770,229.0
1771,229.0
1772,229.0
1773,229.0
1774,229.0
1775,229.0
1776,229.0
1777,231.0
1778,231.0
1779,231.0
1780,231.0
1781,231.0
1782,231.0
1783,231.0
1784,231.0
1785,231.0
1786,231.0
1787,231.0
1788,231.0
1789,231.0
1790,231.0
1791,231.0
1792,231.0
1793,233.0
1794,233.0
1795,233.0
1796,233.0
1797,233.0
1798,233.0
1799,233.0
1800,233.0
1801,233.0
1802,233.0
1803,233.0
1804,233.0
1805,233.0
1806,233.0
1807,233.0
1808,233.0
1809,235.0
1810,235.0
1811,235.0
1812,235.0
1813,235.0
1814,235.0
1815,235.0
1816,235.0
1817,235.0
1818,235.0
1819,235.0
1820,235.0
1821,235.0
1822,235.0
1823,235.0
1824,235.0
1825,237.0
1826,237.0
1827,237.0
1828,237.0
1829,237.0
1830,237.0
1831,237.0
1832,237.0
1833,237.0
1834,237.0
1835,237.0
1836,237.0
1837,237.0
1838,237.0
1839,237.0
1840,237.0
1841,239.0
1842,239.0
1843,239.0
1844,239.0
1845,239.0
1846,239.0
1847,239.0
1848,239.0
1849,239.0
1850,239.0
1851,239.0
1852,239.0
1853,239.0
1854,239.0
1855,239.0
1856,239.0
1857,241.0
1858,241.0
1859,241.0
1860,241.0
1861,241.0
1862,241.0
1863,241.0
1864,241.0
1865,241.0
1866,241.0
1867,241.0
1868,241.0
1869,241.0
1870,241.0
1871,241.0
1872,241.0
1873,243.0
1874,243.0
1875,243.0
1876,243.0
1877,243.0
1878,243.0
1879,243.0
1880,243.0
1881,243.0
1882,243.0
1883,243.0
1884,243.0
1885,243.0
1886,243.0
1887,243.0
1888,243.0
1889,245.0
1890,245.0
1891,245.0
1892,245.0
1893,245.0
1894,245.0
1895,245.0
1896,245.0
1897,245.0
1898,245.0
1899,245.0
1900,245.0
1901,245.0
1902,245.0
1903,245.0
1904,245.0
1905,247.0
1906,247.0
1907,247.0
1908,247.0
1909,247.0
1910,247.0
1911,247.0
1912,247.0
1913,247.0
1914,247.0
1915,247.0
1916,247.0
1917,247.0
1918,247.0
1919,247.0
1920,247.0
1921,249.0
1922,249.0
1923,249.0
1924,249.0
1925,249.0
1926,249.0
1927,249.0
1928,249.0
1929,249.0
1930,249.0
1931,249.0
1932,249.0
1933,249.0
1934,249.0
1935,249.0
1936,249.0
1937,251.0
1938,251.0
1939,251.0
1940,251.0
1941,251.0
1942,251.0
1943,251.0
1944,251.0
1945,251.0
1946,251.0
1947,251.0
1948,251.0
1949,251.0
1950,251.0
1951,251.0
1952,251.0
1953,253.0
1954,253.0
1955,253.0
1956,253.0
1957,253.0
1958,253.0
1959,253.0
1960,253.0
1961,253.0
1962,253.0
1963,253.0
1964,253.0
1965,253.0
1966,253.0
1967,253.0
1968,253.0
1969,255.0
1970,255.0
1971,255.0
1972,255.0
1973,255.0
1974,255.0
1975,255.0
1976,255.0
1977,255.0
1978,255.0
1979,255.0
1980,255.0
1981,255.0
1982,255.0
1983,255.0
1984,255.0
1985,257.0
1986,257.0
1987,257.0
1988,257.0
1989,257.0
1990,257.0
1991,257.0
1992,257.0
1993,257.0
1994,257.0
1995,257.0
1996,257.0
1997,257.0
1998,257.0
1999,257.0
2000,257.0
2001,259.0
2002,259.0
2003,259.0
2004,259.0
2005,259.0
2006,259.0
2007,259.0
2008,259.0
2009,259.0
2010,259.0
2011,259.0
2012,259.0
2013,259.0
2014,259.0
2015,259.0
2016,259.0
2017,261.0
2018,261.0
2019,261.0
2020,261.0
2021,261.0
2022,261.0
2023,261.0
2024,261.0
2025,261.0
2026,261.0
2027,261.0
2028,261.0
2029,261.0
2030,261.0
2031,261.0
2032,261.0
2033,263.0
2034,263.0
2035,263.0
2036,263.0
2037,263.0
2038,263.0
2039,263.0
2040,263.0
2041,263.0
2042,263.0
2043,263.0
2044,263.0
2045,263.0
2046,263.0
2047,263.0
2048,263.0
2049,265.0
2050,265.0
2051,265.0
2052,265.0
2053,265.0
2054,265.0
2055,265.0
2056,265.0
2057,265.0
2058,265.0
2059,265.0
2060,265.0
2061,265.0
2062,265.0
2063,265.0
2064,265.0
2065,267.0
2066,267.0
2067,267.0
2068,267.0
2069,267.0
2070,267.0
2071,267.0
2072,267.0
2073,267.0
2074,267.0
2075,267.0
2076,267.0
2077,267.0
2078,267.0
2079,267.0
2080,267.0
2081,269.0
2082,269.0
2083,269.0
2084,269.0
2085,269.0
2086,269.0
2087,269.0
2088,269.0
2089,269.0
2090,269.0
2091,269.0
2092,269.0
2093,269.0
2094,269.0
2095,269.0
2096,269.0
2097,271.0
2098,271.0
2099,271.0
2100,271.0
2101,271.0
2102,271.0
2103,271.0
2104,271.0
2105,271.0
2106,271.0
2107,271.0
2108,271.0
2109,271.0
2110,271.0
2111,271.0
2112,271.0
2113,273.0
2114,273.0
2115,273.0
2116,273.0
2117,273.0
2118,273.0
2119,273.0
2120,273.0
2121,273.0
2122,273.0
2123,273.0
2124,273.0
2125,273.0
2126,273.0
2127,273.0
2128,273.0
2129,275.0
2130,275.0
2131,275.0
2132,275.0
2133,275.0
2134,275.0
2135,275.0
2136,275.0
2137,275.0
2138,275.0
2139,275.0
2140,275.0
2141,275.0
2142,275.0
2143,275.0
2144,275.0
2145,277.0
2146,277.0
2147,277.0
2148,277.0
2149,277.0
2150,277.0
2151,277.0
2152,277.0
2153,277.0
2154,277.0
2155,277.0
2156,277.0
2157,277.0
2158,277.0
2159,277.0
2160,277.0
2161,279.0
2162,279.0
2163,279.0
2164,279.0
2165,279.0
2166,279.0
2167,279.0
2168,279.0
2169,279.0
2170,279.0
2171,279.0
2172,279.0
2173,279.0
2174,279.0
2175,279.0
2176,279.0
2177,281.0
2178,281.0
2179,281.0
2180,281.0
2181,281.0
2182,281.0
2183,281.0
2184,281.0
2185,281.0
2186,281.0
2187,281.0
2188,281.0
2189,281.0
2190,281.0
2191,281.0
2192,281.0
2193,283.0
2194,283.0
2195,283.0
2196,283.0
2197,283.0
2198,283.0
2199,283.0
2200,283.0
2201,283.0
2202,283.0
2203,283.0
2204,283.0
2205,283.0
2206,283.0
2207,283.0
2208,283.0
2209,285.0
2210,285.0
2211,285.0
2212,285.0
2213,285.0
2214,285.0
2215,285.0
2216,285.0
2217,285.0
2218,285.0
2219,285.0
2220,285.0
2221,285.0
2222,285.0
2223,285.0
2224,285.0
2225,287.0
2226,287.0
2227,287.0
2228,287.0
2229,287.0
2230,287.0
2231,287.0
2232,287.0
2233,287.0
2234,287.0
2235,287.0
2236,287.0
2237,287.0
2238,287.0
2239,287.0
2240,287.0
2241,289.0
2242,289.0
2243,289.0
2244,289.0
2245,289.0
2246,289.0
2247,289.0
2248,289.0
2249,289.0
2250,289.0
2251,289.0
2252,289.0
2253,289.0
2254,289.0
2255,289.0
2256,289.0
2257,291.0
2258,291.0
2259,291.0
2260,291.0
2261,291.0
2262,291.0
2263,291.0
2264,291.0
2265,291.0
2266,291.0
2267,291.0
2268,291.0
2269,291.0
2270,291.0
2271,291.0
2272,291.0
2273,293.0
2274,293.0
2275,293.0
2276,293.0
2277,293.0
2278,293.0
2279,293.0
2280,293.0
2281,293.0
2282,293.0
2283,293.0
2284,293.0
2285,293.0
2286,293.0
2287,293.0
2288,293.0
2289,295.0
2290,295.0
2291,295.0
2292,295.0
2293,295.0
2294,295.0
2295,295.0
2296,295.0
2297,295.0
2298,295.0
2299,295.0
2300,295.0
2301,295.0
2302,295.0
2303,295.0
2304,295.0
2305,297.0
2306,297.0
2307,297.0
2308,297.0
2309,297.0
2310,297.0
2311,297.0
2312,297.0
2313,297.0
2314,297.0
2315,297.0
2316,297.0
2317,297.0
2318,297.0
2319,297.0
2320,297.0
2321,299.0
2322,299.0
2323,299.0
2324,299.0
2325,299.0
2326,299.0
2327,299.0
2328,299.0
2329,299.0
2330,299.0
2331,299.0
2332,299.0
2333,299.0
2334,299.0
2335,299.0
2336,299.0
2337,301.0
2338,301.0
2339,301.0
2340,301.0
2341,301.0
2342,301.0
2343,301.0
2344,301.0
2345,301.0
2346,301.0
2347,301.0
2348,301.0
2349,301.0
2350,301.0
2351,301.0
2352,301.0
2353,303.0
2354,303.0
2355,303.0
2356,303.0
2357,303.0
2358,303.0
2359,303.0
2360,303.0
2361,303.0
2362,303.0
2363,303.0
2364,303.0
2365,303.0
2366,303.0
2367,303.0
2368,303.0
2369,305.0
2370,305.0
2371,305.0
2372,305.0
2373,305.0
2374,305.0
2375,305.0
2376,305.0
2377,305.0
2378,305.0
2379,305.0
2380,305.0
2381,305.0
2382,305.0
2383,305.0
2384,305.0
2385,307.0
2386,307.0
2387,307.0
2388,307.0
2389,307.0
2390,307.0
2391,307.0
2392,307.0
2393,307.0
2394,307.0
2395,307.0
2396,307.0
2397,307.0
2398,307.0
2399,307.0
2400,307.0
2401,309.0
2402,309.0
2403,309.0
2404,309.0
2405,309.0
2406,309.0
2407,309.0
2408,309.0
2409,309.0
2410,309.0
2411,309.0
2412,309.0
2413,309.0
2414,309.0
2415,309.0
2416,309.0
2417,311.0
2418,311.0
2419,311.0
2420,311.0
2421,311.0
2422,311.0
2423,311.0
2424,311.0
2425,311.0
2426,311.0
2427,311.0
2428,311.0
2429,311.0
2430,311.0
2431,311.0
2432,311.0
2433,313.0
2434,313.0
2435,313.0
2436,313.0
2437,313.0
2438,313.0
2439,313.0
2440,313.0
2441,313.0
2442,313.0
2443,313.0
2444,313.0
2445,313.0
2446,313.0
2447,313.0
2448,313.0
2449,315.0
2450,315.0
2451,315.0
2452,315.0
2453,315.0
2454,315.0
2455,315.0
2456,315.0
2457,315.0
2458,315.0
2459,315.0
2460,315.0
2461,315.0
2462,315.0
2463,315.0
2464,315.0
2465,317.0
2466,317.0
2467,317.0
2468,317.0
2469,317.0
2470,317.0
2471,317.0
2472,317.0
2473,317.0
2474,317.0
2475,317.0
2476,317.0
2477,317.0
2478,317.0
2479,317.0
2480,317.0
2481,319.0
2482,319.0
2483,319.0
2484,319.0
2485,319.0
2486,319.0
2487,319.0
2488,319.0
2489,319.0
2490,319.0
2491,319.0
2492,319.0
2493,319.0
2494,319.0
2495,319.0
2496,319.0
2497,321.0
2498,321.0
2499,321.0
2500,321.0
2501,321.0
2502,321.0
2503,321.0
2504,321.0
2505,321.0
2506,321.0
2507,321.0
2508,321.0
2509,321.0
2510,321.0
2511,321.0
2512,321.0
2513,323.0
2514,323.0
2515,323.0
2516,323.0
2517,323.0
2518,323.0
2519,323.0
2520,323.0
2521,323.0
2522,323.0
2523,323.0
2524,323.0
2525,323.0
2526,323.0
2527,323.0
2528,323.0
2529,325.0
2530,325.0
2531,325.0
2532,325.0
2533,325.0
2534,325.0
2535,325.0
2536,325.0
2537,325.0
2538,325.0
2539,325.0
2540,325.0
2541,325.0
2542,325.0
2543,325.0
2544,325.0
2545,327.0
2546,327.0
2547,327.0
2548,327.0
2549,327.0
2550,327.0
2551,327.0
2552,327.0
2553,327.0
2554,327.0
2555,327.0
2556,327.0
2557,327.0
2558,327.0
2559,327.0
2560,327.0
2561,329.0
2562,329.0
2563,329.0
2564,329.0
2565,329.0
2566,329.0
2567,329.0
2568,329.0
2569,329.0
2570,329.0
2571,329.0
2572,329.0
2573,329.0
2574,329.0
2575,329.0
2576,329.0
2577,331.0
2578,331.0
2579,331.0
2580,331.0
2581,331.0
2582,331.0
2583,331.0
2584,331.0
2585,331.0
2586,331.0
2587,331.0
2588,331.0
2589,331.0
2590,331.0
2591,331.0
2592,331.0
2593,333.0
2594,333.0
2595,333.0
2596,333.0
2597,333.0
2598,333.0
2599,333.0
2600,333.0
2601,333.0
2602,333.0
2603,333.0
2604,333.0
2605,333.0
2606,333.0
2607,333.0
2608,333.0
2609,335.0
2610,335.0
2611,335.0
2612,335.0
2613,335.0
2614,335.0
2615,335.0
2616,335.0
2617,335.0
2618,335.0
2619,335.0
2620,335.0
2621,335.0
2622,335.0
2623,335.0
2624,335.0
2625,337.0
2626,337.0
2627,337.0
2628,337.0
2629,337.0
2630,337.0
2631,337.0
2632,337.0
2633,337.0
2634,337.0
2635,337.0
2636,337.0
2637,337.0
2638,337.0
2639,337.0
2640,337.0
2641,339.0
2642,339.0
2643,339.0
2644,339.0
2645,339.0
2646,339.0
2647,339.0
2648,339.0
2649,339.0
2650,339.0
2651,339.0
2652,339.0
2653,339.0
2654,339.0
2655,339.0
2656,339.0
2657,341.0
2658,341.0
2659,341.0
2660,341.0
2661,341.0
2662,341.0
2663,341.0
2664,341.0
2665,341.0
2666,341.0
2667,341.0
2668,341.0
2669,341.0
2670,341.0
2671,341.0
2672,341.0
2673,343.0
2674,343.0
2675,343.0
2676,343.0
2677,343.0
2678,343.0
2679,343.0
2680,343.0
2681,343.0
2682,343.0
2683,343.0
2684,343.0
2685,343.0
2686,343.0
2687,343.0
2688,343.0
2689,345.0
2690,345.0
2691,345.0
2692,345.0
2693,345.0
2694,345.0
2695,345.0
2696,345.0
2697,345.0
2698,345.0
2699,345.0
2700,345.0
2701,345.0
2702,345.0
2703,345.0
2704,345.0
2705,347.0
2706,347.0
2707,347.0
2708,347.0
2709,347.0
2710,347.0
2711,347.0
2712,347.0
2713,347.0
2714,347.0
2715,347.0
2716,347.0
2717,347.0
2718,347.0
2719,347.0
2720,347.0
2721,349.0
2722,349.0
2723,349.0
2724,349.0
2725,349.0
2726,349.0
2727,349.0
2728,349.0
2729,349.0
2730,349.0
2731,349.0
2732,349.0
2733,349.0
2734,349.0
2735,349.0
2736,349.0
2737,351.0
2738,351.0
2739,351.0
2740,351.0
2741,351.0
2742,351.0
2743,351.0
2744,351.0
2745,351.0
2746,351.0
2747,351.0
2748,351.0
2749,351.0
2750,351.0
2751,351.0
2752,351.0
2753,353.0
2754,353.0
2755,353.0
2756,353.0
2757,353.0
2758,353.0
2759,353.0
2760,353.0
2761,353.0
2762,353.0
2763,353.0
2764,353.0
2765,353.0
2766,353.0
2767,353.0
2768,353.0
2769,355.0
2770,355.0
2771,355.0
2772,355.0
2773,355.0
2774,355.0
2775,355.0
2776,355.0
2777,355.0
2778,355.0
2779,355.0
2780,355.0
2781,355.0
2782,355.0
2783,355.0
2784,355.0
2785,357.0
2786,357.0
2787,357.0
2788,357.0
2789,357.0
2790,357.0
2791,357.0
2792,357.0
2793,357.0
2794,357.0
2795,357.0
2796,357.0
2797,357.0
2798,357.0
2799,357.0
2800,357.0
2801,359.0
2802,359.0
2803,359.0
2804,359.0
2805,359.0
2806,359.0
2807,359.0
2808,359.0
2809,359.0
2810,359.0
2811,359.0
2812,359.0
2813,359.0
2814,359.0
2815,359.0
2816,359.0
2817,361.0
2818,361.0
2819,361.0
2820,361.0
2821,361.0
2822,361.0
2823,361.0
2824,361.0
2825,361.0
2826,361.0
2827,361.0
2828,361.0
2829,361.0
2830,361.0
2831,361.0
2832,361.0
2833,363.0
2834,363.0
2835,363.0
2836,363.0
2837,363.0
2838,363.0
2839,363.0
2840,363.0
2841,363.0
2842,363.0
2843,363.0
2844,363.0
2845,363.0
2846,363.0
2847,363.0
2848,363.0
2849,365.0
2850,365.0
2851,365.0
2852,365.0
2853,365.0
2854,365.0
2855,365.0
2856,365.0
2857,365.0
2858,365.0
2859,365.0
2860,365.0
2861,365.0
2862,365.0
2863,365.0
2864,365.0
2865,367.0
2866,367.0
2867,367.0
2868,367.0
2869,367.0
2870,367.0
2871,367.0
2872,367.0
2873,367.0
2874,367.0
2875,367.0
2876,367.0
2877,367.0
2878,367.0
2879,367.0
2880,367.0
2881,369.0
2882,369.0
2883,369.0
2884,369.0
2885,369.0
2886,369.0
2887,369.0
2888,369.0
2889,369.0
2890,369.0
2891,369.0
2892,369.0
2893,369.0
2894,369.0
2895,369.0
2896,369.0
2897,371.0
2898,371.0
2899,371.0
2900,371.0
2901,371.0
2902,371.0
2903,371.0
2904,371.0
2905,371.0
2906,371.0
2907,371.0
2908,371.0
2909,371.0
2910,371.0
2911,371.0
2912,371.0
2913,373.0
2914,373.0
2915,373.0
2916,373.0
2917,373.0
2918,373.0
2919,373.0
2920,373.0
2921,373.0
2922,373.0
2923,373.0
2924,373.0
2925,373.0
2926,373.0
2927,373.0
2928,373.0
2929,375.0
2930,375.0
2931,375.0
2932,375.0
2933,375.0
2934,375.0
2935,375.0
2936,375.0
2937,375.0
2938,375.0
2939,375.0
2940,375.0
2941,375.0
2942,375.0
2943,375.0
2944,375.0
2945,377.0
2946,377.0
2947,377.0
2948,377.0
2949,377.0
2950,377.0
2951,377.0
2952,377.0
2953,377.0
2954,377.0
2955,377.0
2956,377.0
2957,377.0
2958,377.0
2959,377.0
2960,377.0
2961,379.0
2962,379.0
2963,379.0
2964,379.0
2965,379.0
2966,379.0
2967,379.0
2968,379.0
2969,379.0
2970,379.0
2971,379.0
2972,379.0
2973,379.0
2974,379.0
2975,379.0
2976,379.0
2977,381.0
2978,381.0
2979,381.0
2980,381.0
2981,381.0
2982,381.0
2983,381.0
2984,381.0
2985,381.0
2986,381.0
2987,381.0
2988,381.0
2989,381.0
2990,381.0
2991,381.0
2992,381.0
2993,383.0
2994,383.0
2995,383.0
2996,383.0
2997,383.0
2998,383.0
2999,383.0
3000,383.0
3001,383.0
3002,383.0
3003,383.0
3004,383.0
3005,383.0
3006,383.0
3007,383.0
3008,383.0
3009,385.0
3010,385.0
3011,385.0
3012,385.0
3013,385.0
3014,385.0
3015,385.0
3016,385.0
3017,385.0
3018,385.0
3019,385.0
3020,385.0
3021,385.0
3022,385.0
3023,385.0
3024,385.0
3025,387.0
3026,387.0
3027,387.0
3028,387.0
3029,387.0
3030,387.0
3031,387.0
3032,387.0
3033,387.0
3034,387.0
3035,387.0
3036,387.0
3037,387.0
3038,387.0
3039,387.0
3040,387.0
3041,389.0
3042,389.0
3043,389.0
3044,389.0
3045,389.0
3046,389.0
3047,389.0
3048,389.0
3049,389.0
3050,389.0
3051,389.0
3052,389.0
3053,389.0
3054,389.0
3055,389.0
3056,389.0
3057,391.0
3058,391.0
3059,391.0
3060,391.0
3061,391.0
3062,391.0
3063,391.0
3064,391.0
3065,391.0
3066,391.0
3067,391.0
3068,391.0
3069,391.0
3070,391.0
3071,391.0
3072,391.0
3073,393.0
3074,393.0
3075,393.0
3076,393.0
3077,393.0
3078,393.0
3079,393.0
3080,393.0
3081,393.0
3082,393.0
3083,393.0
3084,393.0
3085,393.0
3086,393.0
3087,393.0
3088,393.0
3089,395.0
3090,395.0
3091,395.0
3092,395.0
3093,395.0
3094,395.0
3095,395.0
3096,395.0
3097,395.0
3098,395.0
3099,395.0
3100,395.0
3101,395.0
3102,395.0
3103,395.0
3104,395.0
3105,397.0
3106,397.0
3107,397.0
3108,397.0
3109,397.0
3110,397.0
3111,397.0
3112,397.0
3113,397.0
3114,397.0
3115,397.0
3116,397.0
3117,397.0
3118,397.0
3119,397.0
3120,397.0
3121,399.0
3122,399.0
3123,399.0
3124,399.0
3125,399.0
3126,399.0
3127,399.0
3128,399.0
3129,399.0
3130,399.0
3131,399.0
3132,399.0
3133,399.0
3134,399.0
3135,399.0
3136,399.0
3137,401.0
3138,401.0
3139,401.0
3140,401.0
3141,401.0
3142,401.0
3143,401.0
3144,401.0
3145,401.0
3146,401.0
3147,401.0
3148,401.0
3149,401.0
3150,401.0
3151,401.0
3152,401.0
3153,403.0
3154,403.0
3155,403.0
3156,403.0
3157,403.0
3158,403.0
3159,403.0
3160,403.0
3161,403.0
3162,403.0
3163,403.0
3164,403.0
3165,403.0
3166,403.0
3167,403.0
3168,403.0
3169,405.0
3170,405.0
3171,405.0
3172,405.0
3173,405.0
3174,405.0
3175,405.0
3176,405.0
3177,405.0
3178,405.0
3179,405.0
3180,405.0
3181,405.0
3182,405.0
3183,405.0
3184,405.0
3185,407.0
3186,407.0
3187,407.0
3188,407.0
3189,407.0
3190,407.0
3191,407.0
3192,407.0
3193,407.0
3194,407.0
3195,407.0
3196,407.0
3197,407.0
3198,407.0
3199,407.0
3200,407.0
3201,409.0
3202,409.0
3203,409.0
3204,409.0
3205,409.0
3206,409.0
3207,409.0
3208,409.0
3209,409.0
3210,409.0
3211,409.0
3212,409.0
3213,409.0
3214,409.0
3215,409.0
3216,409.0
3217,411.0
3218,411.0
3219,411.0
3220,411.0
3221,411.0
3222,411.0
3223,411.0
3224,411.0
3225,411.0
3226,411.0
3227,411.0
3228,411.0
3229,411.0
3230,411.0
3231,411.0
3232,411.0
3233,413.0
3234,413.0
3235,413.0
3236,413.0
3237,413.0
3238,413.0
3239,413.0
3240,413.0
3241,413.0
3242,413.0
3243,413.0
3244,413.0
3245,413.0
3246,413.0
3247,413.0
3248,413.0
3249,415.0
3250,415.0
3251,415.0
3252,415.0
3253,415.0
3254,415.0
3255,415.0
3256,415.0
3257,415.0
3258,415.0
3259,415.0
3260,415.0
3261,415.0
3262,415.0
3263,415.0
3264,415.0
3265,417.0
3266,417.0
3267,417.0
3268,417.0
3269,417.0
3270,417.0
3271,417.0
3272,417.0
3273,417.0
3274,417.0
3275,417.0
3276,417.0
3277,417.0
3278,417.0
3279,417.0
3280,417.0
3281,419.0
3282,419.0
3283,419.0
3284,419.0
3285,419.0
3286,419.0
3287,419.0
3288,419.0
3289,419.0
3290,419.0
3291,419.0
3292,419.0
3293,419.0
3294,419.0
3295,419.0
3296,419.0
3297,421.0
3298,421.0
3299,421.0
3300,421.0
3301,421.0
3302,421.0
3303,421.0
3304,421.0
3305,421.0
3306,421.0
3307,421.0
3308,421.0
3309,421.0
3310,421.0
3311,421.0
3312,421.0
3313,423.0
3314,423.0
3315,423.0
3316,423.0
3317,423.0
3318,423.0
3319,423.0
3320,423.0
3321,423.0
3322,423.0
3323,423.0
3324,423.0
3325,423.0
3326,423.0
3327,423.0
3328,423.0
3329,425.0
3330,425.0
3331,425.0
3332,425.0
3333,425.0
3334,425.0
3335,425.0
3336,425.0
3337,425.0
3338,425.0
3339,425.0
3340,425.0
3341,425.0
3342,425.0
3343,425.0
3344,425.0
3345,427.0
3346,427.0
3347,427.0
3348,427.0
3349,427.0
3350,427.0
3351,427.0
3352,427.0
3353,427.0
3354,427.0
3355,427.0
3356,427.0
3357,427.0
3358,427.0
3359,427.0
3360,427.0
3361,429.0
3362,429.0
3363,429.0
3364,429.0
3365,429.0
3366,429.0
3367,429.0
3368,429.0
3369,429.0
3370,429.0
3371,429.0
3372,429.0
3373,429.0
3374,429.0
3375,429.0
3376,429.0
3377,431.0
3378,431.0
3379,431.0
3380,431.0
3381,431.0
3382,431.0
3383,431.0
3384,431.0
3385,431.0
3386,431.0
3387,431.0
3388,431.0
3389,431.0
3390,431.0
3391,431.0
3392,431.0
3393,433.0
3394,433.0
3395,433.0
3396,433.0
3397,433.0
3398,433.0
3399,433.0
3400,433.0
3401,433.0
3402,433.0
3403,433.0
3404,433.0
3405,433.0
3406,433.0
3407,433.0
3408,433.0
3409,435.0
3410,435.0
3411,435.0
3412,435.0
3413,435.0
3414,435.0
3415,435.0
3416,435.0
3417,435.0
3418,435.0
3419,435.0
3420,435.0
3421,435.0
3422,435.0
3423,435.0
3424,435.0
3425,437.0
3426,437.0
3427,437.0
3428,437.0
3429,437.0
3430,437.0
3431,437.0
3432,437.0
3433,437.0
3434,437.0
3435,437.0
3436,437.0
3437,437.0
3438,437.0
3439,437.0
3440,437.0
3441,439.0
3442,439.0
3443,439.0
3444,439.0
3445,439.0
3446,439.0
3447,439.0
3448,439.0
3449,439.0
3450,439.0
3451,439.0
3452,439.0
3453,439.0
3454,439.0
3455,439.0
3456,439.0
3457,441.0
3458,441.0
3459,441.0
3460,441.0
3461,441.0
3462,441.0
3463,441.0
3464,441.0
3465,441.0
3466,441.0
3467,441.0
3468,441.0
3469,441.0
3470,441.0
3471,441.0
3472,441.0
3473,443.0
3474,443.0
3475,443.0
3476,443.0
3477,443.0
3478,443.0
3479,443.0
3480,443.0
3481,443.0
3482,443.0
3483,443.0
3484,443.0
3485,443.0
3486,443.0
3487,443.0
3488,443.0
3489,445.0
3490,445.0
3491,445.0
3492,445.0
3493,445.0
3494,445.0
3495,445.0
3496,445.0
3497,445.0
3498,445.0
3499,445.0
3500,446.0
3501,446.0
3502,446.0
3503,446.0
3504,446.0
3505,448.0
3506,448.0
3507,448.0
3508,448.0
3509,448.0
3510,448.0
3511,448.0
3512,448.0
3513,448.0
3514,448.0
3515,448.0
3516,448.0
3517,448.0
3518,448.0
3519,448.0
3520,448.0
3521,450.0
3522,450.0
3523,450.0
3524,450.0
3525,450.0
3526,450.0
3527,450.0
3528,450.0
3529,450.0
3530,450.0
3531,450.0
3532,450.0
3533,450.0
3534,450.0
3535,450.0
3536,450.0
3537,452.0
3538,452.0
3539,452.0
3540,452.0
3541,452.0
3542,452.0
3543,452.0
3544,452.0
3545,452.0
3546,452.0
3547,452.0
3548,452.0
3549,452.0
3550,452.0
3551,452.0
3552,452.0
3553,454.0
3554,454.0
3555,454.0
3556,454.0
3557,454.0
3558,454.0
3559,454.0
3560,454.0
3561,454.0
3562,454.0
3563,454.0
3564,454.0
3565,454.0
3566,454.0
3567,454.0
3568,454.0
3569,456.0
3570,456.0
3571,456.0
3572,456.0
3573,456.0
3574,456.0
3575,456.0
3576,456.0
3577,456.0
3578,456.0
3579,456.0
3580,456.0
3581,456.0
3582,456.0
3583,456.0
3584,456.0
3585,458.0
3586,458.0
3587,458.0
3588,458.0
3589,458.0
3590,458.0
3591,458.0
3592,458.0
3593,458.0
3594,458.0
3595,458.0
3596,458.0
3597,458.0
3598,458.0
3599,458.0
3600,458.0
3601,460.0
3602,460.0
3603,460.0
3604,460.0
3605,460.0
3606,460.0
3607,460.0
3608,460.0
3609,460.0
3610,460.0
3611,460.0
3612,460.0
3613,460.0
3614,460.0
3615,460.0
3616,460.0
3617,462.0
3618,462.0
3619,462.0
3620,462.0
3621,462.0
3622,462.0
3623,462.0
3624,462.0
3625,462.0
3626,462.0
3627,462.0
3628,462.0
3629,462.0
3630,462.0
3631,462.0
3632,462.0
3633,464.0
3634,464.0
3635,464.0
3636,464.0
3637,464.0
3638,464.0
3639,464.0
3640,464.0
3641,464.0
3642,464.0
3643,464.0
3644,464.0
3645,464.0
3646,464.0
3647,464.0
3648,464.0
3649,466.0
3650,466.0
3651,466.0
3652,466.0
3653,466.0
3654,466.0
3655,466.0
3656,466.0
3657,466.0
3658,466.0
3659,466.0
3660,466.0
3661,466.0
3662,466.0
3663,466.0
3664,466.0
3665,468.0
3666,468.0
3667,468.0
3668,468.0
3669,468.0
3670,468.0
3671,468.0
3672,468.0
3673,468.0
3674,468.0
3675,468.0
3676,468.0
3677,468.0
3678,468.0
3679,468.0
3680,468.0
3681,470.0
3682,470.0
3683,470.0
3684,470.0
3685,470.0
3686,470.0
3687,470.0
3688,470.0
3689,470.0
3690,470.0
3691,470.0
3692,470.0
3693,470.0
3694,470.0
3695,470.0
3696,470.0
3697,472.0
3698,472.0
3699,472.0
3700,472.0
3701,472.0
3702,472.0
3703,472.0
3704,472.0
3705,472.0
3706,472.0
3707,472.0
3708,472.0
3709,472.0
3710,472.0
3711,472.0
3712,472.0
3713,474.0
3714,474.0
3715,474.0
3716,474.0
3717,474.0
3718,474.0
3719,474.0
3720,474.0
3721,474.0
3722,474.0
3723,474.0
3724,474.0
3725,474.0
3726,474.0
3727,474.0
3728,474.0
3729,476.0
3730,476.0
3731,476.0
3732,476.0
3733,476.0
3734,476.0
3735,476.0
3736,476.0
3737,476.0
3738,476.0
3739,476.0
3740,476.0
3741,476.0
3742,476.0
3743,476.0
3744,476.0
3745,478.0
3746,478.0
3747,478.0
3748,478.0
3749,478.0
3750,478.0
3751,478.0
3752,478.0
3753,478.0
3754,478.0
3755,478.0
3756,478.0
3757,478.0
3758,478.0
3759,478.0
3760,478.0
3761,480.0
3762,480.0
3763,480.0
3764,480.0
3765,480.0
3766,480.0
3767,480.0
3768,480.0
3769,480.0
3770,480.0
3771,480.0
3772,480.0
3773,480.0
3774,480.0
3775,480.0
3776,480.0
3777,482.0
3778,482.0
3779,482.0
3780,482.0
3781,482.0
3782,482.0
3783,482.0
3784,482.0
3785,482.0
3786,482.0
3787,482.0
3788,482.0
3789,482.0
3790,482.0
3791,482.0
3792,482.0
3793,484.0
3794,484.0
3795,484.0
3796,484.0
3797,484.0
3798,484.0
3799,484.0
3800,484.0
3801,484.0
3802,484.0
3803,484.0
3804,484.0
3805,484.0
3806,484.0
3807,484.0
3808,484.0
3809,486.0
3810,486.0
3811,486.0
3812,486.0
3813,486.0
3814,486.0
3815,486.0
3816,486.0
3817,486.0
3818,486.0
3819,486.0
3820,486.0
3821,486.0
3822,486.0
3823,486.0
3824,486.0
3825,488.0
3826,488.0
3827,488.0
3828,488.0
3829,488.0
3830,488.0
3831,488.0
3832,488.0
3833,488.0
3834,488.0
3835,488.0
3836,488.0
3837,488.0
3838,488.0
3839,488.0
3840,488.0
3841,490.0
3842,490.0
3843,490.0
3844,490.0
3845,490.0
3846,490.0
3847,490.0
3848,490.0
3849,490.0
3850,490.0
3851,490.0
3852,490.0
3853,490.0
3854,490.0
3855,490.0
3856,490.0
3857,492.0
3858,492.0
3859,492.0
3860,492.0
3861,492.0
3862,492.0
3863,492.0
3864,492.0
3865,492.0
3866,492.0
3867,492.0
3868,492.0
3869,492.0
3870,492.0
3871,492.0
3872,492.0
3873,494.0
3874,494.0
3875,494.0
3876,494.0
3877,494.0
3878,494.0
3879,494.0
3880,494.0
3881,494.0
3882,494.0
3883,494.0
3884,494.0
3885,494.0
3886,494.0
3887,494.0
3888,494.0
3889,496.0
3890,496.0
3891,496.0
3892,496.0
3893,496.0
3894,496.0
3895,496.0
3896,496.0
3897,496.0
3898,496.0
3899,496.0
3900,496.0
3901,496.0
3902,496.0
3903,496.0
3904,496.0
3905,498.0
3906,498.0
3907,498.0
3908,498.0
3909,498.0
3910,498.0
3911,498.0
3912,498.0
3913,498.0
3914,498.0
3915,498.0
3916,498.0
3917,498.0
3918,498.0
3919,498.0
3920,498.0
3921,500.0
3922,500.0
3923,500.0
3924,500.0
3925,500.0
3926,500.0
3927,500.0
3928,500.0
3929,500.0
3930,500.0
3931,500.0
3932,500.0
3933,500.0
3934,500.0
3935,500.0
3936,500.0
3937,502.0
3938,502.0
3939,502.0
3940,502.0
3941,502.0
3942,502.0
3943,502.0
3944,502.0
3945,502.0
3946,502.0
3947,502.0
3948,502.0
3949,502.0
3950,502.0
3951,502.0
3952,502.0
3953,504.0
3954,504.0
3955,504.0
3956,504.0
3957,504.0
3958,504.0
3959,504.0
3960,504.0
3961,504.0
3962,504.0
3963,504.0
3964,504.0
3965,504.0
3966,504.0
3967,504.0
3968,504.0
3969,506.0
3970,506.0
3971,506.0
3972,506.0
3973,506.0
3974,506.0
3975,506.0
3976,506.0
3977,506.0
3978,506.0
3979,506.0
3980,506.0
3981,506.0
3982,506.0
3983,506.0
3984,506.0
3985,508.0
3986,508.0
3987,508.0
3988,508.0
3989,508.0
3990,508.0
3991,508.0
3992,508.0
3993,508.0
3994,508.0
3995,508.0
3996,508.0
3997,508.0
3998,508.0
3999,508.0
4000,508.0
4001,510.0
4002,510.0
4003,510.0
4004,510.0
4005,510.0
4006,510.0
4007,510.0
4008,510.0
4009,510.0
4010,510.0
4011,510.0
4012,510.0
4013,510.0
4014,510.0
4015,510.0
4016,510.0
4017,512.0
4018,512.0
4019,512.0
4020,512.0
4021,512.0
4022,512.0
4023,512.0
4024,512.0
4025,512.0
4026,512.0
4027,512.0
4028,512.0
4029,512.0
4030,512.0
4031,512.0
4032,512.0
4033,514.0
4034,514.0
4035,514.0
4036,514.0
4037,514.0
4038,514.0
4039,514.0
4040,514.0
4041,514.0
4042,514.0
4043,514.0
4044,514.0
4045,514.0
4046,514.0
4047,514.0
4048,514.0
4049,516.0
4050,516.0
4051,516.0
4052,516.0
4053,516.0
4054,516.0
4055,516.0
4056,516.0
4057,516.0
4058,516.0
4059,516.0
4060,516.0
4061,516.0
4062,516.0
4063,516.0
4064,516.0
4065,518.0
4066,518.0
4067,518.0
4068,518.0
4069,518.0
4070,518.0
4071,518.0
4072,518.0
4073,518.0
4074,518.0
4075,518.0
4076,518.0
4077,518.0
4078,518.0
4079,518.0
4080,518.0
4081,520.0
4082,520.0
4083,520.0
4084,520.0
4085,520.0
4086,520.0
4087,520.0
4088,520.0
4089,520.0
4090,520.0
4091,520.0
4092,520.0
4093,520.0
4094,520.0
4095,520.0
4096,520.0
4097,522.0
4098,522.0
4099,522.0
4100,522.0
4101,522.0
4102,522.0
4103,522.0
4104,522.0
4105,522.0
4106,522.0
4107,522.0
4108,522.0
4109,522.0
4110,522.0
4111,522.0
4112,522.0
4113,524.0
4114,524.0
4115,524.0
4116,524.0
4117,524.0
4118,524.0
4119,524.0
4120,524.0
4121,524.0
4122,524.0
4123,524.0
4124,524.0
4125,524.0
4126,524.0
4127,524.0
4128,524.0
4129,526.0
4130,526.0
4131,526.0
4132,526.0
4133,526.0
4134,526.0
4135,526.0
4136,526.0
4137,526.0
4138,526.0
4139,526.0
4140,526.0
4141,526.0
4142,526.0
4143,526.0
4144,526.0
4145,528.0
4146,528.0
4147,528.0
4148,528.0
4149,528.0
4150,528.0
4151,528.0
4152,528.0
4153,528.0
4154,528.0
4155,528.0
4156,528.0
4157,528.0
4158,528.0
4159,528.0
4160,528.0
4161,530.0
4162,530.0
4163,530.0
4164,530.0
4165,530.0
4166,530.0
4167,530.0
4168,530.0
4169,530.0
4170,530.0
4171,530.0
4172,530.0
4173,530.0
4174,530.0
4175,530.0
4176,530.0
4177,532.0
4178,532.0
4179,532.0
4180,532.0
4181,532.0
4182,532.0
4183,532.0
4184,532.0
4185,532.0
4186,532.0
4187,532.0
4188,532.0
4189,532.0
4190,532.0
4191,532.0
4192,532.0
4193,534.0
4194,534.0
4195,534.0
4196,534.0
4197,534.0
4198,534.0
4199,534.0
4200,534.0
4201,534.0
4202,534.0
4203,534.0
4204,534.0
4205,534.0
4206,534.0
4207,534.0
4208,534.0
4209,536.0
4210,536.0
4211,536.0
4212,536.0
4213,536.0
4214,536.0
4215,536.0
4216,536.0
4217,536.0
4218,536.0
4219,536.0
4220,536.0
4221,536.0
4222,536.0
4223,536.0
4224,536.0
4225,538.0
4226,538.0
4227,538.0
4228,538.0
4229,538.0
4230,538.0
4231,538.0
4232,538.0
4233,538.0
4234,538.0
4235,538.0
4236,538.0
4237,538.0
4238,538.0
4239,538.0
4240,538.0
4241,540.0
4242,540.0
4243,540.0
4244,540.0
4245,540.0
4246,540.0
4247,540.0
4248,540.0
4249,540.0
4250,540.0
4251,540.0
4252,540.0
4253,540.0
4254,540.0
4255,540.0
4256,540.0
4257,542.0
4258,542.0
4259,542.0
4260,542.0
4261,542.0
4262,542.0
4263,542.0
4264,542.0
4265,542.0
4266,542.0
4267,542.0
4268,542.0
4269,542.0
4270,542.0
4271,542.0
4272,542.0
4273,544.0
4274,544.0
4275,544.0
4276,544.0
4277,544.0
4278,544.0
4279,544.0
4280,544.0
4281,544.0
4282,544.0
4283,544.0
4284,544.0
4285,544.0
4286,544.0
4287,544.0
4288,544.0
4289,546.0
4290,546.0
4291,546.0
4292,546.0
4293,546.0
4294,546.0
4295,546.0
4296,546.0
4297,546.0
4298,546.0
4299,546.0
4300,546.0
4301,546.0
4302,546.0
4303,546.0
4304,546.0
4305,548.0
4306,548.0
4307,548.0
4308,548.0
4309,548.0
4310,548.0
4311,548.0
4312,548.0
4313,548.0
4314,548.0
4315,548.0
4316,548.0
4317,548.0
4318,548.0
4319,548.0
4320,548.0
4321,550.0
4322,550.0
4323,550.0
4324,550.0
4325,550.0
4326,550.0
4327,550.0
4328,550.0
4329,550.0
4330,550.0
4331,550.0
4332,550.0
4333,550.0
4334,550.0
4335,550.0
4336,550.0
4337,552.0
4338,552.0
4339,552.0
4340,552.0
4341,552.0
4342,552.0
4343,552.0
4344,552.0
4345,552.0
4346,552.0
4347,552.0
4348,552.0
4349,552.0
4350,552.0
4351,552.0
4352,552.0
4353,554.0
4354,554.0
4355,554.0
4356,554.0
4357,554.0
4358,554.0
4359,554.0
4360,554.0
4361,554.0
4362,554.0
4363,554.0
4364,554.0
4365,554.0
4366,554.0
4367,554.0
4368,554.0
4369,556.0
4370,556.0
4371,556.0
4372,556.0
4373,556.0
4374,556.0
4375,556.0
4376,556.0
4377,556.0
4378,556.0
4379,556.0
4380,556.0
4381,556.0
4382,556.0
4383,556.0
4384,556.0
4385,558.0
4386,558.0
4387,558.0
4388,558.0
4389,558.0
4390,558.0
4391,558.0
4392,558.0
4393,558.0
4394,558.0
4395,558.0
4396,558.0
4397,558.0
4398,558.0
4399,558.0
4400,558.0
4401,560.0
4402,560.0
4403,560.0
4404,560.0
4405,560.0
4406,560.0
4407,560.0
4408,560.0
4409,560.0
4410,560.0
4411,560.0
4412,560.0
4413,560.0
4414,560.0
4415,560.0
4416,560.0
4417,562.0
4418,562.0
4419,562.0
4420,562.0
4421,562.0
4422,562.0
4423,562.0
4424,562.0
4425,562.0
4426,562.0
4427,562.0
4428,562.0
4429,562.0
4430,562.0
4431,562.0
4432,562.0
4433,564.0
4434,564.0
4435,564.0
4436,564.0
4437,564.0
4438,564.0
4439,564.0
4440,564.0
4441,564.0
4442,564.0
4443,564.0
4444,564.0
4445,564.0
4446,564.0
4447,564.0
4448,564.0
4449,566.0
4450,566.0
4451,566.0
4452,566.0
4453,566.0
4454,566.0
4455,566.0
4456,566.0
4457,566.0
4458,566.0
4459,566.0
4460,566.0
4461,566.0
4462,566.0
4463,566.0
4464,566.0
4465,568.0
4466,568.0
4467,568.0
4468,568.0
4469,568.0
4470,568.0
4471,568.0
4472,568.0
4473,568.0
4474,568.0
4475,568.0
4476,568.0
4477,568.0
4478,568.0
4479,568.0
4480,568.0
4481,570.0
4482,570.0
4483,570.0
4484,570.0
4485,570.0
4486,570.0
4487,570.0
4488,570.0
4489,570.0
4490,570.0
4491,570.0
4492,570.0
4493,570.0
4494,570.0
4495,570.0
4496,570.0
4497,572.0
4498,572.0
4499,572.0
4500,572.0
4501,572.0
4502,572.0
4503,572.0
4504,572.0
4505,572.0
4506,572.0
4507,572.0
4508,572.0
4509,572.0
4510,572.0
4511,572.0
4512,572.0
4513,574.0
4514,574.0
4515,574.0
4516,574.0
4517,574.0
4518,574.0
4519,574.0
4520,574.0
4521,574.0
4522,574.0
4523,574.0
4524,574.0
4525,574.0
4526,574.0
4527,574.0
4528,574.0
4529,576.0
4530,576.0
4531,576.0
4532,576.0
4533,576.0
4534,576.0
4535,576.0
4536,576.0
4537,576.0
4538,576.0
4539,576.0
4540,576.0
4541,576.0
4542,576.0
4543,576.0
4544,576.0
4545,578.0
4546,578.0
4547,578.0
4548,578.0
4549,578.0
4550,578.0
4551,578.0
4552,578.0
4553,578.0
4554,578.0
4555,578.0
4556,578.0
4557,578.0
4558,578.0
4559,578.0
4560,578.0
4561,580.0
4562,580.0
4563,580.0
4564,580.0
4565,580.0
4566,580.0
4567,580.0
4568,580.0
4569,580.0
4570,580.0
4571,580.0
4572,580.0
4573,580.0
4574,580.0
4575,580.0
4576,580.0
4577,582.0
4578,582.0
4579,582.0
4580,582.0
4581,582.0
4582,582.0
4583,582.0
4584,582.0
4585,582.0
4586,582.0
4587,582.0
4588,582.0
4589,582.0
4590,582.0
4591,582.0
4592,582.0
4593,584.0
4594,584.0
4595,584.0
4596,584.0
4597,584.0
4598,584.0
4599,584.0
4600,584.0
4601,584.0
4602,584.0
4603,584.0
4604,584.0
4605,584.0
4606,584.0
4607,584.0
4608,584.0
4609,586.0
4610,586.0
4611,586.0
4612,586.0
4613,586.0
4614,586.0
4615,586.0
4616,586.0
4617,586.0
4618,586.0
4619,586.0
4620,586.0
4621,586.0
4622,586.0
4623,586.0
4624,586.0
4625,588.0
4626,588.0
4627,588.0
4628,588.0
4629,588.0
4630,588.0
4631,588.0
4632,588.0
4633,588.0
4634,588.0
4635,588.0
4636,588.0
4637,588.0
4638,588.0
4639,588.0
4640,588.0
4641,590.0
4642,590.0
4643,590.0
4644,590.0
4645,590.0
4646,590.0
4647,590.0
4648,590.0
4649,590.0
4650,590.0
4651,590.0
4652,590.0
4653,590.0
4654,590.0
4655,590.0
4656,590.0
4657,592.0
4658,592.0
4659,592.0
4660,592.0
4661,592.0
4662,592.0
4663,592.0
4664,592.0
4665,592.0
4666,592.0
4667,592.0
4668,592.0
4669,592.0
4670,592.0
4671,592.0
4672,592.0
4673,594.0
4674,594.0
4675,594.0
4676,594.0
4677,594.0
4678,594.0
4679,594.0
4680,594.0
4681,594.0
4682,594.0
4683,594.0
4684,594.0
4685,594.0
4686,594.0
4687,594.0
4688,594.0
4689,596.0
4690,596.0
4691,596.0
4692,596.0
4693,596.0
4694,596.0
4695,596.0
4696,596.0
4697,596.0
4698,596.0
4699,596.0
4700,596.0
4701,596.0
4702,596.0
4703,596.0
4704,596.0
4705,598.0
4706,598.0
4707,598.0
4708,598.0
4709,598.0
4710,598.0
4711,598.0
4712,598.0
4713,598.0
4714,598.0
4715,598.0
4716,598.0
4717,598.0
4718,598.0
4719,598.0
4720,598.0
4721,600.0
4722,600.0
4723,600.0
4724,600.0
4725,600.0
4726,600.0
4727,600.0
4728,600.0
4729,600.0
4730,600.0
4731,600.0
4732,600.0
4733,600.0
4734,600.0
4735,600.0
4736,600.0
4737,602.0
4738,602.0
4739,602.0
4740,602.0
4741,602.0
4742,602.0
4743,602.0
4744,602.0
4745,602.0
4746,602.0
4747,602.0
4748,602.0
4749,602.0
4750,602.0
4751,602.0
4752,602.0
4753,604.0
4754,604.0
4755,604.0
4756,604.0
4757,604.0
4758,604.0
4759,604.0
4760,604.0
4761,604.0
4762,604.0
4763,604.0
4764,604.0
4765,604.0
4766,604.0
4767,604.0
4768,604.0
4769,606.0
4770,606.0
4771,606.0
4772,606.0
4773,606.0
4774,606.0
4775,606.0
4776,606.0
4777,606.0
4778,606.0
4779,606.0
4780,606.0
4781,606.0
4782,606.0
4783,606.0
4784,606.0
4785,608.0
4786,608.0
4787,608.0
4788,608.0
4789,608.0
4790,608.0
4791,608.0
4792,608.0
4793,608.0
4794,608.0
4795,608.0
4796,608.0
4797,608.0
4798,608.0
4799,608.0
4800,608.0
4801,610.0
4802,610.0
4803,610.0
4804,610.0
4805,610.0
4806,610.0
4807,610.0
4808,610.0
4809,610.0
4810,610.0
4811,610.0
4812,610.0
4813,610.0
4814,610.0
4815,610.0
4816,610.0
4817,612.0
4818,612.0
4819,612.0
4820,612.0
4821,612.0
4822,612.0
4823,612.0
4824,612.0
4825,612.0
4826,612.0
4827,612.0
4828,612.0
4829,612.0
4830,612.0
4831,612.0
4832,612.0
4833,614.0
4834,614.0
4835,614.0
4836,614.0
4837,614.0
4838,614.0
4839,614.0
4840,614.0
4841,614.0
4842,614.0
4843,614.0
4844,614.0
4845,614.0
4846,614.0
4847,614.0
4848,614.0
4849,616.0
4850,616.0
4851,616.0
4852,616.0
4853,616.0
4854,616.0
4855,616.0
4856,616.0
4857,616.0
4858,616.0
4859,616.0
4860,616.0
4861,616.0
4862,616.0
4863,616.0
4864,616.0
4865,618.0
4866,618.0
4867,618.0
4868,618.0
4869,618.0
4870,618.0
4871,618.0
4872,618.0
4873,618.0
4874,618.0
4875,618.0
4876,618.0
4877,618.0
4878,618.0
4879,618.0
4880,618.0
4881,620.0
4882,620.0
4883,620.0
4884,620.0
4885,620.0
4886,620.0
4887,620.0
4888,620.0
4889,620.0
4890,620.0
4891,620.0
4892,620.0
4893,620.0
4894,620.0
4895,620.0
4896,620.0
4897,622.0
4898,622.0
4899,622.0
4900,622.0
4901,622.0
4902,622.0
4903,622.0
4904,622.0
4905,622.0
4906,622.0
4907,622.0
4908,622.0
4909,622.0
4910,622.0
4911,622.0
4912,622.0
4913,624.0
4914,624.0
4915,624.0
4916,624.0
4917,624.0
4918,624.0
4919,624.0
4920,624.0
4921,624.0
4922,624.0
4923,624.0
4924,624.0
4925,624.0
4926,624.0
4927,624.0
4928,624.0
4929,626.0
4930,626.0
4931,626.0
4932,626.0
4933,626.0
4934,626.0
4935,626.0
4936,626.0
4937,626.0
4938,626.0
4939,626.0
4940,626.0
4941,626.0
4942,626.0
4943,626.0
4944,626.0
4945,628.0
4946,628.0
4947,628.0
4948,628.0
4949,628.0
4950,628.0
4951,628.0
4952,628.0
4953,628.0
4954,628.0
4955,628.0
4956,628.0
4957,628.0
4958,628.0
4959,628.0
4960,628.0
4961,630.0
4962,630.0
4963,630.0
4964,630.0
4965,630.0
4966,630.0
4967,630.0
4968,630.0
4969,630.0
4970,630.0
4971,630.0
4972,630.0
4973,630.0
4974,630.0
4975,630.0
4976,630.0
4977,632.0
4978,632.0
4979,632.0
4980,632.0
4981,632.0
4982,632.0
4983,632.0
4984,632.0
4985,632.0
4986,632.0
4987,632.0
4988,632.0
4989,632.0
4990,632.0
4991,632.0
4992,632.0
4993,634.0
4994,634.0
4995,634.0
4996,634.0
4997,634.0
4998,634.0
4999,634.0
5000,634.0
5001,634.0
5002,634.0
5003,634.0
5004,634.0
5005,634.0
5006,634.0
5007,634.0
5008,634.0
5009,636.0
5010,636.0
5011,636.0
5012,636.0
5013,636.0
5014,636.0
5015,636.0
5016,636.0
5017,636.0
5018,636.0
5019,636.0
5020,636.0
5021,636.0
5022,636.0
5023,636.0
5024,636.0
5025,638.0
5026,638.0
5027,638.0
5028,638.0
5029,638.0
5030,638.0
5031,638.0
5032,638.0
5033,638.0
5034,638.0
5035,638.0
5036,638.0
5037,638.0
5038,638.0
5039,638.0
5040,638.0
5041,640.0
5042,640.0
5043,640.0
5044,640.0
5045,640.0
5046,640.0
5047,640.0
5048,640.0
5049,640.0
5050,640.0
5051,640.0
5052,640.0
5053,640.0
5054,640.0
5055,640.0
5056,640.0
5057,642.0
5058,642.0
5059,642.0
5060,642.0
5061,642.0
5062,642.0
5063,642.0
5064,642.0
5065,642.0
5066,642.0
5067,642.0
5068,642.0
5069,642.0
5070,642.0
5071,642.0
5072,642.0
5073,644.0
5074,644.0
5075,644.0
5076,644.0
5077,644.0
5078,644.0
5079,644.0
5080,644.0
5081,644.0
5082,644.0
5083,644.0
5084,644.0
5085,644.0
5086,644.0
5087,644.0
5088,644.0
5089,646.0
5090,646.0
5091,646.0
5092,646.0
5093,646.0
5094,646.0
5095,646.0
5096,646.0
5097,646.0
5098,646.0
5099,646.0
5100,646.0
5101,646.0
5102,646.0
5103,646.0
5104,646.0
5105,648.0
5106,648.0
5107,648.0
5108,648.0
5109,648.0
5110,648.0
5111,648.0
5112,648.0
5113,648.0
5114,648.0
5115,648.0
5116,648.0
5117,648.0
5118,648.0
5119,648.0
5120,648.0
5121,650.0
5122,650.0
5123,650.0
5124,650.0
5125,650.0
5126,650.0
5127,650.0
5128,650.0
5129,650.0
5130,650.0
5131,650.0
5132,650.0
5133,650.0
5134,650.0
5135,650.0
5136,650.0
5137,652.0
5138,652.0
5139,652.0
5140,652.0
5141,652.0
5142,652.0
5143,652.0
5144,652.0
5145,652.0
5146,652.0
5147,652.0
5148,652.0
5149,652.0
5150,652.0
5151,652.0
5152,652.0
5153,654.0
5154,654.0
5155,654.0
5156,654.0
5157,654.0
5158,654.0
5159,654.0
5160,654.0
5161,654.0
5162,654.0
5163,654.0
5164,654.0
5165,654.0
5166,654.0
5167,654.0
5168,654.0
5169,656.0
5170,656.0
5171,656.0
5172,656.0
5173,656.0
5174,656.0
5175,656.0
5176,656.0
5177,656.0
5178,656.0
5179,656.0
5180,656.0
5181,656.0
5182,656.0
5183,656.0
5184,656.0
5185,658.0
5186,658.0
5187,658.0
5188,658.0
5189,658.0
5190,658.0
5191,658.0
5192,658.0
5193,658.0
5194,658.0
5195,658.0
5196,658.0
5197,658.0
5198,658.0
5199,658.0
5200,658.0
5201,660.0
5202,660.0
5203,660.0
5204,660.0
5205,660.0
5206,660.0
5207,660.0
5208,660.0
5209,660.0
5210,660.0
5211,660.0
5212,660.0
5213,660.0
5214,660.0
5215,660.0
5216,660.0
5217,662.0
5218,662.0
5219,662.0
5220,662.0
5221,662.0
5222,662.0
5223,662.0
5224,662.0
5225,662.0
5226,662.0
5227,662.0
5228,662.0
5229,662.0
5230,662.0
5231,662.0
5232,662.0
5233,664.0
5234,664.0
5235,664.0
5236,664.0
5237,664.0
5238,664.0
5239,664.0
5240,664.0
5241,664.0
5242,664.0
5243,664.0
5244,664.0
5245,664.0
5246,664.0
5247,664.0
5248,664.0
5249,666.0
5250,666.0
5251,666.0
5252,666.0
5253,666.0
5254,666.0
5255,666.0
5256,666.0
5257,666.0
5258,666.0
5259,666.0
5260,666.0
5261,666.0
5262,666.0
5263,666.0
5264,666.0
5265,668.0
5266,668.0
5267,668.0
5268,668.0
5269,668.0
5270,668.0
5271,668.0
5272,668.0
5273,668.0
5274,668.0
5275,668.0
5276,668.0
5277,668.0
5278,668.0
5279,668.0
5280,668.0
5281,670.0
5282,670.0
5283,670.0
5284,670.0
5285,670.0
5286,670.0
5287,670.0
5288,670.0
5289,670.0
5290,670.0
5291,670.0
5292,670.0
5293,670.0
5294,670.0
5295,670.0
5296,670.0
5297,672.0
5298,672.0
5299,672.0
5300,672.0
5301,672.0
5302,672.0
5303,672.0
5304,672.0
5305,672.0
5306,672.0
5307,672.0
5308,672.0
5309,672.0
5310,672.0
5311,672.0
5312,672.0
5313,674.0
5314,674.0
5315,674.0
5316,674.0
5317,674.0
5318,674.0
5319,674.0
5320,674.0
5321,674.0
5322,674.0
5323,674.0
5324,674.0
5325,674.0
5326,674.0
5327,674.0
5328,674.0
5329,676.0
5330,676.0
5331,676.0
5332,676.0
5333,676.0
5334,676.0
5335,676.0
5336,676.0
5337,676.0
5338,676.0
5339,676.0
5340,676.0
5341,676.0
5342,676.0
5343,676.0
5344,676.0
5345,678.0
5346,678.0
5347,678.0
5348,678.0
5349,678.0
5350,678.0
5351,678.0
5352,678.0
5353,678.0
5354,678.0
5355,678.0
5356,678.0
5357,678.0
5358,678.0
5359,678.0
5360,678.0
5361,680.0
5362,680.0
5363,680.0
5364,680.0
5365,680.0
5366,680.0
5367,680.0
5368,680.0
5369,680.0
5370,680.0
5371,680.0
5372,680.0
5373,680.0
5374,680.0
5375,680.0
5376,680.0
5377,682.0
5378,682.0
5379,682.0
5380,682.0
5381,682.0
5382,682.0
5383,682.0
5384,682.0
5385,682.0
5386,682.0
5387,682.0
5388,682.0
5389,682.0
5390,682.0
5391,682.0
5392,682.0
5393,684.0
5394,684.0
5395,684.0
5396,684.0
5397,684.0
5398,684.0
5399,684.0
5400,684.0
5401,0.0
